# VP Emvepro - modelo 3D a escala real, en metros
# MundoXpress - Manuel Toro - 0412 313 0243
# Area util 116.07 m2 · altura libre 2.70 m · 21 personas
# Ejes: X este, Y arriba, Z sur. Origen en la esquina noroeste del local.
# Piso: laminado click, tablilla de 0.19 m. Mobiliario: roble miel.
v 0.0000 0.0000 -0.0800
v 3.3200 0.0000 -0.0800
v 3.3200 0.0000 0.0800
v 0.0000 0.0000 0.0800
v 0.0000 2.7000 -0.0800
v 3.3200 2.7000 -0.0800
v 3.3200 2.7000 0.0800
v 0.0000 2.7000 0.0800
v 3.3200 0.0000 -0.0800
v 12.3500 0.0000 -0.0800
v 12.3500 0.0000 0.0800
v 3.3200 0.0000 0.0800
v 3.3200 0.9500 -0.0800
v 12.3500 0.9500 -0.0800
v 12.3500 0.9500 0.0800
v 3.3200 0.9500 0.0800
v 3.3200 2.3500 -0.0800
v 12.3500 2.3500 -0.0800
v 12.3500 2.3500 0.0800
v 3.3200 2.3500 0.0800
v 3.3200 2.7000 -0.0800
v 12.3500 2.7000 -0.0800
v 12.3500 2.7000 0.0800
v 3.3200 2.7000 0.0800
v 3.2800 0.9500 -0.0650
v 3.3600 0.9500 -0.0650
v 3.3600 0.9500 0.0650
v 3.2800 0.9500 0.0650
v 3.2800 2.3500 -0.0650
v 3.3600 2.3500 -0.0650
v 3.3600 2.3500 0.0650
v 3.2800 2.3500 0.0650
v 4.4800 0.9500 -0.0650
v 4.5600 0.9500 -0.0650
v 4.5600 0.9500 0.0650
v 4.4800 0.9500 0.0650
v 4.4800 2.3500 -0.0650
v 4.5600 2.3500 -0.0650
v 4.5600 2.3500 0.0650
v 4.4800 2.3500 0.0650
v 5.6800 0.9500 -0.0650
v 5.7600 0.9500 -0.0650
v 5.7600 0.9500 0.0650
v 5.6800 0.9500 0.0650
v 5.6800 2.3500 -0.0650
v 5.7600 2.3500 -0.0650
v 5.7600 2.3500 0.0650
v 5.6800 2.3500 0.0650
v 6.8800 0.9500 -0.0650
v 6.9600 0.9500 -0.0650
v 6.9600 0.9500 0.0650
v 6.8800 0.9500 0.0650
v 6.8800 2.3500 -0.0650
v 6.9600 2.3500 -0.0650
v 6.9600 2.3500 0.0650
v 6.8800 2.3500 0.0650
v 8.0800 0.9500 -0.0650
v 8.1600 0.9500 -0.0650
v 8.1600 0.9500 0.0650
v 8.0800 0.9500 0.0650
v 8.0800 2.3500 -0.0650
v 8.1600 2.3500 -0.0650
v 8.1600 2.3500 0.0650
v 8.0800 2.3500 0.0650
v 9.2800 0.9500 -0.0650
v 9.3600 0.9500 -0.0650
v 9.3600 0.9500 0.0650
v 9.2800 0.9500 0.0650
v 9.2800 2.3500 -0.0650
v 9.3600 2.3500 -0.0650
v 9.3600 2.3500 0.0650
v 9.2800 2.3500 0.0650
v 10.4800 0.9500 -0.0650
v 10.5600 0.9500 -0.0650
v 10.5600 0.9500 0.0650
v 10.4800 0.9500 0.0650
v 10.4800 2.3500 -0.0650
v 10.5600 2.3500 -0.0650
v 10.5600 2.3500 0.0650
v 10.4800 2.3500 0.0650
v 11.6800 0.9500 -0.0650
v 11.7600 0.9500 -0.0650
v 11.7600 0.9500 0.0650
v 11.6800 0.9500 0.0650
v 11.6800 2.3500 -0.0650
v 11.7600 2.3500 -0.0650
v 11.7600 2.3500 0.0650
v 11.6800 2.3500 0.0650
v 3.3200 0.9500 -0.0200
v 12.3500 0.9500 -0.0200
v 12.3500 0.9500 0.0200
v 3.3200 0.9500 0.0200
v 3.3200 2.3500 -0.0200
v 12.3500 2.3500 -0.0200
v 12.3500 2.3500 0.0200
v 3.3200 2.3500 0.0200
v 12.4300 0.0000 -0.0000
v 12.4300 0.0000 1.6000
v 12.2700 0.0000 1.6000
v 12.2700 0.0000 0.0000
v 12.4300 2.7000 -0.0000
v 12.4300 2.7000 1.6000
v 12.2700 2.7000 1.6000
v 12.2700 2.7000 0.0000
v 12.3500 0.0000 1.5200
v 14.5600 0.0000 1.5200
v 14.5600 0.0000 1.6800
v 12.3500 0.0000 1.6800
v 12.3500 2.7000 1.5200
v 14.5600 2.7000 1.5200
v 14.5600 2.7000 1.6800
v 12.3500 2.7000 1.6800
v 14.6400 0.0000 1.6000
v 14.6400 0.0000 9.4100
v 14.4800 0.0000 9.4100
v 14.4800 0.0000 1.6000
v 14.6400 2.7000 1.6000
v 14.6400 2.7000 9.4100
v 14.4800 2.7000 9.4100
v 14.4800 2.7000 1.6000
v 14.5600 0.0000 9.4900
v 11.5100 0.0000 9.4900
v 11.5100 0.0000 9.3300
v 14.5600 0.0000 9.3300
v 14.5600 2.7000 9.4900
v 11.5100 2.7000 9.4900
v 11.5100 2.7000 9.3300
v 14.5600 2.7000 9.3300
v 11.4300 0.0000 9.4100
v 11.4300 0.0000 8.8700
v 11.5900 0.0000 8.8700
v 11.5900 0.0000 9.4100
v 11.4300 2.7000 9.4100
v 11.4300 2.7000 8.8700
v 11.5900 2.7000 8.8700
v 11.5900 2.7000 9.4100
v 11.5100 0.0000 8.9500
v 8.1400 0.0000 8.9500
v 8.1400 0.0000 8.7900
v 11.5100 0.0000 8.7900
v 11.5100 2.7000 8.9500
v 8.1400 2.7000 8.9500
v 8.1400 2.7000 8.7900
v 11.5100 2.7000 8.7900
v 8.0600 0.0000 8.8700
v 8.0600 0.0000 8.2400
v 8.2200 0.0000 8.2400
v 8.2200 0.0000 8.8700
v 8.0600 2.7000 8.8700
v 8.0600 2.7000 8.2400
v 8.2200 2.7000 8.2400
v 8.2200 2.7000 8.8700
v 8.1400 0.0000 8.3200
v 3.2200 0.0000 8.3200
v 3.2200 0.0000 8.1600
v 8.1400 0.0000 8.1600
v 8.1400 2.7000 8.3200
v 3.2200 2.7000 8.3200
v 3.2200 2.7000 8.1600
v 8.1400 2.7000 8.1600
v 3.1400 0.0000 8.2400
v 3.1400 0.0000 7.0800
v 3.3000 0.0000 7.0800
v 3.3000 0.0000 8.2400
v 3.1400 2.7000 8.2400
v 3.1400 2.7000 7.0800
v 3.3000 2.7000 7.0800
v 3.3000 2.7000 8.2400
v 3.2200 0.0000 7.1600
v 0.0000 0.0000 7.1600
v -0.0000 0.0000 7.0000
v 3.2200 0.0000 7.0000
v 3.2200 2.7000 7.1600
v 0.0000 2.7000 7.1600
v -0.0000 2.7000 7.0000
v 3.2200 2.7000 7.0000
v -0.0800 0.0000 7.0800
v -0.0800 0.0000 -0.0000
v 0.0800 0.0000 0.0000
v 0.0800 0.0000 7.0800
v -0.0800 2.7000 7.0800
v -0.0800 2.7000 -0.0000
v 0.0800 2.7000 0.0000
v 0.0800 2.7000 7.0800
v 2.6000 0.0000 0.8500
v 4.0500 0.0000 0.8500
v 4.0500 0.0000 2.4500
v 2.6000 0.0000 2.4500
v 2.6000 2.7000 0.8500
v 4.0500 2.7000 0.8500
v 4.0500 2.7000 2.4500
v 2.6000 2.7000 2.4500
v 0.0000 0.0000 0.0000
v 12.3500 0.0000 0.0000
v 12.3500 0.0000 0.0180
v 0.0000 0.0000 0.0180
v 0.0000 0.0850 0.0000
v 12.3500 0.0850 0.0000
v 12.3500 0.0850 0.0180
v 0.0000 0.0850 0.0180
v 12.3500 0.0000 0.0000
v 12.3500 0.0000 1.6000
v 12.3320 0.0000 1.6000
v 12.3320 0.0000 0.0000
v 12.3500 0.0850 0.0000
v 12.3500 0.0850 1.6000
v 12.3320 0.0850 1.6000
v 12.3320 0.0850 0.0000
v 12.3500 0.0000 1.6000
v 14.5600 0.0000 1.6000
v 14.5600 0.0000 1.6180
v 12.3500 0.0000 1.6180
v 12.3500 0.0850 1.6000
v 14.5600 0.0850 1.6000
v 14.5600 0.0850 1.6180
v 12.3500 0.0850 1.6180
v 14.5600 0.0000 1.6000
v 14.5600 0.0000 9.4100
v 14.5420 0.0000 9.4100
v 14.5420 0.0000 1.6000
v 14.5600 0.0850 1.6000
v 14.5600 0.0850 9.4100
v 14.5420 0.0850 9.4100
v 14.5420 0.0850 1.6000
v 14.5600 0.0000 9.4100
v 11.5100 0.0000 9.4100
v 11.5100 0.0000 9.3920
v 14.5600 0.0000 9.3920
v 14.5600 0.0850 9.4100
v 11.5100 0.0850 9.4100
v 11.5100 0.0850 9.3920
v 14.5600 0.0850 9.3920
v 11.5100 0.0000 9.4100
v 11.5100 0.0000 8.8700
v 11.5280 0.0000 8.8700
v 11.5280 0.0000 9.4100
v 11.5100 0.0850 9.4100
v 11.5100 0.0850 8.8700
v 11.5280 0.0850 8.8700
v 11.5280 0.0850 9.4100
v 11.5100 0.0000 8.8700
v 8.1400 0.0000 8.8700
v 8.1400 0.0000 8.8520
v 11.5100 0.0000 8.8520
v 11.5100 0.0850 8.8700
v 8.1400 0.0850 8.8700
v 8.1400 0.0850 8.8520
v 11.5100 0.0850 8.8520
v 8.1400 0.0000 8.8700
v 8.1400 0.0000 8.2400
v 8.1580 0.0000 8.2400
v 8.1580 0.0000 8.8700
v 8.1400 0.0850 8.8700
v 8.1400 0.0850 8.2400
v 8.1580 0.0850 8.2400
v 8.1580 0.0850 8.8700
v 8.1400 0.0000 8.2400
v 3.2200 0.0000 8.2400
v 3.2200 0.0000 8.2220
v 8.1400 0.0000 8.2220
v 8.1400 0.0850 8.2400
v 3.2200 0.0850 8.2400
v 3.2200 0.0850 8.2220
v 8.1400 0.0850 8.2220
v 3.2200 0.0000 8.2400
v 3.2200 0.0000 7.0800
v 3.2380 0.0000 7.0800
v 3.2380 0.0000 8.2400
v 3.2200 0.0850 8.2400
v 3.2200 0.0850 7.0800
v 3.2380 0.0850 7.0800
v 3.2380 0.0850 8.2400
v 3.2200 0.0000 7.0800
v 0.0000 0.0000 7.0800
v 0.0000 0.0000 7.0620
v 3.2200 0.0000 7.0620
v 3.2200 0.0850 7.0800
v 0.0000 0.0850 7.0800
v 0.0000 0.0850 7.0620
v 3.2200 0.0850 7.0620
v 0.0000 0.0000 7.0800
v 0.0000 0.0000 0.0000
v 0.0180 0.0000 0.0000
v 0.0180 0.0000 7.0800
v 0.0000 0.0850 7.0800
v 0.0000 0.0850 0.0000
v 0.0180 0.0850 0.0000
v 0.0180 0.0850 7.0800
v 2.6000 0.0000 0.8500
v 4.0500 0.0000 0.8500
v 4.0500 0.0000 0.8320
v 2.6000 0.0000 0.8320
v 2.6000 0.0850 0.8500
v 4.0500 0.0850 0.8500
v 4.0500 0.0850 0.8320
v 2.6000 0.0850 0.8320
v 4.0500 0.0000 0.8500
v 4.0500 0.0000 2.4500
v 4.0680 0.0000 2.4500
v 4.0680 0.0000 0.8500
v 4.0500 0.0850 0.8500
v 4.0500 0.0850 2.4500
v 4.0680 0.0850 2.4500
v 4.0680 0.0850 0.8500
v 4.0500 0.0000 2.4500
v 2.6000 0.0000 2.4500
v 2.6000 0.0000 2.4680
v 4.0500 0.0000 2.4680
v 4.0500 0.0850 2.4500
v 2.6000 0.0850 2.4500
v 2.6000 0.0850 2.4680
v 4.0500 0.0850 2.4680
v 2.6000 0.0000 2.4500
v 2.6000 0.0000 0.8500
v 2.5820 0.0000 0.8500
v 2.5820 0.0000 2.4500
v 2.6000 0.0850 2.4500
v 2.6000 0.0850 0.8500
v 2.5820 0.0850 0.8500
v 2.5820 0.0850 2.4500
v 3.2400 0.0000 0.0000
v 3.4000 0.0000 0.0000
v 3.4000 0.0000 3.6000
v 3.2400 0.0000 3.6000
v 3.2400 2.7000 0.0000
v 3.4000 2.7000 0.0000
v 3.4000 2.7000 3.6000
v 3.2400 2.7000 3.6000
v 0.0000 0.0000 3.5200
v 0.2500 0.0000 3.5200
v 0.2500 0.0000 3.6800
v 0.0000 0.0000 3.6800
v 0.0000 2.7000 3.5200
v 0.2500 2.7000 3.5200
v 0.2500 2.7000 3.6800
v 0.0000 2.7000 3.6800
v 1.1500 0.0000 3.5200
v 3.3200 0.0000 3.5200
v 3.3200 0.0000 3.6800
v 1.1500 0.0000 3.6800
v 1.1500 2.7000 3.5200
v 3.3200 2.7000 3.5200
v 3.3200 2.7000 3.6800
v 1.1500 2.7000 3.6800
v 0.2500 2.1000 3.5200
v 1.1500 2.1000 3.5200
v 1.1500 2.1000 3.6800
v 0.2500 2.1000 3.6800
v 0.2500 2.7000 3.5200
v 1.1500 2.7000 3.5200
v 1.1500 2.7000 3.6800
v 0.2500 2.7000 3.6800
v 0.2500 0.0000 3.6300
v 1.1500 0.0000 3.6300
v 1.1500 0.0000 3.6800
v 0.2500 0.0000 3.6800
v 0.2500 2.0500 3.6300
v 1.1500 2.0500 3.6300
v 1.1500 2.0500 3.6800
v 0.2500 2.0500 3.6800
v 9.0600 0.0000 4.8850
v 14.5600 0.0000 4.8850
v 14.5600 0.0000 4.9150
v 9.0600 0.0000 4.9150
v 9.0600 2.7000 4.8850
v 14.5600 2.7000 4.8850
v 14.5600 2.7000 4.9150
v 9.0600 2.7000 4.9150
v 14.5450 0.0000 1.6000
v 14.5750 0.0000 1.6000
v 14.5750 0.0000 4.9000
v 14.5450 0.0000 4.9000
v 14.5450 2.7000 1.6000
v 14.5750 2.7000 1.6000
v 14.5750 2.7000 4.9000
v 14.5450 2.7000 4.9000
v 11.4950 0.0000 4.9000
v 11.5250 0.0000 4.9000
v 11.5250 0.0000 9.4100
v 11.4950 0.0000 9.4100
v 11.4950 2.7000 4.9000
v 11.5250 2.7000 4.9000
v 11.5250 2.7000 9.4100
v 11.4950 2.7000 9.4100
v 4.2500 0.7100 0.7800
v 7.4500 0.7100 0.7800
v 7.4500 0.7100 2.1800
v 4.2500 0.7100 2.1800
v 4.2500 0.7500 0.7800
v 7.4500 0.7500 0.7800
v 7.4500 0.7500 2.1800
v 4.2500 0.7500 2.1800
v 4.3150 0.0000 0.8450
v 4.3650 0.0000 0.8450
v 4.3650 0.0000 0.8950
v 4.3150 0.0000 0.8950
v 4.3150 0.7100 0.8450
v 4.3650 0.7100 0.8450
v 4.3650 0.7100 0.8950
v 4.3150 0.7100 0.8950
v 7.3350 0.0000 0.8450
v 7.3850 0.0000 0.8450
v 7.3850 0.0000 0.8950
v 7.3350 0.0000 0.8950
v 7.3350 0.7100 0.8450
v 7.3850 0.7100 0.8450
v 7.3850 0.7100 0.8950
v 7.3350 0.7100 0.8950
v 4.3150 0.0000 2.0650
v 4.3650 0.0000 2.0650
v 4.3650 0.0000 2.1150
v 4.3150 0.0000 2.1150
v 4.3150 0.7100 2.0650
v 4.3650 0.7100 2.0650
v 4.3650 0.7100 2.1150
v 4.3150 0.7100 2.1150
v 7.3350 0.0000 2.0650
v 7.3850 0.0000 2.0650
v 7.3850 0.0000 2.1150
v 7.3350 0.0000 2.1150
v 7.3350 0.7100 2.0650
v 7.3850 0.7100 2.0650
v 7.3850 0.7100 2.1150
v 7.3350 0.7100 2.1150
v 4.6220 0.0550 0.3520
v 4.6780 0.0550 0.3520
v 4.6780 0.0550 0.4080
v 4.6220 0.0550 0.4080
v 4.8680 0.0450 0.3580
v 4.9120 0.0450 0.3580
v 4.9120 0.0450 0.4020
v 4.8680 0.0450 0.4020
v 4.9220 0.0000 0.3800
v 4.9126 0.0000 0.4026
v 4.8900 0.0000 0.4120
v 4.8674 0.0000 0.4026
v 4.8580 0.0000 0.3800
v 4.8674 0.0000 0.3574
v 4.8900 0.0000 0.3480
v 4.9126 0.0000 0.3574
v 4.9220 0.0450 0.3800
v 4.9126 0.0450 0.4026
v 4.8900 0.0450 0.4120
v 4.8674 0.0450 0.4026
v 4.8580 0.0450 0.3800
v 4.8674 0.0450 0.3574
v 4.8900 0.0450 0.3480
v 4.9126 0.0450 0.3574
v 4.6220 0.0550 0.3520
v 4.6780 0.0550 0.3520
v 4.6780 0.0550 0.4080
v 4.6220 0.0550 0.4080
v 4.7022 0.0450 0.5863
v 4.7462 0.0450 0.5863
v 4.7462 0.0450 0.6303
v 4.7022 0.0450 0.6303
v 4.7562 0.0000 0.6083
v 4.7468 0.0000 0.6309
v 4.7242 0.0000 0.6403
v 4.7015 0.0000 0.6309
v 4.6922 0.0000 0.6083
v 4.7015 0.0000 0.5856
v 4.7242 0.0000 0.5763
v 4.7468 0.0000 0.5856
v 4.7562 0.0450 0.6083
v 4.7468 0.0450 0.6309
v 4.7242 0.0450 0.6403
v 4.7015 0.0450 0.6309
v 4.6922 0.0450 0.6083
v 4.7015 0.0450 0.5856
v 4.7242 0.0450 0.5763
v 4.7468 0.0450 0.5856
v 4.6220 0.0550 0.3520
v 4.6780 0.0550 0.3520
v 4.6780 0.0550 0.4080
v 4.6220 0.0550 0.4080
v 4.4338 0.0450 0.4991
v 4.4778 0.0450 0.4991
v 4.4778 0.0450 0.5431
v 4.4338 0.0450 0.5431
v 4.4878 0.0000 0.5211
v 4.4785 0.0000 0.5437
v 4.4558 0.0000 0.5531
v 4.4332 0.0000 0.5437
v 4.4238 0.0000 0.5211
v 4.4332 0.0000 0.4984
v 4.4558 0.0000 0.4891
v 4.4785 0.0000 0.4984
v 4.4878 0.0450 0.5211
v 4.4785 0.0450 0.5437
v 4.4558 0.0450 0.5531
v 4.4332 0.0450 0.5437
v 4.4238 0.0450 0.5211
v 4.4332 0.0450 0.4984
v 4.4558 0.0450 0.4891
v 4.4785 0.0450 0.4984
v 4.6220 0.0550 0.3520
v 4.6780 0.0550 0.3520
v 4.6780 0.0550 0.4080
v 4.6220 0.0550 0.4080
v 4.4338 0.0450 0.2169
v 4.4778 0.0450 0.2169
v 4.4778 0.0450 0.2609
v 4.4338 0.0450 0.2609
v 4.4878 0.0000 0.2389
v 4.4785 0.0000 0.2616
v 4.4558 0.0000 0.2709
v 4.4332 0.0000 0.2616
v 4.4238 0.0000 0.2389
v 4.4332 0.0000 0.2163
v 4.4558 0.0000 0.2069
v 4.4785 0.0000 0.2163
v 4.4878 0.0450 0.2389
v 4.4785 0.0450 0.2616
v 4.4558 0.0450 0.2709
v 4.4332 0.0450 0.2616
v 4.4238 0.0450 0.2389
v 4.4332 0.0450 0.2163
v 4.4558 0.0450 0.2069
v 4.4785 0.0450 0.2163
v 4.6220 0.0550 0.3520
v 4.6780 0.0550 0.3520
v 4.6780 0.0550 0.4080
v 4.6220 0.0550 0.4080
v 4.7022 0.0450 0.1297
v 4.7462 0.0450 0.1297
v 4.7462 0.0450 0.1737
v 4.7022 0.0450 0.1737
v 4.7562 0.0000 0.1517
v 4.7468 0.0000 0.1744
v 4.7242 0.0000 0.1837
v 4.7015 0.0000 0.1744
v 4.6922 0.0000 0.1517
v 4.7015 0.0000 0.1291
v 4.7242 0.0000 0.1197
v 4.7468 0.0000 0.1291
v 4.7562 0.0450 0.1517
v 4.7468 0.0450 0.1744
v 4.7242 0.0450 0.1837
v 4.7015 0.0450 0.1744
v 4.6922 0.0450 0.1517
v 4.7015 0.0450 0.1291
v 4.7242 0.0450 0.1197
v 4.7468 0.0450 0.1291
v 4.6980 0.0500 0.3800
v 4.6888 0.0500 0.4082
v 4.6648 0.0500 0.4257
v 4.6352 0.0500 0.4257
v 4.6112 0.0500 0.4082
v 4.6020 0.0500 0.3800
v 4.6112 0.0500 0.3518
v 4.6352 0.0500 0.3343
v 4.6648 0.0500 0.3343
v 4.6888 0.0500 0.3518
v 4.6980 0.1100 0.3800
v 4.6888 0.1100 0.4082
v 4.6648 0.1100 0.4257
v 4.6352 0.1100 0.4257
v 4.6112 0.1100 0.4082
v 4.6020 0.1100 0.3800
v 4.6112 0.1100 0.3518
v 4.6352 0.1100 0.3343
v 4.6648 0.1100 0.3343
v 4.6888 0.1100 0.3518
v 4.6820 0.1100 0.3800
v 4.6759 0.1100 0.3988
v 4.6599 0.1100 0.4104
v 4.6401 0.1100 0.4104
v 4.6241 0.1100 0.3988
v 4.6180 0.1100 0.3800
v 4.6241 0.1100 0.3612
v 4.6401 0.1100 0.3496
v 4.6599 0.1100 0.3496
v 4.6759 0.1100 0.3612
v 4.6820 0.4100 0.3800
v 4.6759 0.4100 0.3988
v 4.6599 0.4100 0.4104
v 4.6401 0.4100 0.4104
v 4.6241 0.4100 0.3988
v 4.6180 0.4100 0.3800
v 4.6241 0.4100 0.3612
v 4.6401 0.4100 0.3496
v 4.6599 0.4100 0.3496
v 4.6759 0.4100 0.3612
v 4.7050 0.4100 0.3800
v 4.6945 0.4100 0.4123
v 4.6670 0.4100 0.4323
v 4.6330 0.4100 0.4323
v 4.6055 0.4100 0.4123
v 4.5950 0.4100 0.3800
v 4.6055 0.4100 0.3477
v 4.6330 0.4100 0.3277
v 4.6670 0.4100 0.3277
v 4.6945 0.4100 0.3477
v 4.7050 0.4500 0.3800
v 4.6945 0.4500 0.4123
v 4.6670 0.4500 0.4323
v 4.6330 0.4500 0.4323
v 4.6055 0.4500 0.4123
v 4.5950 0.4500 0.3800
v 4.6055 0.4500 0.3477
v 4.6330 0.4500 0.3277
v 4.6670 0.4500 0.3277
v 4.6945 0.4500 0.3477
v 4.4150 0.4500 0.1650
v 4.8850 0.4500 0.1650
v 4.8850 0.4500 0.6150
v 4.4150 0.4500 0.6150
v 4.4150 0.5050 0.1650
v 4.8850 0.5050 0.1650
v 4.8850 0.5050 0.6150
v 4.4150 0.5050 0.6150
v 4.4350 0.4400 0.5150
v 4.8650 0.4400 0.5150
v 4.8650 0.4400 0.6250
v 4.4350 0.4400 0.6250
v 4.4350 0.4850 0.5150
v 4.8650 0.4850 0.5150
v 4.8650 0.4850 0.6250
v 4.4350 0.4850 0.6250
v 4.4290 0.5200 0.1560
v 4.4610 0.5200 0.1560
v 4.4610 0.5200 0.1940
v 4.4290 0.5200 0.1940
v 4.4290 0.6700 0.1560
v 4.4610 0.6700 0.1560
v 4.4610 0.6700 0.1940
v 4.4290 0.6700 0.1940
v 4.8390 0.5200 0.1560
v 4.8710 0.5200 0.1560
v 4.8710 0.5200 0.1940
v 4.8390 0.5200 0.1940
v 4.8390 0.6700 0.1560
v 4.8710 0.6700 0.1560
v 4.8710 0.6700 0.1940
v 4.8390 0.6700 0.1940
v 4.4600 0.5200 0.1670
v 4.8400 0.5200 0.1670
v 4.8400 0.5200 0.1830
v 4.4600 0.5200 0.1830
v 4.4600 0.6700 0.1670
v 4.8400 0.6700 0.1670
v 4.8400 0.6700 0.1830
v 4.4600 0.6700 0.1830
v 4.4290 0.6700 0.1390
v 4.4610 0.6700 0.1390
v 4.4610 0.6700 0.1770
v 4.4290 0.6700 0.1770
v 4.4290 0.8300 0.1390
v 4.4610 0.8300 0.1390
v 4.4610 0.8300 0.1770
v 4.4290 0.8300 0.1770
v 4.8390 0.6700 0.1390
v 4.8710 0.6700 0.1390
v 4.8710 0.6700 0.1770
v 4.8390 0.6700 0.1770
v 4.8390 0.8300 0.1390
v 4.8710 0.8300 0.1390
v 4.8710 0.8300 0.1770
v 4.8390 0.8300 0.1770
v 4.4600 0.6700 0.1500
v 4.8400 0.6700 0.1500
v 4.8400 0.6700 0.1660
v 4.4600 0.6700 0.1660
v 4.4600 0.8300 0.1500
v 4.8400 0.8300 0.1500
v 4.8400 0.8300 0.1660
v 4.4600 0.8300 0.1660
v 4.4290 0.8300 0.1190
v 4.4610 0.8300 0.1190
v 4.4610 0.8300 0.1570
v 4.4290 0.8300 0.1570
v 4.4290 0.9700 0.1190
v 4.4610 0.9700 0.1190
v 4.4610 0.9700 0.1570
v 4.4290 0.9700 0.1570
v 4.8390 0.8300 0.1190
v 4.8710 0.8300 0.1190
v 4.8710 0.8300 0.1570
v 4.8390 0.8300 0.1570
v 4.8390 0.9700 0.1190
v 4.8710 0.9700 0.1190
v 4.8710 0.9700 0.1570
v 4.8390 0.9700 0.1570
v 4.4600 0.8300 0.1300
v 4.8400 0.8300 0.1300
v 4.8400 0.8300 0.1460
v 4.4600 0.8300 0.1460
v 4.4600 0.9700 0.1300
v 4.8400 0.9700 0.1300
v 4.8400 0.9700 0.1460
v 4.4600 0.9700 0.1460
v 4.4300 0.9550 0.1140
v 4.8700 0.9550 0.1140
v 4.8700 0.9550 0.1560
v 4.4300 0.9550 0.1560
v 4.4300 0.9900 0.1140
v 4.8700 0.9900 0.1140
v 4.8700 0.9900 0.1560
v 4.4300 0.9900 0.1560
v 4.5950 0.5000 0.1650
v 4.7050 0.5000 0.1650
v 4.7050 0.5000 0.2150
v 4.5950 0.5000 0.2150
v 4.5950 0.5900 0.1650
v 4.7050 0.5900 0.1650
v 4.7050 0.5900 0.2150
v 4.5950 0.5900 0.2150
v 4.3725 0.5000 0.2100
v 4.4175 0.5000 0.2100
v 4.4175 0.5000 0.5100
v 4.3725 0.5000 0.5100
v 4.3725 0.6700 0.2100
v 4.4175 0.6700 0.2100
v 4.4175 0.6700 0.5100
v 4.3725 0.6700 0.5100
v 4.3675 0.6700 0.2500
v 4.4225 0.6700 0.2500
v 4.4225 0.6700 0.5100
v 4.3675 0.6700 0.5100
v 4.3675 0.7050 0.2500
v 4.4225 0.7050 0.2500
v 4.4225 0.7050 0.5100
v 4.3675 0.7050 0.5100
v 4.8825 0.5000 0.2100
v 4.9275 0.5000 0.2100
v 4.9275 0.5000 0.5100
v 4.8825 0.5000 0.5100
v 4.8825 0.6700 0.2100
v 4.9275 0.6700 0.2100
v 4.9275 0.6700 0.5100
v 4.8825 0.6700 0.5100
v 4.8775 0.6700 0.2500
v 4.9325 0.6700 0.2500
v 4.9325 0.6700 0.5100
v 4.8775 0.6700 0.5100
v 4.8775 0.7050 0.2500
v 4.9325 0.7050 0.2500
v 4.9325 0.7050 0.5100
v 4.8775 0.7050 0.5100
v 4.6220 0.0550 2.5520
v 4.6780 0.0550 2.5520
v 4.6780 0.0550 2.6080
v 4.6220 0.0550 2.6080
v 4.3880 0.0450 2.5580
v 4.4320 0.0450 2.5580
v 4.4320 0.0450 2.6020
v 4.3880 0.0450 2.6020
v 4.4420 0.0000 2.5800
v 4.4326 0.0000 2.6026
v 4.4100 0.0000 2.6120
v 4.3874 0.0000 2.6026
v 4.3780 0.0000 2.5800
v 4.3874 0.0000 2.5574
v 4.4100 0.0000 2.5480
v 4.4326 0.0000 2.5574
v 4.4420 0.0450 2.5800
v 4.4326 0.0450 2.6026
v 4.4100 0.0450 2.6120
v 4.3874 0.0450 2.6026
v 4.3780 0.0450 2.5800
v 4.3874 0.0450 2.5574
v 4.4100 0.0450 2.5480
v 4.4326 0.0450 2.5574
v 4.6220 0.0550 2.5520
v 4.6780 0.0550 2.5520
v 4.6780 0.0550 2.6080
v 4.6220 0.0550 2.6080
v 4.5538 0.0450 2.3297
v 4.5978 0.0450 2.3297
v 4.5978 0.0450 2.3737
v 4.5538 0.0450 2.3737
v 4.6078 0.0000 2.3517
v 4.5985 0.0000 2.3744
v 4.5758 0.0000 2.3837
v 4.5532 0.0000 2.3744
v 4.5438 0.0000 2.3517
v 4.5532 0.0000 2.3291
v 4.5758 0.0000 2.3197
v 4.5985 0.0000 2.3291
v 4.6078 0.0450 2.3517
v 4.5985 0.0450 2.3744
v 4.5758 0.0450 2.3837
v 4.5532 0.0450 2.3744
v 4.5438 0.0450 2.3517
v 4.5532 0.0450 2.3291
v 4.5758 0.0450 2.3197
v 4.5985 0.0450 2.3291
v 4.6220 0.0550 2.5520
v 4.6780 0.0550 2.5520
v 4.6780 0.0550 2.6080
v 4.6220 0.0550 2.6080
v 4.8222 0.0450 2.4169
v 4.8662 0.0450 2.4169
v 4.8662 0.0450 2.4609
v 4.8222 0.0450 2.4609
v 4.8762 0.0000 2.4389
v 4.8668 0.0000 2.4616
v 4.8442 0.0000 2.4709
v 4.8215 0.0000 2.4616
v 4.8122 0.0000 2.4389
v 4.8215 0.0000 2.4163
v 4.8442 0.0000 2.4069
v 4.8668 0.0000 2.4163
v 4.8762 0.0450 2.4389
v 4.8668 0.0450 2.4616
v 4.8442 0.0450 2.4709
v 4.8215 0.0450 2.4616
v 4.8122 0.0450 2.4389
v 4.8215 0.0450 2.4163
v 4.8442 0.0450 2.4069
v 4.8668 0.0450 2.4163
v 4.6220 0.0550 2.5520
v 4.6780 0.0550 2.5520
v 4.6780 0.0550 2.6080
v 4.6220 0.0550 2.6080
v 4.8222 0.0450 2.6991
v 4.8662 0.0450 2.6991
v 4.8662 0.0450 2.7431
v 4.8222 0.0450 2.7431
v 4.8762 0.0000 2.7211
v 4.8668 0.0000 2.7437
v 4.8442 0.0000 2.7531
v 4.8215 0.0000 2.7437
v 4.8122 0.0000 2.7211
v 4.8215 0.0000 2.6984
v 4.8442 0.0000 2.6891
v 4.8668 0.0000 2.6984
v 4.8762 0.0450 2.7211
v 4.8668 0.0450 2.7437
v 4.8442 0.0450 2.7531
v 4.8215 0.0450 2.7437
v 4.8122 0.0450 2.7211
v 4.8215 0.0450 2.6984
v 4.8442 0.0450 2.6891
v 4.8668 0.0450 2.6984
v 4.6220 0.0550 2.5520
v 4.6780 0.0550 2.5520
v 4.6780 0.0550 2.6080
v 4.6220 0.0550 2.6080
v 4.5538 0.0450 2.7863
v 4.5978 0.0450 2.7863
v 4.5978 0.0450 2.8303
v 4.5538 0.0450 2.8303
v 4.6078 0.0000 2.8083
v 4.5985 0.0000 2.8309
v 4.5758 0.0000 2.8403
v 4.5532 0.0000 2.8309
v 4.5438 0.0000 2.8083
v 4.5532 0.0000 2.7856
v 4.5758 0.0000 2.7763
v 4.5985 0.0000 2.7856
v 4.6078 0.0450 2.8083
v 4.5985 0.0450 2.8309
v 4.5758 0.0450 2.8403
v 4.5532 0.0450 2.8309
v 4.5438 0.0450 2.8083
v 4.5532 0.0450 2.7856
v 4.5758 0.0450 2.7763
v 4.5985 0.0450 2.7856
v 4.6980 0.0500 2.5800
v 4.6888 0.0500 2.6082
v 4.6648 0.0500 2.6257
v 4.6352 0.0500 2.6257
v 4.6112 0.0500 2.6082
v 4.6020 0.0500 2.5800
v 4.6112 0.0500 2.5518
v 4.6352 0.0500 2.5343
v 4.6648 0.0500 2.5343
v 4.6888 0.0500 2.5518
v 4.6980 0.1100 2.5800
v 4.6888 0.1100 2.6082
v 4.6648 0.1100 2.6257
v 4.6352 0.1100 2.6257
v 4.6112 0.1100 2.6082
v 4.6020 0.1100 2.5800
v 4.6112 0.1100 2.5518
v 4.6352 0.1100 2.5343
v 4.6648 0.1100 2.5343
v 4.6888 0.1100 2.5518
v 4.6820 0.1100 2.5800
v 4.6759 0.1100 2.5988
v 4.6599 0.1100 2.6104
v 4.6401 0.1100 2.6104
v 4.6241 0.1100 2.5988
v 4.6180 0.1100 2.5800
v 4.6241 0.1100 2.5612
v 4.6401 0.1100 2.5496
v 4.6599 0.1100 2.5496
v 4.6759 0.1100 2.5612
v 4.6820 0.4100 2.5800
v 4.6759 0.4100 2.5988
v 4.6599 0.4100 2.6104
v 4.6401 0.4100 2.6104
v 4.6241 0.4100 2.5988
v 4.6180 0.4100 2.5800
v 4.6241 0.4100 2.5612
v 4.6401 0.4100 2.5496
v 4.6599 0.4100 2.5496
v 4.6759 0.4100 2.5612
v 4.7050 0.4100 2.5800
v 4.6945 0.4100 2.6123
v 4.6670 0.4100 2.6323
v 4.6330 0.4100 2.6323
v 4.6055 0.4100 2.6123
v 4.5950 0.4100 2.5800
v 4.6055 0.4100 2.5477
v 4.6330 0.4100 2.5277
v 4.6670 0.4100 2.5277
v 4.6945 0.4100 2.5477
v 4.7050 0.4500 2.5800
v 4.6945 0.4500 2.6123
v 4.6670 0.4500 2.6323
v 4.6330 0.4500 2.6323
v 4.6055 0.4500 2.6123
v 4.5950 0.4500 2.5800
v 4.6055 0.4500 2.5477
v 4.6330 0.4500 2.5277
v 4.6670 0.4500 2.5277
v 4.6945 0.4500 2.5477
v 4.4150 0.4500 2.3450
v 4.8850 0.4500 2.3450
v 4.8850 0.4500 2.7950
v 4.4150 0.4500 2.7950
v 4.4150 0.5050 2.3450
v 4.8850 0.5050 2.3450
v 4.8850 0.5050 2.7950
v 4.4150 0.5050 2.7950
v 4.4350 0.4400 2.3350
v 4.8650 0.4400 2.3350
v 4.8650 0.4400 2.4450
v 4.4350 0.4400 2.4450
v 4.4350 0.4850 2.3350
v 4.8650 0.4850 2.3350
v 4.8650 0.4850 2.4450
v 4.4350 0.4850 2.4450
v 4.8390 0.5200 2.7660
v 4.8710 0.5200 2.7660
v 4.8710 0.5200 2.8040
v 4.8390 0.5200 2.8040
v 4.8390 0.6700 2.7660
v 4.8710 0.6700 2.7660
v 4.8710 0.6700 2.8040
v 4.8390 0.6700 2.8040
v 4.4290 0.5200 2.7660
v 4.4610 0.5200 2.7660
v 4.4610 0.5200 2.8040
v 4.4290 0.5200 2.8040
v 4.4290 0.6700 2.7660
v 4.4610 0.6700 2.7660
v 4.4610 0.6700 2.8040
v 4.4290 0.6700 2.8040
v 4.4600 0.5200 2.7770
v 4.8400 0.5200 2.7770
v 4.8400 0.5200 2.7930
v 4.4600 0.5200 2.7930
v 4.4600 0.6700 2.7770
v 4.8400 0.6700 2.7770
v 4.8400 0.6700 2.7930
v 4.4600 0.6700 2.7930
v 4.8390 0.6700 2.7830
v 4.8710 0.6700 2.7830
v 4.8710 0.6700 2.8210
v 4.8390 0.6700 2.8210
v 4.8390 0.8300 2.7830
v 4.8710 0.8300 2.7830
v 4.8710 0.8300 2.8210
v 4.8390 0.8300 2.8210
v 4.4290 0.6700 2.7830
v 4.4610 0.6700 2.7830
v 4.4610 0.6700 2.8210
v 4.4290 0.6700 2.8210
v 4.4290 0.8300 2.7830
v 4.4610 0.8300 2.7830
v 4.4610 0.8300 2.8210
v 4.4290 0.8300 2.8210
v 4.4600 0.6700 2.7940
v 4.8400 0.6700 2.7940
v 4.8400 0.6700 2.8100
v 4.4600 0.6700 2.8100
v 4.4600 0.8300 2.7940
v 4.8400 0.8300 2.7940
v 4.8400 0.8300 2.8100
v 4.4600 0.8300 2.8100
v 4.8390 0.8300 2.8030
v 4.8710 0.8300 2.8030
v 4.8710 0.8300 2.8410
v 4.8390 0.8300 2.8410
v 4.8390 0.9700 2.8030
v 4.8710 0.9700 2.8030
v 4.8710 0.9700 2.8410
v 4.8390 0.9700 2.8410
v 4.4290 0.8300 2.8030
v 4.4610 0.8300 2.8030
v 4.4610 0.8300 2.8410
v 4.4290 0.8300 2.8410
v 4.4290 0.9700 2.8030
v 4.4610 0.9700 2.8030
v 4.4610 0.9700 2.8410
v 4.4290 0.9700 2.8410
v 4.4600 0.8300 2.8140
v 4.8400 0.8300 2.8140
v 4.8400 0.8300 2.8300
v 4.4600 0.8300 2.8300
v 4.4600 0.9700 2.8140
v 4.8400 0.9700 2.8140
v 4.8400 0.9700 2.8300
v 4.4600 0.9700 2.8300
v 4.4300 0.9550 2.8040
v 4.8700 0.9550 2.8040
v 4.8700 0.9550 2.8460
v 4.4300 0.9550 2.8460
v 4.4300 0.9900 2.8040
v 4.8700 0.9900 2.8040
v 4.8700 0.9900 2.8460
v 4.4300 0.9900 2.8460
v 4.5950 0.5000 2.7450
v 4.7050 0.5000 2.7450
v 4.7050 0.5000 2.7950
v 4.5950 0.5000 2.7950
v 4.5950 0.5900 2.7450
v 4.7050 0.5900 2.7450
v 4.7050 0.5900 2.7950
v 4.5950 0.5900 2.7950
v 4.8825 0.5000 2.4500
v 4.9275 0.5000 2.4500
v 4.9275 0.5000 2.7500
v 4.8825 0.5000 2.7500
v 4.8825 0.6700 2.4500
v 4.9275 0.6700 2.4500
v 4.9275 0.6700 2.7500
v 4.8825 0.6700 2.7500
v 4.8775 0.6700 2.4500
v 4.9325 0.6700 2.4500
v 4.9325 0.6700 2.7100
v 4.8775 0.6700 2.7100
v 4.8775 0.7050 2.4500
v 4.9325 0.7050 2.4500
v 4.9325 0.7050 2.7100
v 4.8775 0.7050 2.7100
v 4.3725 0.5000 2.4500
v 4.4175 0.5000 2.4500
v 4.4175 0.5000 2.7500
v 4.3725 0.5000 2.7500
v 4.3725 0.6700 2.4500
v 4.4175 0.6700 2.4500
v 4.4175 0.6700 2.7500
v 4.3725 0.6700 2.7500
v 4.3675 0.6700 2.4500
v 4.4225 0.6700 2.4500
v 4.4225 0.6700 2.7100
v 4.3675 0.6700 2.7100
v 4.3675 0.7050 2.4500
v 4.4225 0.7050 2.4500
v 4.4225 0.7050 2.7100
v 4.3675 0.7050 2.7100
v 5.4220 0.0550 0.3520
v 5.4780 0.0550 0.3520
v 5.4780 0.0550 0.4080
v 5.4220 0.0550 0.4080
v 5.6680 0.0450 0.3580
v 5.7120 0.0450 0.3580
v 5.7120 0.0450 0.4020
v 5.6680 0.0450 0.4020
v 5.7220 0.0000 0.3800
v 5.7126 0.0000 0.4026
v 5.6900 0.0000 0.4120
v 5.6674 0.0000 0.4026
v 5.6580 0.0000 0.3800
v 5.6674 0.0000 0.3574
v 5.6900 0.0000 0.3480
v 5.7126 0.0000 0.3574
v 5.7220 0.0450 0.3800
v 5.7126 0.0450 0.4026
v 5.6900 0.0450 0.4120
v 5.6674 0.0450 0.4026
v 5.6580 0.0450 0.3800
v 5.6674 0.0450 0.3574
v 5.6900 0.0450 0.3480
v 5.7126 0.0450 0.3574
v 5.4220 0.0550 0.3520
v 5.4780 0.0550 0.3520
v 5.4780 0.0550 0.4080
v 5.4220 0.0550 0.4080
v 5.5022 0.0450 0.5863
v 5.5462 0.0450 0.5863
v 5.5462 0.0450 0.6303
v 5.5022 0.0450 0.6303
v 5.5562 0.0000 0.6083
v 5.5468 0.0000 0.6309
v 5.5242 0.0000 0.6403
v 5.5015 0.0000 0.6309
v 5.4922 0.0000 0.6083
v 5.5015 0.0000 0.5856
v 5.5242 0.0000 0.5763
v 5.5468 0.0000 0.5856
v 5.5562 0.0450 0.6083
v 5.5468 0.0450 0.6309
v 5.5242 0.0450 0.6403
v 5.5015 0.0450 0.6309
v 5.4922 0.0450 0.6083
v 5.5015 0.0450 0.5856
v 5.5242 0.0450 0.5763
v 5.5468 0.0450 0.5856
v 5.4220 0.0550 0.3520
v 5.4780 0.0550 0.3520
v 5.4780 0.0550 0.4080
v 5.4220 0.0550 0.4080
v 5.2338 0.0450 0.4991
v 5.2778 0.0450 0.4991
v 5.2778 0.0450 0.5431
v 5.2338 0.0450 0.5431
v 5.2878 0.0000 0.5211
v 5.2785 0.0000 0.5437
v 5.2558 0.0000 0.5531
v 5.2332 0.0000 0.5437
v 5.2238 0.0000 0.5211
v 5.2332 0.0000 0.4984
v 5.2558 0.0000 0.4891
v 5.2785 0.0000 0.4984
v 5.2878 0.0450 0.5211
v 5.2785 0.0450 0.5437
v 5.2558 0.0450 0.5531
v 5.2332 0.0450 0.5437
v 5.2238 0.0450 0.5211
v 5.2332 0.0450 0.4984
v 5.2558 0.0450 0.4891
v 5.2785 0.0450 0.4984
v 5.4220 0.0550 0.3520
v 5.4780 0.0550 0.3520
v 5.4780 0.0550 0.4080
v 5.4220 0.0550 0.4080
v 5.2338 0.0450 0.2169
v 5.2778 0.0450 0.2169
v 5.2778 0.0450 0.2609
v 5.2338 0.0450 0.2609
v 5.2878 0.0000 0.2389
v 5.2785 0.0000 0.2616
v 5.2558 0.0000 0.2709
v 5.2332 0.0000 0.2616
v 5.2238 0.0000 0.2389
v 5.2332 0.0000 0.2163
v 5.2558 0.0000 0.2069
v 5.2785 0.0000 0.2163
v 5.2878 0.0450 0.2389
v 5.2785 0.0450 0.2616
v 5.2558 0.0450 0.2709
v 5.2332 0.0450 0.2616
v 5.2238 0.0450 0.2389
v 5.2332 0.0450 0.2163
v 5.2558 0.0450 0.2069
v 5.2785 0.0450 0.2163
v 5.4220 0.0550 0.3520
v 5.4780 0.0550 0.3520
v 5.4780 0.0550 0.4080
v 5.4220 0.0550 0.4080
v 5.5022 0.0450 0.1297
v 5.5462 0.0450 0.1297
v 5.5462 0.0450 0.1737
v 5.5022 0.0450 0.1737
v 5.5562 0.0000 0.1517
v 5.5468 0.0000 0.1744
v 5.5242 0.0000 0.1837
v 5.5015 0.0000 0.1744
v 5.4922 0.0000 0.1517
v 5.5015 0.0000 0.1291
v 5.5242 0.0000 0.1197
v 5.5468 0.0000 0.1291
v 5.5562 0.0450 0.1517
v 5.5468 0.0450 0.1744
v 5.5242 0.0450 0.1837
v 5.5015 0.0450 0.1744
v 5.4922 0.0450 0.1517
v 5.5015 0.0450 0.1291
v 5.5242 0.0450 0.1197
v 5.5468 0.0450 0.1291
v 5.4980 0.0500 0.3800
v 5.4888 0.0500 0.4082
v 5.4648 0.0500 0.4257
v 5.4352 0.0500 0.4257
v 5.4112 0.0500 0.4082
v 5.4020 0.0500 0.3800
v 5.4112 0.0500 0.3518
v 5.4352 0.0500 0.3343
v 5.4648 0.0500 0.3343
v 5.4888 0.0500 0.3518
v 5.4980 0.1100 0.3800
v 5.4888 0.1100 0.4082
v 5.4648 0.1100 0.4257
v 5.4352 0.1100 0.4257
v 5.4112 0.1100 0.4082
v 5.4020 0.1100 0.3800
v 5.4112 0.1100 0.3518
v 5.4352 0.1100 0.3343
v 5.4648 0.1100 0.3343
v 5.4888 0.1100 0.3518
v 5.4820 0.1100 0.3800
v 5.4759 0.1100 0.3988
v 5.4599 0.1100 0.4104
v 5.4401 0.1100 0.4104
v 5.4241 0.1100 0.3988
v 5.4180 0.1100 0.3800
v 5.4241 0.1100 0.3612
v 5.4401 0.1100 0.3496
v 5.4599 0.1100 0.3496
v 5.4759 0.1100 0.3612
v 5.4820 0.4100 0.3800
v 5.4759 0.4100 0.3988
v 5.4599 0.4100 0.4104
v 5.4401 0.4100 0.4104
v 5.4241 0.4100 0.3988
v 5.4180 0.4100 0.3800
v 5.4241 0.4100 0.3612
v 5.4401 0.4100 0.3496
v 5.4599 0.4100 0.3496
v 5.4759 0.4100 0.3612
v 5.5050 0.4100 0.3800
v 5.4945 0.4100 0.4123
v 5.4670 0.4100 0.4323
v 5.4330 0.4100 0.4323
v 5.4055 0.4100 0.4123
v 5.3950 0.4100 0.3800
v 5.4055 0.4100 0.3477
v 5.4330 0.4100 0.3277
v 5.4670 0.4100 0.3277
v 5.4945 0.4100 0.3477
v 5.5050 0.4500 0.3800
v 5.4945 0.4500 0.4123
v 5.4670 0.4500 0.4323
v 5.4330 0.4500 0.4323
v 5.4055 0.4500 0.4123
v 5.3950 0.4500 0.3800
v 5.4055 0.4500 0.3477
v 5.4330 0.4500 0.3277
v 5.4670 0.4500 0.3277
v 5.4945 0.4500 0.3477
v 5.2150 0.4500 0.1650
v 5.6850 0.4500 0.1650
v 5.6850 0.4500 0.6150
v 5.2150 0.4500 0.6150
v 5.2150 0.5050 0.1650
v 5.6850 0.5050 0.1650
v 5.6850 0.5050 0.6150
v 5.2150 0.5050 0.6150
v 5.2350 0.4400 0.5150
v 5.6650 0.4400 0.5150
v 5.6650 0.4400 0.6250
v 5.2350 0.4400 0.6250
v 5.2350 0.4850 0.5150
v 5.6650 0.4850 0.5150
v 5.6650 0.4850 0.6250
v 5.2350 0.4850 0.6250
v 5.2290 0.5200 0.1560
v 5.2610 0.5200 0.1560
v 5.2610 0.5200 0.1940
v 5.2290 0.5200 0.1940
v 5.2290 0.6700 0.1560
v 5.2610 0.6700 0.1560
v 5.2610 0.6700 0.1940
v 5.2290 0.6700 0.1940
v 5.6390 0.5200 0.1560
v 5.6710 0.5200 0.1560
v 5.6710 0.5200 0.1940
v 5.6390 0.5200 0.1940
v 5.6390 0.6700 0.1560
v 5.6710 0.6700 0.1560
v 5.6710 0.6700 0.1940
v 5.6390 0.6700 0.1940
v 5.2600 0.5200 0.1670
v 5.6400 0.5200 0.1670
v 5.6400 0.5200 0.1830
v 5.2600 0.5200 0.1830
v 5.2600 0.6700 0.1670
v 5.6400 0.6700 0.1670
v 5.6400 0.6700 0.1830
v 5.2600 0.6700 0.1830
v 5.2290 0.6700 0.1390
v 5.2610 0.6700 0.1390
v 5.2610 0.6700 0.1770
v 5.2290 0.6700 0.1770
v 5.2290 0.8300 0.1390
v 5.2610 0.8300 0.1390
v 5.2610 0.8300 0.1770
v 5.2290 0.8300 0.1770
v 5.6390 0.6700 0.1390
v 5.6710 0.6700 0.1390
v 5.6710 0.6700 0.1770
v 5.6390 0.6700 0.1770
v 5.6390 0.8300 0.1390
v 5.6710 0.8300 0.1390
v 5.6710 0.8300 0.1770
v 5.6390 0.8300 0.1770
v 5.2600 0.6700 0.1500
v 5.6400 0.6700 0.1500
v 5.6400 0.6700 0.1660
v 5.2600 0.6700 0.1660
v 5.2600 0.8300 0.1500
v 5.6400 0.8300 0.1500
v 5.6400 0.8300 0.1660
v 5.2600 0.8300 0.1660
v 5.2290 0.8300 0.1190
v 5.2610 0.8300 0.1190
v 5.2610 0.8300 0.1570
v 5.2290 0.8300 0.1570
v 5.2290 0.9700 0.1190
v 5.2610 0.9700 0.1190
v 5.2610 0.9700 0.1570
v 5.2290 0.9700 0.1570
v 5.6390 0.8300 0.1190
v 5.6710 0.8300 0.1190
v 5.6710 0.8300 0.1570
v 5.6390 0.8300 0.1570
v 5.6390 0.9700 0.1190
v 5.6710 0.9700 0.1190
v 5.6710 0.9700 0.1570
v 5.6390 0.9700 0.1570
v 5.2600 0.8300 0.1300
v 5.6400 0.8300 0.1300
v 5.6400 0.8300 0.1460
v 5.2600 0.8300 0.1460
v 5.2600 0.9700 0.1300
v 5.6400 0.9700 0.1300
v 5.6400 0.9700 0.1460
v 5.2600 0.9700 0.1460
v 5.2300 0.9550 0.1140
v 5.6700 0.9550 0.1140
v 5.6700 0.9550 0.1560
v 5.2300 0.9550 0.1560
v 5.2300 0.9900 0.1140
v 5.6700 0.9900 0.1140
v 5.6700 0.9900 0.1560
v 5.2300 0.9900 0.1560
v 5.3950 0.5000 0.1650
v 5.5050 0.5000 0.1650
v 5.5050 0.5000 0.2150
v 5.3950 0.5000 0.2150
v 5.3950 0.5900 0.1650
v 5.5050 0.5900 0.1650
v 5.5050 0.5900 0.2150
v 5.3950 0.5900 0.2150
v 5.1725 0.5000 0.2100
v 5.2175 0.5000 0.2100
v 5.2175 0.5000 0.5100
v 5.1725 0.5000 0.5100
v 5.1725 0.6700 0.2100
v 5.2175 0.6700 0.2100
v 5.2175 0.6700 0.5100
v 5.1725 0.6700 0.5100
v 5.1675 0.6700 0.2500
v 5.2225 0.6700 0.2500
v 5.2225 0.6700 0.5100
v 5.1675 0.6700 0.5100
v 5.1675 0.7050 0.2500
v 5.2225 0.7050 0.2500
v 5.2225 0.7050 0.5100
v 5.1675 0.7050 0.5100
v 5.6825 0.5000 0.2100
v 5.7275 0.5000 0.2100
v 5.7275 0.5000 0.5100
v 5.6825 0.5000 0.5100
v 5.6825 0.6700 0.2100
v 5.7275 0.6700 0.2100
v 5.7275 0.6700 0.5100
v 5.6825 0.6700 0.5100
v 5.6775 0.6700 0.2500
v 5.7325 0.6700 0.2500
v 5.7325 0.6700 0.5100
v 5.6775 0.6700 0.5100
v 5.6775 0.7050 0.2500
v 5.7325 0.7050 0.2500
v 5.7325 0.7050 0.5100
v 5.6775 0.7050 0.5100
v 5.4220 0.0550 2.5520
v 5.4780 0.0550 2.5520
v 5.4780 0.0550 2.6080
v 5.4220 0.0550 2.6080
v 5.1880 0.0450 2.5580
v 5.2320 0.0450 2.5580
v 5.2320 0.0450 2.6020
v 5.1880 0.0450 2.6020
v 5.2420 0.0000 2.5800
v 5.2326 0.0000 2.6026
v 5.2100 0.0000 2.6120
v 5.1874 0.0000 2.6026
v 5.1780 0.0000 2.5800
v 5.1874 0.0000 2.5574
v 5.2100 0.0000 2.5480
v 5.2326 0.0000 2.5574
v 5.2420 0.0450 2.5800
v 5.2326 0.0450 2.6026
v 5.2100 0.0450 2.6120
v 5.1874 0.0450 2.6026
v 5.1780 0.0450 2.5800
v 5.1874 0.0450 2.5574
v 5.2100 0.0450 2.5480
v 5.2326 0.0450 2.5574
v 5.4220 0.0550 2.5520
v 5.4780 0.0550 2.5520
v 5.4780 0.0550 2.6080
v 5.4220 0.0550 2.6080
v 5.3538 0.0450 2.3297
v 5.3978 0.0450 2.3297
v 5.3978 0.0450 2.3737
v 5.3538 0.0450 2.3737
v 5.4078 0.0000 2.3517
v 5.3985 0.0000 2.3744
v 5.3758 0.0000 2.3837
v 5.3532 0.0000 2.3744
v 5.3438 0.0000 2.3517
v 5.3532 0.0000 2.3291
v 5.3758 0.0000 2.3197
v 5.3985 0.0000 2.3291
v 5.4078 0.0450 2.3517
v 5.3985 0.0450 2.3744
v 5.3758 0.0450 2.3837
v 5.3532 0.0450 2.3744
v 5.3438 0.0450 2.3517
v 5.3532 0.0450 2.3291
v 5.3758 0.0450 2.3197
v 5.3985 0.0450 2.3291
v 5.4220 0.0550 2.5520
v 5.4780 0.0550 2.5520
v 5.4780 0.0550 2.6080
v 5.4220 0.0550 2.6080
v 5.6222 0.0450 2.4169
v 5.6662 0.0450 2.4169
v 5.6662 0.0450 2.4609
v 5.6222 0.0450 2.4609
v 5.6762 0.0000 2.4389
v 5.6668 0.0000 2.4616
v 5.6442 0.0000 2.4709
v 5.6215 0.0000 2.4616
v 5.6122 0.0000 2.4389
v 5.6215 0.0000 2.4163
v 5.6442 0.0000 2.4069
v 5.6668 0.0000 2.4163
v 5.6762 0.0450 2.4389
v 5.6668 0.0450 2.4616
v 5.6442 0.0450 2.4709
v 5.6215 0.0450 2.4616
v 5.6122 0.0450 2.4389
v 5.6215 0.0450 2.4163
v 5.6442 0.0450 2.4069
v 5.6668 0.0450 2.4163
v 5.4220 0.0550 2.5520
v 5.4780 0.0550 2.5520
v 5.4780 0.0550 2.6080
v 5.4220 0.0550 2.6080
v 5.6222 0.0450 2.6991
v 5.6662 0.0450 2.6991
v 5.6662 0.0450 2.7431
v 5.6222 0.0450 2.7431
v 5.6762 0.0000 2.7211
v 5.6668 0.0000 2.7437
v 5.6442 0.0000 2.7531
v 5.6215 0.0000 2.7437
v 5.6122 0.0000 2.7211
v 5.6215 0.0000 2.6984
v 5.6442 0.0000 2.6891
v 5.6668 0.0000 2.6984
v 5.6762 0.0450 2.7211
v 5.6668 0.0450 2.7437
v 5.6442 0.0450 2.7531
v 5.6215 0.0450 2.7437
v 5.6122 0.0450 2.7211
v 5.6215 0.0450 2.6984
v 5.6442 0.0450 2.6891
v 5.6668 0.0450 2.6984
v 5.4220 0.0550 2.5520
v 5.4780 0.0550 2.5520
v 5.4780 0.0550 2.6080
v 5.4220 0.0550 2.6080
v 5.3538 0.0450 2.7863
v 5.3978 0.0450 2.7863
v 5.3978 0.0450 2.8303
v 5.3538 0.0450 2.8303
v 5.4078 0.0000 2.8083
v 5.3985 0.0000 2.8309
v 5.3758 0.0000 2.8403
v 5.3532 0.0000 2.8309
v 5.3438 0.0000 2.8083
v 5.3532 0.0000 2.7856
v 5.3758 0.0000 2.7763
v 5.3985 0.0000 2.7856
v 5.4078 0.0450 2.8083
v 5.3985 0.0450 2.8309
v 5.3758 0.0450 2.8403
v 5.3532 0.0450 2.8309
v 5.3438 0.0450 2.8083
v 5.3532 0.0450 2.7856
v 5.3758 0.0450 2.7763
v 5.3985 0.0450 2.7856
v 5.4980 0.0500 2.5800
v 5.4888 0.0500 2.6082
v 5.4648 0.0500 2.6257
v 5.4352 0.0500 2.6257
v 5.4112 0.0500 2.6082
v 5.4020 0.0500 2.5800
v 5.4112 0.0500 2.5518
v 5.4352 0.0500 2.5343
v 5.4648 0.0500 2.5343
v 5.4888 0.0500 2.5518
v 5.4980 0.1100 2.5800
v 5.4888 0.1100 2.6082
v 5.4648 0.1100 2.6257
v 5.4352 0.1100 2.6257
v 5.4112 0.1100 2.6082
v 5.4020 0.1100 2.5800
v 5.4112 0.1100 2.5518
v 5.4352 0.1100 2.5343
v 5.4648 0.1100 2.5343
v 5.4888 0.1100 2.5518
v 5.4820 0.1100 2.5800
v 5.4759 0.1100 2.5988
v 5.4599 0.1100 2.6104
v 5.4401 0.1100 2.6104
v 5.4241 0.1100 2.5988
v 5.4180 0.1100 2.5800
v 5.4241 0.1100 2.5612
v 5.4401 0.1100 2.5496
v 5.4599 0.1100 2.5496
v 5.4759 0.1100 2.5612
v 5.4820 0.4100 2.5800
v 5.4759 0.4100 2.5988
v 5.4599 0.4100 2.6104
v 5.4401 0.4100 2.6104
v 5.4241 0.4100 2.5988
v 5.4180 0.4100 2.5800
v 5.4241 0.4100 2.5612
v 5.4401 0.4100 2.5496
v 5.4599 0.4100 2.5496
v 5.4759 0.4100 2.5612
v 5.5050 0.4100 2.5800
v 5.4945 0.4100 2.6123
v 5.4670 0.4100 2.6323
v 5.4330 0.4100 2.6323
v 5.4055 0.4100 2.6123
v 5.3950 0.4100 2.5800
v 5.4055 0.4100 2.5477
v 5.4330 0.4100 2.5277
v 5.4670 0.4100 2.5277
v 5.4945 0.4100 2.5477
v 5.5050 0.4500 2.5800
v 5.4945 0.4500 2.6123
v 5.4670 0.4500 2.6323
v 5.4330 0.4500 2.6323
v 5.4055 0.4500 2.6123
v 5.3950 0.4500 2.5800
v 5.4055 0.4500 2.5477
v 5.4330 0.4500 2.5277
v 5.4670 0.4500 2.5277
v 5.4945 0.4500 2.5477
v 5.2150 0.4500 2.3450
v 5.6850 0.4500 2.3450
v 5.6850 0.4500 2.7950
v 5.2150 0.4500 2.7950
v 5.2150 0.5050 2.3450
v 5.6850 0.5050 2.3450
v 5.6850 0.5050 2.7950
v 5.2150 0.5050 2.7950
v 5.2350 0.4400 2.3350
v 5.6650 0.4400 2.3350
v 5.6650 0.4400 2.4450
v 5.2350 0.4400 2.4450
v 5.2350 0.4850 2.3350
v 5.6650 0.4850 2.3350
v 5.6650 0.4850 2.4450
v 5.2350 0.4850 2.4450
v 5.6390 0.5200 2.7660
v 5.6710 0.5200 2.7660
v 5.6710 0.5200 2.8040
v 5.6390 0.5200 2.8040
v 5.6390 0.6700 2.7660
v 5.6710 0.6700 2.7660
v 5.6710 0.6700 2.8040
v 5.6390 0.6700 2.8040
v 5.2290 0.5200 2.7660
v 5.2610 0.5200 2.7660
v 5.2610 0.5200 2.8040
v 5.2290 0.5200 2.8040
v 5.2290 0.6700 2.7660
v 5.2610 0.6700 2.7660
v 5.2610 0.6700 2.8040
v 5.2290 0.6700 2.8040
v 5.2600 0.5200 2.7770
v 5.6400 0.5200 2.7770
v 5.6400 0.5200 2.7930
v 5.2600 0.5200 2.7930
v 5.2600 0.6700 2.7770
v 5.6400 0.6700 2.7770
v 5.6400 0.6700 2.7930
v 5.2600 0.6700 2.7930
v 5.6390 0.6700 2.7830
v 5.6710 0.6700 2.7830
v 5.6710 0.6700 2.8210
v 5.6390 0.6700 2.8210
v 5.6390 0.8300 2.7830
v 5.6710 0.8300 2.7830
v 5.6710 0.8300 2.8210
v 5.6390 0.8300 2.8210
v 5.2290 0.6700 2.7830
v 5.2610 0.6700 2.7830
v 5.2610 0.6700 2.8210
v 5.2290 0.6700 2.8210
v 5.2290 0.8300 2.7830
v 5.2610 0.8300 2.7830
v 5.2610 0.8300 2.8210
v 5.2290 0.8300 2.8210
v 5.2600 0.6700 2.7940
v 5.6400 0.6700 2.7940
v 5.6400 0.6700 2.8100
v 5.2600 0.6700 2.8100
v 5.2600 0.8300 2.7940
v 5.6400 0.8300 2.7940
v 5.6400 0.8300 2.8100
v 5.2600 0.8300 2.8100
v 5.6390 0.8300 2.8030
v 5.6710 0.8300 2.8030
v 5.6710 0.8300 2.8410
v 5.6390 0.8300 2.8410
v 5.6390 0.9700 2.8030
v 5.6710 0.9700 2.8030
v 5.6710 0.9700 2.8410
v 5.6390 0.9700 2.8410
v 5.2290 0.8300 2.8030
v 5.2610 0.8300 2.8030
v 5.2610 0.8300 2.8410
v 5.2290 0.8300 2.8410
v 5.2290 0.9700 2.8030
v 5.2610 0.9700 2.8030
v 5.2610 0.9700 2.8410
v 5.2290 0.9700 2.8410
v 5.2600 0.8300 2.8140
v 5.6400 0.8300 2.8140
v 5.6400 0.8300 2.8300
v 5.2600 0.8300 2.8300
v 5.2600 0.9700 2.8140
v 5.6400 0.9700 2.8140
v 5.6400 0.9700 2.8300
v 5.2600 0.9700 2.8300
v 5.2300 0.9550 2.8040
v 5.6700 0.9550 2.8040
v 5.6700 0.9550 2.8460
v 5.2300 0.9550 2.8460
v 5.2300 0.9900 2.8040
v 5.6700 0.9900 2.8040
v 5.6700 0.9900 2.8460
v 5.2300 0.9900 2.8460
v 5.3950 0.5000 2.7450
v 5.5050 0.5000 2.7450
v 5.5050 0.5000 2.7950
v 5.3950 0.5000 2.7950
v 5.3950 0.5900 2.7450
v 5.5050 0.5900 2.7450
v 5.5050 0.5900 2.7950
v 5.3950 0.5900 2.7950
v 5.6825 0.5000 2.4500
v 5.7275 0.5000 2.4500
v 5.7275 0.5000 2.7500
v 5.6825 0.5000 2.7500
v 5.6825 0.6700 2.4500
v 5.7275 0.6700 2.4500
v 5.7275 0.6700 2.7500
v 5.6825 0.6700 2.7500
v 5.6775 0.6700 2.4500
v 5.7325 0.6700 2.4500
v 5.7325 0.6700 2.7100
v 5.6775 0.6700 2.7100
v 5.6775 0.7050 2.4500
v 5.7325 0.7050 2.4500
v 5.7325 0.7050 2.7100
v 5.6775 0.7050 2.7100
v 5.1725 0.5000 2.4500
v 5.2175 0.5000 2.4500
v 5.2175 0.5000 2.7500
v 5.1725 0.5000 2.7500
v 5.1725 0.6700 2.4500
v 5.2175 0.6700 2.4500
v 5.2175 0.6700 2.7500
v 5.1725 0.6700 2.7500
v 5.1675 0.6700 2.4500
v 5.2225 0.6700 2.4500
v 5.2225 0.6700 2.7100
v 5.1675 0.6700 2.7100
v 5.1675 0.7050 2.4500
v 5.2225 0.7050 2.4500
v 5.2225 0.7050 2.7100
v 5.1675 0.7050 2.7100
v 6.2220 0.0550 0.3520
v 6.2780 0.0550 0.3520
v 6.2780 0.0550 0.4080
v 6.2220 0.0550 0.4080
v 6.4680 0.0450 0.3580
v 6.5120 0.0450 0.3580
v 6.5120 0.0450 0.4020
v 6.4680 0.0450 0.4020
v 6.5220 0.0000 0.3800
v 6.5126 0.0000 0.4026
v 6.4900 0.0000 0.4120
v 6.4674 0.0000 0.4026
v 6.4580 0.0000 0.3800
v 6.4674 0.0000 0.3574
v 6.4900 0.0000 0.3480
v 6.5126 0.0000 0.3574
v 6.5220 0.0450 0.3800
v 6.5126 0.0450 0.4026
v 6.4900 0.0450 0.4120
v 6.4674 0.0450 0.4026
v 6.4580 0.0450 0.3800
v 6.4674 0.0450 0.3574
v 6.4900 0.0450 0.3480
v 6.5126 0.0450 0.3574
v 6.2220 0.0550 0.3520
v 6.2780 0.0550 0.3520
v 6.2780 0.0550 0.4080
v 6.2220 0.0550 0.4080
v 6.3022 0.0450 0.5863
v 6.3462 0.0450 0.5863
v 6.3462 0.0450 0.6303
v 6.3022 0.0450 0.6303
v 6.3562 0.0000 0.6083
v 6.3468 0.0000 0.6309
v 6.3242 0.0000 0.6403
v 6.3015 0.0000 0.6309
v 6.2922 0.0000 0.6083
v 6.3015 0.0000 0.5856
v 6.3242 0.0000 0.5763
v 6.3468 0.0000 0.5856
v 6.3562 0.0450 0.6083
v 6.3468 0.0450 0.6309
v 6.3242 0.0450 0.6403
v 6.3015 0.0450 0.6309
v 6.2922 0.0450 0.6083
v 6.3015 0.0450 0.5856
v 6.3242 0.0450 0.5763
v 6.3468 0.0450 0.5856
v 6.2220 0.0550 0.3520
v 6.2780 0.0550 0.3520
v 6.2780 0.0550 0.4080
v 6.2220 0.0550 0.4080
v 6.0338 0.0450 0.4991
v 6.0778 0.0450 0.4991
v 6.0778 0.0450 0.5431
v 6.0338 0.0450 0.5431
v 6.0878 0.0000 0.5211
v 6.0785 0.0000 0.5437
v 6.0558 0.0000 0.5531
v 6.0332 0.0000 0.5437
v 6.0238 0.0000 0.5211
v 6.0332 0.0000 0.4984
v 6.0558 0.0000 0.4891
v 6.0785 0.0000 0.4984
v 6.0878 0.0450 0.5211
v 6.0785 0.0450 0.5437
v 6.0558 0.0450 0.5531
v 6.0332 0.0450 0.5437
v 6.0238 0.0450 0.5211
v 6.0332 0.0450 0.4984
v 6.0558 0.0450 0.4891
v 6.0785 0.0450 0.4984
v 6.2220 0.0550 0.3520
v 6.2780 0.0550 0.3520
v 6.2780 0.0550 0.4080
v 6.2220 0.0550 0.4080
v 6.0338 0.0450 0.2169
v 6.0778 0.0450 0.2169
v 6.0778 0.0450 0.2609
v 6.0338 0.0450 0.2609
v 6.0878 0.0000 0.2389
v 6.0785 0.0000 0.2616
v 6.0558 0.0000 0.2709
v 6.0332 0.0000 0.2616
v 6.0238 0.0000 0.2389
v 6.0332 0.0000 0.2163
v 6.0558 0.0000 0.2069
v 6.0785 0.0000 0.2163
v 6.0878 0.0450 0.2389
v 6.0785 0.0450 0.2616
v 6.0558 0.0450 0.2709
v 6.0332 0.0450 0.2616
v 6.0238 0.0450 0.2389
v 6.0332 0.0450 0.2163
v 6.0558 0.0450 0.2069
v 6.0785 0.0450 0.2163
v 6.2220 0.0550 0.3520
v 6.2780 0.0550 0.3520
v 6.2780 0.0550 0.4080
v 6.2220 0.0550 0.4080
v 6.3022 0.0450 0.1297
v 6.3462 0.0450 0.1297
v 6.3462 0.0450 0.1737
v 6.3022 0.0450 0.1737
v 6.3562 0.0000 0.1517
v 6.3468 0.0000 0.1744
v 6.3242 0.0000 0.1837
v 6.3015 0.0000 0.1744
v 6.2922 0.0000 0.1517
v 6.3015 0.0000 0.1291
v 6.3242 0.0000 0.1197
v 6.3468 0.0000 0.1291
v 6.3562 0.0450 0.1517
v 6.3468 0.0450 0.1744
v 6.3242 0.0450 0.1837
v 6.3015 0.0450 0.1744
v 6.2922 0.0450 0.1517
v 6.3015 0.0450 0.1291
v 6.3242 0.0450 0.1197
v 6.3468 0.0450 0.1291
v 6.2980 0.0500 0.3800
v 6.2888 0.0500 0.4082
v 6.2648 0.0500 0.4257
v 6.2352 0.0500 0.4257
v 6.2112 0.0500 0.4082
v 6.2020 0.0500 0.3800
v 6.2112 0.0500 0.3518
v 6.2352 0.0500 0.3343
v 6.2648 0.0500 0.3343
v 6.2888 0.0500 0.3518
v 6.2980 0.1100 0.3800
v 6.2888 0.1100 0.4082
v 6.2648 0.1100 0.4257
v 6.2352 0.1100 0.4257
v 6.2112 0.1100 0.4082
v 6.2020 0.1100 0.3800
v 6.2112 0.1100 0.3518
v 6.2352 0.1100 0.3343
v 6.2648 0.1100 0.3343
v 6.2888 0.1100 0.3518
v 6.2820 0.1100 0.3800
v 6.2759 0.1100 0.3988
v 6.2599 0.1100 0.4104
v 6.2401 0.1100 0.4104
v 6.2241 0.1100 0.3988
v 6.2180 0.1100 0.3800
v 6.2241 0.1100 0.3612
v 6.2401 0.1100 0.3496
v 6.2599 0.1100 0.3496
v 6.2759 0.1100 0.3612
v 6.2820 0.4100 0.3800
v 6.2759 0.4100 0.3988
v 6.2599 0.4100 0.4104
v 6.2401 0.4100 0.4104
v 6.2241 0.4100 0.3988
v 6.2180 0.4100 0.3800
v 6.2241 0.4100 0.3612
v 6.2401 0.4100 0.3496
v 6.2599 0.4100 0.3496
v 6.2759 0.4100 0.3612
v 6.3050 0.4100 0.3800
v 6.2945 0.4100 0.4123
v 6.2670 0.4100 0.4323
v 6.2330 0.4100 0.4323
v 6.2055 0.4100 0.4123
v 6.1950 0.4100 0.3800
v 6.2055 0.4100 0.3477
v 6.2330 0.4100 0.3277
v 6.2670 0.4100 0.3277
v 6.2945 0.4100 0.3477
v 6.3050 0.4500 0.3800
v 6.2945 0.4500 0.4123
v 6.2670 0.4500 0.4323
v 6.2330 0.4500 0.4323
v 6.2055 0.4500 0.4123
v 6.1950 0.4500 0.3800
v 6.2055 0.4500 0.3477
v 6.2330 0.4500 0.3277
v 6.2670 0.4500 0.3277
v 6.2945 0.4500 0.3477
v 6.0150 0.4500 0.1650
v 6.4850 0.4500 0.1650
v 6.4850 0.4500 0.6150
v 6.0150 0.4500 0.6150
v 6.0150 0.5050 0.1650
v 6.4850 0.5050 0.1650
v 6.4850 0.5050 0.6150
v 6.0150 0.5050 0.6150
v 6.0350 0.4400 0.5150
v 6.4650 0.4400 0.5150
v 6.4650 0.4400 0.6250
v 6.0350 0.4400 0.6250
v 6.0350 0.4850 0.5150
v 6.4650 0.4850 0.5150
v 6.4650 0.4850 0.6250
v 6.0350 0.4850 0.6250
v 6.0290 0.5200 0.1560
v 6.0610 0.5200 0.1560
v 6.0610 0.5200 0.1940
v 6.0290 0.5200 0.1940
v 6.0290 0.6700 0.1560
v 6.0610 0.6700 0.1560
v 6.0610 0.6700 0.1940
v 6.0290 0.6700 0.1940
v 6.4390 0.5200 0.1560
v 6.4710 0.5200 0.1560
v 6.4710 0.5200 0.1940
v 6.4390 0.5200 0.1940
v 6.4390 0.6700 0.1560
v 6.4710 0.6700 0.1560
v 6.4710 0.6700 0.1940
v 6.4390 0.6700 0.1940
v 6.0600 0.5200 0.1670
v 6.4400 0.5200 0.1670
v 6.4400 0.5200 0.1830
v 6.0600 0.5200 0.1830
v 6.0600 0.6700 0.1670
v 6.4400 0.6700 0.1670
v 6.4400 0.6700 0.1830
v 6.0600 0.6700 0.1830
v 6.0290 0.6700 0.1390
v 6.0610 0.6700 0.1390
v 6.0610 0.6700 0.1770
v 6.0290 0.6700 0.1770
v 6.0290 0.8300 0.1390
v 6.0610 0.8300 0.1390
v 6.0610 0.8300 0.1770
v 6.0290 0.8300 0.1770
v 6.4390 0.6700 0.1390
v 6.4710 0.6700 0.1390
v 6.4710 0.6700 0.1770
v 6.4390 0.6700 0.1770
v 6.4390 0.8300 0.1390
v 6.4710 0.8300 0.1390
v 6.4710 0.8300 0.1770
v 6.4390 0.8300 0.1770
v 6.0600 0.6700 0.1500
v 6.4400 0.6700 0.1500
v 6.4400 0.6700 0.1660
v 6.0600 0.6700 0.1660
v 6.0600 0.8300 0.1500
v 6.4400 0.8300 0.1500
v 6.4400 0.8300 0.1660
v 6.0600 0.8300 0.1660
v 6.0290 0.8300 0.1190
v 6.0610 0.8300 0.1190
v 6.0610 0.8300 0.1570
v 6.0290 0.8300 0.1570
v 6.0290 0.9700 0.1190
v 6.0610 0.9700 0.1190
v 6.0610 0.9700 0.1570
v 6.0290 0.9700 0.1570
v 6.4390 0.8300 0.1190
v 6.4710 0.8300 0.1190
v 6.4710 0.8300 0.1570
v 6.4390 0.8300 0.1570
v 6.4390 0.9700 0.1190
v 6.4710 0.9700 0.1190
v 6.4710 0.9700 0.1570
v 6.4390 0.9700 0.1570
v 6.0600 0.8300 0.1300
v 6.4400 0.8300 0.1300
v 6.4400 0.8300 0.1460
v 6.0600 0.8300 0.1460
v 6.0600 0.9700 0.1300
v 6.4400 0.9700 0.1300
v 6.4400 0.9700 0.1460
v 6.0600 0.9700 0.1460
v 6.0300 0.9550 0.1140
v 6.4700 0.9550 0.1140
v 6.4700 0.9550 0.1560
v 6.0300 0.9550 0.1560
v 6.0300 0.9900 0.1140
v 6.4700 0.9900 0.1140
v 6.4700 0.9900 0.1560
v 6.0300 0.9900 0.1560
v 6.1950 0.5000 0.1650
v 6.3050 0.5000 0.1650
v 6.3050 0.5000 0.2150
v 6.1950 0.5000 0.2150
v 6.1950 0.5900 0.1650
v 6.3050 0.5900 0.1650
v 6.3050 0.5900 0.2150
v 6.1950 0.5900 0.2150
v 5.9725 0.5000 0.2100
v 6.0175 0.5000 0.2100
v 6.0175 0.5000 0.5100
v 5.9725 0.5000 0.5100
v 5.9725 0.6700 0.2100
v 6.0175 0.6700 0.2100
v 6.0175 0.6700 0.5100
v 5.9725 0.6700 0.5100
v 5.9675 0.6700 0.2500
v 6.0225 0.6700 0.2500
v 6.0225 0.6700 0.5100
v 5.9675 0.6700 0.5100
v 5.9675 0.7050 0.2500
v 6.0225 0.7050 0.2500
v 6.0225 0.7050 0.5100
v 5.9675 0.7050 0.5100
v 6.4825 0.5000 0.2100
v 6.5275 0.5000 0.2100
v 6.5275 0.5000 0.5100
v 6.4825 0.5000 0.5100
v 6.4825 0.6700 0.2100
v 6.5275 0.6700 0.2100
v 6.5275 0.6700 0.5100
v 6.4825 0.6700 0.5100
v 6.4775 0.6700 0.2500
v 6.5325 0.6700 0.2500
v 6.5325 0.6700 0.5100
v 6.4775 0.6700 0.5100
v 6.4775 0.7050 0.2500
v 6.5325 0.7050 0.2500
v 6.5325 0.7050 0.5100
v 6.4775 0.7050 0.5100
v 6.2220 0.0550 2.5520
v 6.2780 0.0550 2.5520
v 6.2780 0.0550 2.6080
v 6.2220 0.0550 2.6080
v 5.9880 0.0450 2.5580
v 6.0320 0.0450 2.5580
v 6.0320 0.0450 2.6020
v 5.9880 0.0450 2.6020
v 6.0420 0.0000 2.5800
v 6.0326 0.0000 2.6026
v 6.0100 0.0000 2.6120
v 5.9874 0.0000 2.6026
v 5.9780 0.0000 2.5800
v 5.9874 0.0000 2.5574
v 6.0100 0.0000 2.5480
v 6.0326 0.0000 2.5574
v 6.0420 0.0450 2.5800
v 6.0326 0.0450 2.6026
v 6.0100 0.0450 2.6120
v 5.9874 0.0450 2.6026
v 5.9780 0.0450 2.5800
v 5.9874 0.0450 2.5574
v 6.0100 0.0450 2.5480
v 6.0326 0.0450 2.5574
v 6.2220 0.0550 2.5520
v 6.2780 0.0550 2.5520
v 6.2780 0.0550 2.6080
v 6.2220 0.0550 2.6080
v 6.1538 0.0450 2.3297
v 6.1978 0.0450 2.3297
v 6.1978 0.0450 2.3737
v 6.1538 0.0450 2.3737
v 6.2078 0.0000 2.3517
v 6.1985 0.0000 2.3744
v 6.1758 0.0000 2.3837
v 6.1532 0.0000 2.3744
v 6.1438 0.0000 2.3517
v 6.1532 0.0000 2.3291
v 6.1758 0.0000 2.3197
v 6.1985 0.0000 2.3291
v 6.2078 0.0450 2.3517
v 6.1985 0.0450 2.3744
v 6.1758 0.0450 2.3837
v 6.1532 0.0450 2.3744
v 6.1438 0.0450 2.3517
v 6.1532 0.0450 2.3291
v 6.1758 0.0450 2.3197
v 6.1985 0.0450 2.3291
v 6.2220 0.0550 2.5520
v 6.2780 0.0550 2.5520
v 6.2780 0.0550 2.6080
v 6.2220 0.0550 2.6080
v 6.4222 0.0450 2.4169
v 6.4662 0.0450 2.4169
v 6.4662 0.0450 2.4609
v 6.4222 0.0450 2.4609
v 6.4762 0.0000 2.4389
v 6.4668 0.0000 2.4616
v 6.4442 0.0000 2.4709
v 6.4215 0.0000 2.4616
v 6.4122 0.0000 2.4389
v 6.4215 0.0000 2.4163
v 6.4442 0.0000 2.4069
v 6.4668 0.0000 2.4163
v 6.4762 0.0450 2.4389
v 6.4668 0.0450 2.4616
v 6.4442 0.0450 2.4709
v 6.4215 0.0450 2.4616
v 6.4122 0.0450 2.4389
v 6.4215 0.0450 2.4163
v 6.4442 0.0450 2.4069
v 6.4668 0.0450 2.4163
v 6.2220 0.0550 2.5520
v 6.2780 0.0550 2.5520
v 6.2780 0.0550 2.6080
v 6.2220 0.0550 2.6080
v 6.4222 0.0450 2.6991
v 6.4662 0.0450 2.6991
v 6.4662 0.0450 2.7431
v 6.4222 0.0450 2.7431
v 6.4762 0.0000 2.7211
v 6.4668 0.0000 2.7437
v 6.4442 0.0000 2.7531
v 6.4215 0.0000 2.7437
v 6.4122 0.0000 2.7211
v 6.4215 0.0000 2.6984
v 6.4442 0.0000 2.6891
v 6.4668 0.0000 2.6984
v 6.4762 0.0450 2.7211
v 6.4668 0.0450 2.7437
v 6.4442 0.0450 2.7531
v 6.4215 0.0450 2.7437
v 6.4122 0.0450 2.7211
v 6.4215 0.0450 2.6984
v 6.4442 0.0450 2.6891
v 6.4668 0.0450 2.6984
v 6.2220 0.0550 2.5520
v 6.2780 0.0550 2.5520
v 6.2780 0.0550 2.6080
v 6.2220 0.0550 2.6080
v 6.1538 0.0450 2.7863
v 6.1978 0.0450 2.7863
v 6.1978 0.0450 2.8303
v 6.1538 0.0450 2.8303
v 6.2078 0.0000 2.8083
v 6.1985 0.0000 2.8309
v 6.1758 0.0000 2.8403
v 6.1532 0.0000 2.8309
v 6.1438 0.0000 2.8083
v 6.1532 0.0000 2.7856
v 6.1758 0.0000 2.7763
v 6.1985 0.0000 2.7856
v 6.2078 0.0450 2.8083
v 6.1985 0.0450 2.8309
v 6.1758 0.0450 2.8403
v 6.1532 0.0450 2.8309
v 6.1438 0.0450 2.8083
v 6.1532 0.0450 2.7856
v 6.1758 0.0450 2.7763
v 6.1985 0.0450 2.7856
v 6.2980 0.0500 2.5800
v 6.2888 0.0500 2.6082
v 6.2648 0.0500 2.6257
v 6.2352 0.0500 2.6257
v 6.2112 0.0500 2.6082
v 6.2020 0.0500 2.5800
v 6.2112 0.0500 2.5518
v 6.2352 0.0500 2.5343
v 6.2648 0.0500 2.5343
v 6.2888 0.0500 2.5518
v 6.2980 0.1100 2.5800
v 6.2888 0.1100 2.6082
v 6.2648 0.1100 2.6257
v 6.2352 0.1100 2.6257
v 6.2112 0.1100 2.6082
v 6.2020 0.1100 2.5800
v 6.2112 0.1100 2.5518
v 6.2352 0.1100 2.5343
v 6.2648 0.1100 2.5343
v 6.2888 0.1100 2.5518
v 6.2820 0.1100 2.5800
v 6.2759 0.1100 2.5988
v 6.2599 0.1100 2.6104
v 6.2401 0.1100 2.6104
v 6.2241 0.1100 2.5988
v 6.2180 0.1100 2.5800
v 6.2241 0.1100 2.5612
v 6.2401 0.1100 2.5496
v 6.2599 0.1100 2.5496
v 6.2759 0.1100 2.5612
v 6.2820 0.4100 2.5800
v 6.2759 0.4100 2.5988
v 6.2599 0.4100 2.6104
v 6.2401 0.4100 2.6104
v 6.2241 0.4100 2.5988
v 6.2180 0.4100 2.5800
v 6.2241 0.4100 2.5612
v 6.2401 0.4100 2.5496
v 6.2599 0.4100 2.5496
v 6.2759 0.4100 2.5612
v 6.3050 0.4100 2.5800
v 6.2945 0.4100 2.6123
v 6.2670 0.4100 2.6323
v 6.2330 0.4100 2.6323
v 6.2055 0.4100 2.6123
v 6.1950 0.4100 2.5800
v 6.2055 0.4100 2.5477
v 6.2330 0.4100 2.5277
v 6.2670 0.4100 2.5277
v 6.2945 0.4100 2.5477
v 6.3050 0.4500 2.5800
v 6.2945 0.4500 2.6123
v 6.2670 0.4500 2.6323
v 6.2330 0.4500 2.6323
v 6.2055 0.4500 2.6123
v 6.1950 0.4500 2.5800
v 6.2055 0.4500 2.5477
v 6.2330 0.4500 2.5277
v 6.2670 0.4500 2.5277
v 6.2945 0.4500 2.5477
v 6.0150 0.4500 2.3450
v 6.4850 0.4500 2.3450
v 6.4850 0.4500 2.7950
v 6.0150 0.4500 2.7950
v 6.0150 0.5050 2.3450
v 6.4850 0.5050 2.3450
v 6.4850 0.5050 2.7950
v 6.0150 0.5050 2.7950
v 6.0350 0.4400 2.3350
v 6.4650 0.4400 2.3350
v 6.4650 0.4400 2.4450
v 6.0350 0.4400 2.4450
v 6.0350 0.4850 2.3350
v 6.4650 0.4850 2.3350
v 6.4650 0.4850 2.4450
v 6.0350 0.4850 2.4450
v 6.4390 0.5200 2.7660
v 6.4710 0.5200 2.7660
v 6.4710 0.5200 2.8040
v 6.4390 0.5200 2.8040
v 6.4390 0.6700 2.7660
v 6.4710 0.6700 2.7660
v 6.4710 0.6700 2.8040
v 6.4390 0.6700 2.8040
v 6.0290 0.5200 2.7660
v 6.0610 0.5200 2.7660
v 6.0610 0.5200 2.8040
v 6.0290 0.5200 2.8040
v 6.0290 0.6700 2.7660
v 6.0610 0.6700 2.7660
v 6.0610 0.6700 2.8040
v 6.0290 0.6700 2.8040
v 6.0600 0.5200 2.7770
v 6.4400 0.5200 2.7770
v 6.4400 0.5200 2.7930
v 6.0600 0.5200 2.7930
v 6.0600 0.6700 2.7770
v 6.4400 0.6700 2.7770
v 6.4400 0.6700 2.7930
v 6.0600 0.6700 2.7930
v 6.4390 0.6700 2.7830
v 6.4710 0.6700 2.7830
v 6.4710 0.6700 2.8210
v 6.4390 0.6700 2.8210
v 6.4390 0.8300 2.7830
v 6.4710 0.8300 2.7830
v 6.4710 0.8300 2.8210
v 6.4390 0.8300 2.8210
v 6.0290 0.6700 2.7830
v 6.0610 0.6700 2.7830
v 6.0610 0.6700 2.8210
v 6.0290 0.6700 2.8210
v 6.0290 0.8300 2.7830
v 6.0610 0.8300 2.7830
v 6.0610 0.8300 2.8210
v 6.0290 0.8300 2.8210
v 6.0600 0.6700 2.7940
v 6.4400 0.6700 2.7940
v 6.4400 0.6700 2.8100
v 6.0600 0.6700 2.8100
v 6.0600 0.8300 2.7940
v 6.4400 0.8300 2.7940
v 6.4400 0.8300 2.8100
v 6.0600 0.8300 2.8100
v 6.4390 0.8300 2.8030
v 6.4710 0.8300 2.8030
v 6.4710 0.8300 2.8410
v 6.4390 0.8300 2.8410
v 6.4390 0.9700 2.8030
v 6.4710 0.9700 2.8030
v 6.4710 0.9700 2.8410
v 6.4390 0.9700 2.8410
v 6.0290 0.8300 2.8030
v 6.0610 0.8300 2.8030
v 6.0610 0.8300 2.8410
v 6.0290 0.8300 2.8410
v 6.0290 0.9700 2.8030
v 6.0610 0.9700 2.8030
v 6.0610 0.9700 2.8410
v 6.0290 0.9700 2.8410
v 6.0600 0.8300 2.8140
v 6.4400 0.8300 2.8140
v 6.4400 0.8300 2.8300
v 6.0600 0.8300 2.8300
v 6.0600 0.9700 2.8140
v 6.4400 0.9700 2.8140
v 6.4400 0.9700 2.8300
v 6.0600 0.9700 2.8300
v 6.0300 0.9550 2.8040
v 6.4700 0.9550 2.8040
v 6.4700 0.9550 2.8460
v 6.0300 0.9550 2.8460
v 6.0300 0.9900 2.8040
v 6.4700 0.9900 2.8040
v 6.4700 0.9900 2.8460
v 6.0300 0.9900 2.8460
v 6.1950 0.5000 2.7450
v 6.3050 0.5000 2.7450
v 6.3050 0.5000 2.7950
v 6.1950 0.5000 2.7950
v 6.1950 0.5900 2.7450
v 6.3050 0.5900 2.7450
v 6.3050 0.5900 2.7950
v 6.1950 0.5900 2.7950
v 6.4825 0.5000 2.4500
v 6.5275 0.5000 2.4500
v 6.5275 0.5000 2.7500
v 6.4825 0.5000 2.7500
v 6.4825 0.6700 2.4500
v 6.5275 0.6700 2.4500
v 6.5275 0.6700 2.7500
v 6.4825 0.6700 2.7500
v 6.4775 0.6700 2.4500
v 6.5325 0.6700 2.4500
v 6.5325 0.6700 2.7100
v 6.4775 0.6700 2.7100
v 6.4775 0.7050 2.4500
v 6.5325 0.7050 2.4500
v 6.5325 0.7050 2.7100
v 6.4775 0.7050 2.7100
v 5.9725 0.5000 2.4500
v 6.0175 0.5000 2.4500
v 6.0175 0.5000 2.7500
v 5.9725 0.5000 2.7500
v 5.9725 0.6700 2.4500
v 6.0175 0.6700 2.4500
v 6.0175 0.6700 2.7500
v 5.9725 0.6700 2.7500
v 5.9675 0.6700 2.4500
v 6.0225 0.6700 2.4500
v 6.0225 0.6700 2.7100
v 5.9675 0.6700 2.7100
v 5.9675 0.7050 2.4500
v 6.0225 0.7050 2.4500
v 6.0225 0.7050 2.7100
v 5.9675 0.7050 2.7100
v 7.0220 0.0550 0.3520
v 7.0780 0.0550 0.3520
v 7.0780 0.0550 0.4080
v 7.0220 0.0550 0.4080
v 7.2680 0.0450 0.3580
v 7.3120 0.0450 0.3580
v 7.3120 0.0450 0.4020
v 7.2680 0.0450 0.4020
v 7.3220 0.0000 0.3800
v 7.3126 0.0000 0.4026
v 7.2900 0.0000 0.4120
v 7.2674 0.0000 0.4026
v 7.2580 0.0000 0.3800
v 7.2674 0.0000 0.3574
v 7.2900 0.0000 0.3480
v 7.3126 0.0000 0.3574
v 7.3220 0.0450 0.3800
v 7.3126 0.0450 0.4026
v 7.2900 0.0450 0.4120
v 7.2674 0.0450 0.4026
v 7.2580 0.0450 0.3800
v 7.2674 0.0450 0.3574
v 7.2900 0.0450 0.3480
v 7.3126 0.0450 0.3574
v 7.0220 0.0550 0.3520
v 7.0780 0.0550 0.3520
v 7.0780 0.0550 0.4080
v 7.0220 0.0550 0.4080
v 7.1022 0.0450 0.5863
v 7.1462 0.0450 0.5863
v 7.1462 0.0450 0.6303
v 7.1022 0.0450 0.6303
v 7.1562 0.0000 0.6083
v 7.1468 0.0000 0.6309
v 7.1242 0.0000 0.6403
v 7.1015 0.0000 0.6309
v 7.0922 0.0000 0.6083
v 7.1015 0.0000 0.5856
v 7.1242 0.0000 0.5763
v 7.1468 0.0000 0.5856
v 7.1562 0.0450 0.6083
v 7.1468 0.0450 0.6309
v 7.1242 0.0450 0.6403
v 7.1015 0.0450 0.6309
v 7.0922 0.0450 0.6083
v 7.1015 0.0450 0.5856
v 7.1242 0.0450 0.5763
v 7.1468 0.0450 0.5856
v 7.0220 0.0550 0.3520
v 7.0780 0.0550 0.3520
v 7.0780 0.0550 0.4080
v 7.0220 0.0550 0.4080
v 6.8338 0.0450 0.4991
v 6.8778 0.0450 0.4991
v 6.8778 0.0450 0.5431
v 6.8338 0.0450 0.5431
v 6.8878 0.0000 0.5211
v 6.8785 0.0000 0.5437
v 6.8558 0.0000 0.5531
v 6.8332 0.0000 0.5437
v 6.8238 0.0000 0.5211
v 6.8332 0.0000 0.4984
v 6.8558 0.0000 0.4891
v 6.8785 0.0000 0.4984
v 6.8878 0.0450 0.5211
v 6.8785 0.0450 0.5437
v 6.8558 0.0450 0.5531
v 6.8332 0.0450 0.5437
v 6.8238 0.0450 0.5211
v 6.8332 0.0450 0.4984
v 6.8558 0.0450 0.4891
v 6.8785 0.0450 0.4984
v 7.0220 0.0550 0.3520
v 7.0780 0.0550 0.3520
v 7.0780 0.0550 0.4080
v 7.0220 0.0550 0.4080
v 6.8338 0.0450 0.2169
v 6.8778 0.0450 0.2169
v 6.8778 0.0450 0.2609
v 6.8338 0.0450 0.2609
v 6.8878 0.0000 0.2389
v 6.8785 0.0000 0.2616
v 6.8558 0.0000 0.2709
v 6.8332 0.0000 0.2616
v 6.8238 0.0000 0.2389
v 6.8332 0.0000 0.2163
v 6.8558 0.0000 0.2069
v 6.8785 0.0000 0.2163
v 6.8878 0.0450 0.2389
v 6.8785 0.0450 0.2616
v 6.8558 0.0450 0.2709
v 6.8332 0.0450 0.2616
v 6.8238 0.0450 0.2389
v 6.8332 0.0450 0.2163
v 6.8558 0.0450 0.2069
v 6.8785 0.0450 0.2163
v 7.0220 0.0550 0.3520
v 7.0780 0.0550 0.3520
v 7.0780 0.0550 0.4080
v 7.0220 0.0550 0.4080
v 7.1022 0.0450 0.1297
v 7.1462 0.0450 0.1297
v 7.1462 0.0450 0.1737
v 7.1022 0.0450 0.1737
v 7.1562 0.0000 0.1517
v 7.1468 0.0000 0.1744
v 7.1242 0.0000 0.1837
v 7.1015 0.0000 0.1744
v 7.0922 0.0000 0.1517
v 7.1015 0.0000 0.1291
v 7.1242 0.0000 0.1197
v 7.1468 0.0000 0.1291
v 7.1562 0.0450 0.1517
v 7.1468 0.0450 0.1744
v 7.1242 0.0450 0.1837
v 7.1015 0.0450 0.1744
v 7.0922 0.0450 0.1517
v 7.1015 0.0450 0.1291
v 7.1242 0.0450 0.1197
v 7.1468 0.0450 0.1291
v 7.0980 0.0500 0.3800
v 7.0888 0.0500 0.4082
v 7.0648 0.0500 0.4257
v 7.0352 0.0500 0.4257
v 7.0112 0.0500 0.4082
v 7.0020 0.0500 0.3800
v 7.0112 0.0500 0.3518
v 7.0352 0.0500 0.3343
v 7.0648 0.0500 0.3343
v 7.0888 0.0500 0.3518
v 7.0980 0.1100 0.3800
v 7.0888 0.1100 0.4082
v 7.0648 0.1100 0.4257
v 7.0352 0.1100 0.4257
v 7.0112 0.1100 0.4082
v 7.0020 0.1100 0.3800
v 7.0112 0.1100 0.3518
v 7.0352 0.1100 0.3343
v 7.0648 0.1100 0.3343
v 7.0888 0.1100 0.3518
v 7.0820 0.1100 0.3800
v 7.0759 0.1100 0.3988
v 7.0599 0.1100 0.4104
v 7.0401 0.1100 0.4104
v 7.0241 0.1100 0.3988
v 7.0180 0.1100 0.3800
v 7.0241 0.1100 0.3612
v 7.0401 0.1100 0.3496
v 7.0599 0.1100 0.3496
v 7.0759 0.1100 0.3612
v 7.0820 0.4100 0.3800
v 7.0759 0.4100 0.3988
v 7.0599 0.4100 0.4104
v 7.0401 0.4100 0.4104
v 7.0241 0.4100 0.3988
v 7.0180 0.4100 0.3800
v 7.0241 0.4100 0.3612
v 7.0401 0.4100 0.3496
v 7.0599 0.4100 0.3496
v 7.0759 0.4100 0.3612
v 7.1050 0.4100 0.3800
v 7.0945 0.4100 0.4123
v 7.0670 0.4100 0.4323
v 7.0330 0.4100 0.4323
v 7.0055 0.4100 0.4123
v 6.9950 0.4100 0.3800
v 7.0055 0.4100 0.3477
v 7.0330 0.4100 0.3277
v 7.0670 0.4100 0.3277
v 7.0945 0.4100 0.3477
v 7.1050 0.4500 0.3800
v 7.0945 0.4500 0.4123
v 7.0670 0.4500 0.4323
v 7.0330 0.4500 0.4323
v 7.0055 0.4500 0.4123
v 6.9950 0.4500 0.3800
v 7.0055 0.4500 0.3477
v 7.0330 0.4500 0.3277
v 7.0670 0.4500 0.3277
v 7.0945 0.4500 0.3477
v 6.8150 0.4500 0.1650
v 7.2850 0.4500 0.1650
v 7.2850 0.4500 0.6150
v 6.8150 0.4500 0.6150
v 6.8150 0.5050 0.1650
v 7.2850 0.5050 0.1650
v 7.2850 0.5050 0.6150
v 6.8150 0.5050 0.6150
v 6.8350 0.4400 0.5150
v 7.2650 0.4400 0.5150
v 7.2650 0.4400 0.6250
v 6.8350 0.4400 0.6250
v 6.8350 0.4850 0.5150
v 7.2650 0.4850 0.5150
v 7.2650 0.4850 0.6250
v 6.8350 0.4850 0.6250
v 6.8290 0.5200 0.1560
v 6.8610 0.5200 0.1560
v 6.8610 0.5200 0.1940
v 6.8290 0.5200 0.1940
v 6.8290 0.6700 0.1560
v 6.8610 0.6700 0.1560
v 6.8610 0.6700 0.1940
v 6.8290 0.6700 0.1940
v 7.2390 0.5200 0.1560
v 7.2710 0.5200 0.1560
v 7.2710 0.5200 0.1940
v 7.2390 0.5200 0.1940
v 7.2390 0.6700 0.1560
v 7.2710 0.6700 0.1560
v 7.2710 0.6700 0.1940
v 7.2390 0.6700 0.1940
v 6.8600 0.5200 0.1670
v 7.2400 0.5200 0.1670
v 7.2400 0.5200 0.1830
v 6.8600 0.5200 0.1830
v 6.8600 0.6700 0.1670
v 7.2400 0.6700 0.1670
v 7.2400 0.6700 0.1830
v 6.8600 0.6700 0.1830
v 6.8290 0.6700 0.1390
v 6.8610 0.6700 0.1390
v 6.8610 0.6700 0.1770
v 6.8290 0.6700 0.1770
v 6.8290 0.8300 0.1390
v 6.8610 0.8300 0.1390
v 6.8610 0.8300 0.1770
v 6.8290 0.8300 0.1770
v 7.2390 0.6700 0.1390
v 7.2710 0.6700 0.1390
v 7.2710 0.6700 0.1770
v 7.2390 0.6700 0.1770
v 7.2390 0.8300 0.1390
v 7.2710 0.8300 0.1390
v 7.2710 0.8300 0.1770
v 7.2390 0.8300 0.1770
v 6.8600 0.6700 0.1500
v 7.2400 0.6700 0.1500
v 7.2400 0.6700 0.1660
v 6.8600 0.6700 0.1660
v 6.8600 0.8300 0.1500
v 7.2400 0.8300 0.1500
v 7.2400 0.8300 0.1660
v 6.8600 0.8300 0.1660
v 6.8290 0.8300 0.1190
v 6.8610 0.8300 0.1190
v 6.8610 0.8300 0.1570
v 6.8290 0.8300 0.1570
v 6.8290 0.9700 0.1190
v 6.8610 0.9700 0.1190
v 6.8610 0.9700 0.1570
v 6.8290 0.9700 0.1570
v 7.2390 0.8300 0.1190
v 7.2710 0.8300 0.1190
v 7.2710 0.8300 0.1570
v 7.2390 0.8300 0.1570
v 7.2390 0.9700 0.1190
v 7.2710 0.9700 0.1190
v 7.2710 0.9700 0.1570
v 7.2390 0.9700 0.1570
v 6.8600 0.8300 0.1300
v 7.2400 0.8300 0.1300
v 7.2400 0.8300 0.1460
v 6.8600 0.8300 0.1460
v 6.8600 0.9700 0.1300
v 7.2400 0.9700 0.1300
v 7.2400 0.9700 0.1460
v 6.8600 0.9700 0.1460
v 6.8300 0.9550 0.1140
v 7.2700 0.9550 0.1140
v 7.2700 0.9550 0.1560
v 6.8300 0.9550 0.1560
v 6.8300 0.9900 0.1140
v 7.2700 0.9900 0.1140
v 7.2700 0.9900 0.1560
v 6.8300 0.9900 0.1560
v 6.9950 0.5000 0.1650
v 7.1050 0.5000 0.1650
v 7.1050 0.5000 0.2150
v 6.9950 0.5000 0.2150
v 6.9950 0.5900 0.1650
v 7.1050 0.5900 0.1650
v 7.1050 0.5900 0.2150
v 6.9950 0.5900 0.2150
v 6.7725 0.5000 0.2100
v 6.8175 0.5000 0.2100
v 6.8175 0.5000 0.5100
v 6.7725 0.5000 0.5100
v 6.7725 0.6700 0.2100
v 6.8175 0.6700 0.2100
v 6.8175 0.6700 0.5100
v 6.7725 0.6700 0.5100
v 6.7675 0.6700 0.2500
v 6.8225 0.6700 0.2500
v 6.8225 0.6700 0.5100
v 6.7675 0.6700 0.5100
v 6.7675 0.7050 0.2500
v 6.8225 0.7050 0.2500
v 6.8225 0.7050 0.5100
v 6.7675 0.7050 0.5100
v 7.2825 0.5000 0.2100
v 7.3275 0.5000 0.2100
v 7.3275 0.5000 0.5100
v 7.2825 0.5000 0.5100
v 7.2825 0.6700 0.2100
v 7.3275 0.6700 0.2100
v 7.3275 0.6700 0.5100
v 7.2825 0.6700 0.5100
v 7.2775 0.6700 0.2500
v 7.3325 0.6700 0.2500
v 7.3325 0.6700 0.5100
v 7.2775 0.6700 0.5100
v 7.2775 0.7050 0.2500
v 7.3325 0.7050 0.2500
v 7.3325 0.7050 0.5100
v 7.2775 0.7050 0.5100
v 7.0220 0.0550 2.5520
v 7.0780 0.0550 2.5520
v 7.0780 0.0550 2.6080
v 7.0220 0.0550 2.6080
v 6.7880 0.0450 2.5580
v 6.8320 0.0450 2.5580
v 6.8320 0.0450 2.6020
v 6.7880 0.0450 2.6020
v 6.8420 0.0000 2.5800
v 6.8326 0.0000 2.6026
v 6.8100 0.0000 2.6120
v 6.7874 0.0000 2.6026
v 6.7780 0.0000 2.5800
v 6.7874 0.0000 2.5574
v 6.8100 0.0000 2.5480
v 6.8326 0.0000 2.5574
v 6.8420 0.0450 2.5800
v 6.8326 0.0450 2.6026
v 6.8100 0.0450 2.6120
v 6.7874 0.0450 2.6026
v 6.7780 0.0450 2.5800
v 6.7874 0.0450 2.5574
v 6.8100 0.0450 2.5480
v 6.8326 0.0450 2.5574
v 7.0220 0.0550 2.5520
v 7.0780 0.0550 2.5520
v 7.0780 0.0550 2.6080
v 7.0220 0.0550 2.6080
v 6.9538 0.0450 2.3297
v 6.9978 0.0450 2.3297
v 6.9978 0.0450 2.3737
v 6.9538 0.0450 2.3737
v 7.0078 0.0000 2.3517
v 6.9985 0.0000 2.3744
v 6.9758 0.0000 2.3837
v 6.9532 0.0000 2.3744
v 6.9438 0.0000 2.3517
v 6.9532 0.0000 2.3291
v 6.9758 0.0000 2.3197
v 6.9985 0.0000 2.3291
v 7.0078 0.0450 2.3517
v 6.9985 0.0450 2.3744
v 6.9758 0.0450 2.3837
v 6.9532 0.0450 2.3744
v 6.9438 0.0450 2.3517
v 6.9532 0.0450 2.3291
v 6.9758 0.0450 2.3197
v 6.9985 0.0450 2.3291
v 7.0220 0.0550 2.5520
v 7.0780 0.0550 2.5520
v 7.0780 0.0550 2.6080
v 7.0220 0.0550 2.6080
v 7.2222 0.0450 2.4169
v 7.2662 0.0450 2.4169
v 7.2662 0.0450 2.4609
v 7.2222 0.0450 2.4609
v 7.2762 0.0000 2.4389
v 7.2668 0.0000 2.4616
v 7.2442 0.0000 2.4709
v 7.2215 0.0000 2.4616
v 7.2122 0.0000 2.4389
v 7.2215 0.0000 2.4163
v 7.2442 0.0000 2.4069
v 7.2668 0.0000 2.4163
v 7.2762 0.0450 2.4389
v 7.2668 0.0450 2.4616
v 7.2442 0.0450 2.4709
v 7.2215 0.0450 2.4616
v 7.2122 0.0450 2.4389
v 7.2215 0.0450 2.4163
v 7.2442 0.0450 2.4069
v 7.2668 0.0450 2.4163
v 7.0220 0.0550 2.5520
v 7.0780 0.0550 2.5520
v 7.0780 0.0550 2.6080
v 7.0220 0.0550 2.6080
v 7.2222 0.0450 2.6991
v 7.2662 0.0450 2.6991
v 7.2662 0.0450 2.7431
v 7.2222 0.0450 2.7431
v 7.2762 0.0000 2.7211
v 7.2668 0.0000 2.7437
v 7.2442 0.0000 2.7531
v 7.2215 0.0000 2.7437
v 7.2122 0.0000 2.7211
v 7.2215 0.0000 2.6984
v 7.2442 0.0000 2.6891
v 7.2668 0.0000 2.6984
v 7.2762 0.0450 2.7211
v 7.2668 0.0450 2.7437
v 7.2442 0.0450 2.7531
v 7.2215 0.0450 2.7437
v 7.2122 0.0450 2.7211
v 7.2215 0.0450 2.6984
v 7.2442 0.0450 2.6891
v 7.2668 0.0450 2.6984
v 7.0220 0.0550 2.5520
v 7.0780 0.0550 2.5520
v 7.0780 0.0550 2.6080
v 7.0220 0.0550 2.6080
v 6.9538 0.0450 2.7863
v 6.9978 0.0450 2.7863
v 6.9978 0.0450 2.8303
v 6.9538 0.0450 2.8303
v 7.0078 0.0000 2.8083
v 6.9985 0.0000 2.8309
v 6.9758 0.0000 2.8403
v 6.9532 0.0000 2.8309
v 6.9438 0.0000 2.8083
v 6.9532 0.0000 2.7856
v 6.9758 0.0000 2.7763
v 6.9985 0.0000 2.7856
v 7.0078 0.0450 2.8083
v 6.9985 0.0450 2.8309
v 6.9758 0.0450 2.8403
v 6.9532 0.0450 2.8309
v 6.9438 0.0450 2.8083
v 6.9532 0.0450 2.7856
v 6.9758 0.0450 2.7763
v 6.9985 0.0450 2.7856
v 7.0980 0.0500 2.5800
v 7.0888 0.0500 2.6082
v 7.0648 0.0500 2.6257
v 7.0352 0.0500 2.6257
v 7.0112 0.0500 2.6082
v 7.0020 0.0500 2.5800
v 7.0112 0.0500 2.5518
v 7.0352 0.0500 2.5343
v 7.0648 0.0500 2.5343
v 7.0888 0.0500 2.5518
v 7.0980 0.1100 2.5800
v 7.0888 0.1100 2.6082
v 7.0648 0.1100 2.6257
v 7.0352 0.1100 2.6257
v 7.0112 0.1100 2.6082
v 7.0020 0.1100 2.5800
v 7.0112 0.1100 2.5518
v 7.0352 0.1100 2.5343
v 7.0648 0.1100 2.5343
v 7.0888 0.1100 2.5518
v 7.0820 0.1100 2.5800
v 7.0759 0.1100 2.5988
v 7.0599 0.1100 2.6104
v 7.0401 0.1100 2.6104
v 7.0241 0.1100 2.5988
v 7.0180 0.1100 2.5800
v 7.0241 0.1100 2.5612
v 7.0401 0.1100 2.5496
v 7.0599 0.1100 2.5496
v 7.0759 0.1100 2.5612
v 7.0820 0.4100 2.5800
v 7.0759 0.4100 2.5988
v 7.0599 0.4100 2.6104
v 7.0401 0.4100 2.6104
v 7.0241 0.4100 2.5988
v 7.0180 0.4100 2.5800
v 7.0241 0.4100 2.5612
v 7.0401 0.4100 2.5496
v 7.0599 0.4100 2.5496
v 7.0759 0.4100 2.5612
v 7.1050 0.4100 2.5800
v 7.0945 0.4100 2.6123
v 7.0670 0.4100 2.6323
v 7.0330 0.4100 2.6323
v 7.0055 0.4100 2.6123
v 6.9950 0.4100 2.5800
v 7.0055 0.4100 2.5477
v 7.0330 0.4100 2.5277
v 7.0670 0.4100 2.5277
v 7.0945 0.4100 2.5477
v 7.1050 0.4500 2.5800
v 7.0945 0.4500 2.6123
v 7.0670 0.4500 2.6323
v 7.0330 0.4500 2.6323
v 7.0055 0.4500 2.6123
v 6.9950 0.4500 2.5800
v 7.0055 0.4500 2.5477
v 7.0330 0.4500 2.5277
v 7.0670 0.4500 2.5277
v 7.0945 0.4500 2.5477
v 6.8150 0.4500 2.3450
v 7.2850 0.4500 2.3450
v 7.2850 0.4500 2.7950
v 6.8150 0.4500 2.7950
v 6.8150 0.5050 2.3450
v 7.2850 0.5050 2.3450
v 7.2850 0.5050 2.7950
v 6.8150 0.5050 2.7950
v 6.8350 0.4400 2.3350
v 7.2650 0.4400 2.3350
v 7.2650 0.4400 2.4450
v 6.8350 0.4400 2.4450
v 6.8350 0.4850 2.3350
v 7.2650 0.4850 2.3350
v 7.2650 0.4850 2.4450
v 6.8350 0.4850 2.4450
v 7.2390 0.5200 2.7660
v 7.2710 0.5200 2.7660
v 7.2710 0.5200 2.8040
v 7.2390 0.5200 2.8040
v 7.2390 0.6700 2.7660
v 7.2710 0.6700 2.7660
v 7.2710 0.6700 2.8040
v 7.2390 0.6700 2.8040
v 6.8290 0.5200 2.7660
v 6.8610 0.5200 2.7660
v 6.8610 0.5200 2.8040
v 6.8290 0.5200 2.8040
v 6.8290 0.6700 2.7660
v 6.8610 0.6700 2.7660
v 6.8610 0.6700 2.8040
v 6.8290 0.6700 2.8040
v 6.8600 0.5200 2.7770
v 7.2400 0.5200 2.7770
v 7.2400 0.5200 2.7930
v 6.8600 0.5200 2.7930
v 6.8600 0.6700 2.7770
v 7.2400 0.6700 2.7770
v 7.2400 0.6700 2.7930
v 6.8600 0.6700 2.7930
v 7.2390 0.6700 2.7830
v 7.2710 0.6700 2.7830
v 7.2710 0.6700 2.8210
v 7.2390 0.6700 2.8210
v 7.2390 0.8300 2.7830
v 7.2710 0.8300 2.7830
v 7.2710 0.8300 2.8210
v 7.2390 0.8300 2.8210
v 6.8290 0.6700 2.7830
v 6.8610 0.6700 2.7830
v 6.8610 0.6700 2.8210
v 6.8290 0.6700 2.8210
v 6.8290 0.8300 2.7830
v 6.8610 0.8300 2.7830
v 6.8610 0.8300 2.8210
v 6.8290 0.8300 2.8210
v 6.8600 0.6700 2.7940
v 7.2400 0.6700 2.7940
v 7.2400 0.6700 2.8100
v 6.8600 0.6700 2.8100
v 6.8600 0.8300 2.7940
v 7.2400 0.8300 2.7940
v 7.2400 0.8300 2.8100
v 6.8600 0.8300 2.8100
v 7.2390 0.8300 2.8030
v 7.2710 0.8300 2.8030
v 7.2710 0.8300 2.8410
v 7.2390 0.8300 2.8410
v 7.2390 0.9700 2.8030
v 7.2710 0.9700 2.8030
v 7.2710 0.9700 2.8410
v 7.2390 0.9700 2.8410
v 6.8290 0.8300 2.8030
v 6.8610 0.8300 2.8030
v 6.8610 0.8300 2.8410
v 6.8290 0.8300 2.8410
v 6.8290 0.9700 2.8030
v 6.8610 0.9700 2.8030
v 6.8610 0.9700 2.8410
v 6.8290 0.9700 2.8410
v 6.8600 0.8300 2.8140
v 7.2400 0.8300 2.8140
v 7.2400 0.8300 2.8300
v 6.8600 0.8300 2.8300
v 6.8600 0.9700 2.8140
v 7.2400 0.9700 2.8140
v 7.2400 0.9700 2.8300
v 6.8600 0.9700 2.8300
v 6.8300 0.9550 2.8040
v 7.2700 0.9550 2.8040
v 7.2700 0.9550 2.8460
v 6.8300 0.9550 2.8460
v 6.8300 0.9900 2.8040
v 7.2700 0.9900 2.8040
v 7.2700 0.9900 2.8460
v 6.8300 0.9900 2.8460
v 6.9950 0.5000 2.7450
v 7.1050 0.5000 2.7450
v 7.1050 0.5000 2.7950
v 6.9950 0.5000 2.7950
v 6.9950 0.5900 2.7450
v 7.1050 0.5900 2.7450
v 7.1050 0.5900 2.7950
v 6.9950 0.5900 2.7950
v 7.2825 0.5000 2.4500
v 7.3275 0.5000 2.4500
v 7.3275 0.5000 2.7500
v 7.2825 0.5000 2.7500
v 7.2825 0.6700 2.4500
v 7.3275 0.6700 2.4500
v 7.3275 0.6700 2.7500
v 7.2825 0.6700 2.7500
v 7.2775 0.6700 2.4500
v 7.3325 0.6700 2.4500
v 7.3325 0.6700 2.7100
v 7.2775 0.6700 2.7100
v 7.2775 0.7050 2.4500
v 7.3325 0.7050 2.4500
v 7.3325 0.7050 2.7100
v 7.2775 0.7050 2.7100
v 6.7725 0.5000 2.4500
v 6.8175 0.5000 2.4500
v 6.8175 0.5000 2.7500
v 6.7725 0.5000 2.7500
v 6.7725 0.6700 2.4500
v 6.8175 0.6700 2.4500
v 6.8175 0.6700 2.7500
v 6.7725 0.6700 2.7500
v 6.7675 0.6700 2.4500
v 6.8225 0.6700 2.4500
v 6.8225 0.6700 2.7100
v 6.7675 0.6700 2.7100
v 6.7675 0.7050 2.4500
v 6.8225 0.7050 2.4500
v 6.8225 0.7050 2.7100
v 6.7675 0.7050 2.7100
v 3.2500 0.7100 4.5300
v 6.4500 0.7100 4.5300
v 6.4500 0.7100 5.9300
v 3.2500 0.7100 5.9300
v 3.2500 0.7500 4.5300
v 6.4500 0.7500 4.5300
v 6.4500 0.7500 5.9300
v 3.2500 0.7500 5.9300
v 3.3150 0.0000 4.5950
v 3.3650 0.0000 4.5950
v 3.3650 0.0000 4.6450
v 3.3150 0.0000 4.6450
v 3.3150 0.7100 4.5950
v 3.3650 0.7100 4.5950
v 3.3650 0.7100 4.6450
v 3.3150 0.7100 4.6450
v 6.3350 0.0000 4.5950
v 6.3850 0.0000 4.5950
v 6.3850 0.0000 4.6450
v 6.3350 0.0000 4.6450
v 6.3350 0.7100 4.5950
v 6.3850 0.7100 4.5950
v 6.3850 0.7100 4.6450
v 6.3350 0.7100 4.6450
v 3.3150 0.0000 5.8150
v 3.3650 0.0000 5.8150
v 3.3650 0.0000 5.8650
v 3.3150 0.0000 5.8650
v 3.3150 0.7100 5.8150
v 3.3650 0.7100 5.8150
v 3.3650 0.7100 5.8650
v 3.3150 0.7100 5.8650
v 6.3350 0.0000 5.8150
v 6.3850 0.0000 5.8150
v 6.3850 0.0000 5.8650
v 6.3350 0.0000 5.8650
v 6.3350 0.7100 5.8150
v 6.3850 0.7100 5.8150
v 6.3850 0.7100 5.8650
v 6.3350 0.7100 5.8650
v 3.6220 0.0550 4.1020
v 3.6780 0.0550 4.1020
v 3.6780 0.0550 4.1580
v 3.6220 0.0550 4.1580
v 3.8680 0.0450 4.1080
v 3.9120 0.0450 4.1080
v 3.9120 0.0450 4.1520
v 3.8680 0.0450 4.1520
v 3.9220 0.0000 4.1300
v 3.9126 0.0000 4.1526
v 3.8900 0.0000 4.1620
v 3.8674 0.0000 4.1526
v 3.8580 0.0000 4.1300
v 3.8674 0.0000 4.1074
v 3.8900 0.0000 4.0980
v 3.9126 0.0000 4.1074
v 3.9220 0.0450 4.1300
v 3.9126 0.0450 4.1526
v 3.8900 0.0450 4.1620
v 3.8674 0.0450 4.1526
v 3.8580 0.0450 4.1300
v 3.8674 0.0450 4.1074
v 3.8900 0.0450 4.0980
v 3.9126 0.0450 4.1074
v 3.6220 0.0550 4.1020
v 3.6780 0.0550 4.1020
v 3.6780 0.0550 4.1580
v 3.6220 0.0550 4.1580
v 3.7022 0.0450 4.3363
v 3.7462 0.0450 4.3363
v 3.7462 0.0450 4.3803
v 3.7022 0.0450 4.3803
v 3.7562 0.0000 4.3583
v 3.7468 0.0000 4.3809
v 3.7242 0.0000 4.3903
v 3.7015 0.0000 4.3809
v 3.6922 0.0000 4.3583
v 3.7015 0.0000 4.3356
v 3.7242 0.0000 4.3263
v 3.7468 0.0000 4.3356
v 3.7562 0.0450 4.3583
v 3.7468 0.0450 4.3809
v 3.7242 0.0450 4.3903
v 3.7015 0.0450 4.3809
v 3.6922 0.0450 4.3583
v 3.7015 0.0450 4.3356
v 3.7242 0.0450 4.3263
v 3.7468 0.0450 4.3356
v 3.6220 0.0550 4.1020
v 3.6780 0.0550 4.1020
v 3.6780 0.0550 4.1580
v 3.6220 0.0550 4.1580
v 3.4338 0.0450 4.2491
v 3.4778 0.0450 4.2491
v 3.4778 0.0450 4.2931
v 3.4338 0.0450 4.2931
v 3.4878 0.0000 4.2711
v 3.4785 0.0000 4.2937
v 3.4558 0.0000 4.3031
v 3.4332 0.0000 4.2937
v 3.4238 0.0000 4.2711
v 3.4332 0.0000 4.2484
v 3.4558 0.0000 4.2391
v 3.4785 0.0000 4.2484
v 3.4878 0.0450 4.2711
v 3.4785 0.0450 4.2937
v 3.4558 0.0450 4.3031
v 3.4332 0.0450 4.2937
v 3.4238 0.0450 4.2711
v 3.4332 0.0450 4.2484
v 3.4558 0.0450 4.2391
v 3.4785 0.0450 4.2484
v 3.6220 0.0550 4.1020
v 3.6780 0.0550 4.1020
v 3.6780 0.0550 4.1580
v 3.6220 0.0550 4.1580
v 3.4338 0.0450 3.9669
v 3.4778 0.0450 3.9669
v 3.4778 0.0450 4.0109
v 3.4338 0.0450 4.0109
v 3.4878 0.0000 3.9889
v 3.4785 0.0000 4.0116
v 3.4558 0.0000 4.0209
v 3.4332 0.0000 4.0116
v 3.4238 0.0000 3.9889
v 3.4332 0.0000 3.9663
v 3.4558 0.0000 3.9569
v 3.4785 0.0000 3.9663
v 3.4878 0.0450 3.9889
v 3.4785 0.0450 4.0116
v 3.4558 0.0450 4.0209
v 3.4332 0.0450 4.0116
v 3.4238 0.0450 3.9889
v 3.4332 0.0450 3.9663
v 3.4558 0.0450 3.9569
v 3.4785 0.0450 3.9663
v 3.6220 0.0550 4.1020
v 3.6780 0.0550 4.1020
v 3.6780 0.0550 4.1580
v 3.6220 0.0550 4.1580
v 3.7022 0.0450 3.8797
v 3.7462 0.0450 3.8797
v 3.7462 0.0450 3.9237
v 3.7022 0.0450 3.9237
v 3.7562 0.0000 3.9017
v 3.7468 0.0000 3.9244
v 3.7242 0.0000 3.9337
v 3.7015 0.0000 3.9244
v 3.6922 0.0000 3.9017
v 3.7015 0.0000 3.8791
v 3.7242 0.0000 3.8697
v 3.7468 0.0000 3.8791
v 3.7562 0.0450 3.9017
v 3.7468 0.0450 3.9244
v 3.7242 0.0450 3.9337
v 3.7015 0.0450 3.9244
v 3.6922 0.0450 3.9017
v 3.7015 0.0450 3.8791
v 3.7242 0.0450 3.8697
v 3.7468 0.0450 3.8791
v 3.6980 0.0500 4.1300
v 3.6888 0.0500 4.1582
v 3.6648 0.0500 4.1757
v 3.6352 0.0500 4.1757
v 3.6112 0.0500 4.1582
v 3.6020 0.0500 4.1300
v 3.6112 0.0500 4.1018
v 3.6352 0.0500 4.0843
v 3.6648 0.0500 4.0843
v 3.6888 0.0500 4.1018
v 3.6980 0.1100 4.1300
v 3.6888 0.1100 4.1582
v 3.6648 0.1100 4.1757
v 3.6352 0.1100 4.1757
v 3.6112 0.1100 4.1582
v 3.6020 0.1100 4.1300
v 3.6112 0.1100 4.1018
v 3.6352 0.1100 4.0843
v 3.6648 0.1100 4.0843
v 3.6888 0.1100 4.1018
v 3.6820 0.1100 4.1300
v 3.6759 0.1100 4.1488
v 3.6599 0.1100 4.1604
v 3.6401 0.1100 4.1604
v 3.6241 0.1100 4.1488
v 3.6180 0.1100 4.1300
v 3.6241 0.1100 4.1112
v 3.6401 0.1100 4.0996
v 3.6599 0.1100 4.0996
v 3.6759 0.1100 4.1112
v 3.6820 0.4100 4.1300
v 3.6759 0.4100 4.1488
v 3.6599 0.4100 4.1604
v 3.6401 0.4100 4.1604
v 3.6241 0.4100 4.1488
v 3.6180 0.4100 4.1300
v 3.6241 0.4100 4.1112
v 3.6401 0.4100 4.0996
v 3.6599 0.4100 4.0996
v 3.6759 0.4100 4.1112
v 3.7050 0.4100 4.1300
v 3.6945 0.4100 4.1623
v 3.6670 0.4100 4.1823
v 3.6330 0.4100 4.1823
v 3.6055 0.4100 4.1623
v 3.5950 0.4100 4.1300
v 3.6055 0.4100 4.0977
v 3.6330 0.4100 4.0777
v 3.6670 0.4100 4.0777
v 3.6945 0.4100 4.0977
v 3.7050 0.4500 4.1300
v 3.6945 0.4500 4.1623
v 3.6670 0.4500 4.1823
v 3.6330 0.4500 4.1823
v 3.6055 0.4500 4.1623
v 3.5950 0.4500 4.1300
v 3.6055 0.4500 4.0977
v 3.6330 0.4500 4.0777
v 3.6670 0.4500 4.0777
v 3.6945 0.4500 4.0977
v 3.4150 0.4500 3.9150
v 3.8850 0.4500 3.9150
v 3.8850 0.4500 4.3650
v 3.4150 0.4500 4.3650
v 3.4150 0.5050 3.9150
v 3.8850 0.5050 3.9150
v 3.8850 0.5050 4.3650
v 3.4150 0.5050 4.3650
v 3.4350 0.4400 4.2650
v 3.8650 0.4400 4.2650
v 3.8650 0.4400 4.3750
v 3.4350 0.4400 4.3750
v 3.4350 0.4850 4.2650
v 3.8650 0.4850 4.2650
v 3.8650 0.4850 4.3750
v 3.4350 0.4850 4.3750
v 3.4290 0.5200 3.9060
v 3.4610 0.5200 3.9060
v 3.4610 0.5200 3.9440
v 3.4290 0.5200 3.9440
v 3.4290 0.6700 3.9060
v 3.4610 0.6700 3.9060
v 3.4610 0.6700 3.9440
v 3.4290 0.6700 3.9440
v 3.8390 0.5200 3.9060
v 3.8710 0.5200 3.9060
v 3.8710 0.5200 3.9440
v 3.8390 0.5200 3.9440
v 3.8390 0.6700 3.9060
v 3.8710 0.6700 3.9060
v 3.8710 0.6700 3.9440
v 3.8390 0.6700 3.9440
v 3.4600 0.5200 3.9170
v 3.8400 0.5200 3.9170
v 3.8400 0.5200 3.9330
v 3.4600 0.5200 3.9330
v 3.4600 0.6700 3.9170
v 3.8400 0.6700 3.9170
v 3.8400 0.6700 3.9330
v 3.4600 0.6700 3.9330
v 3.4290 0.6700 3.8890
v 3.4610 0.6700 3.8890
v 3.4610 0.6700 3.9270
v 3.4290 0.6700 3.9270
v 3.4290 0.8300 3.8890
v 3.4610 0.8300 3.8890
v 3.4610 0.8300 3.9270
v 3.4290 0.8300 3.9270
v 3.8390 0.6700 3.8890
v 3.8710 0.6700 3.8890
v 3.8710 0.6700 3.9270
v 3.8390 0.6700 3.9270
v 3.8390 0.8300 3.8890
v 3.8710 0.8300 3.8890
v 3.8710 0.8300 3.9270
v 3.8390 0.8300 3.9270
v 3.4600 0.6700 3.9000
v 3.8400 0.6700 3.9000
v 3.8400 0.6700 3.9160
v 3.4600 0.6700 3.9160
v 3.4600 0.8300 3.9000
v 3.8400 0.8300 3.9000
v 3.8400 0.8300 3.9160
v 3.4600 0.8300 3.9160
v 3.4290 0.8300 3.8690
v 3.4610 0.8300 3.8690
v 3.4610 0.8300 3.9070
v 3.4290 0.8300 3.9070
v 3.4290 0.9700 3.8690
v 3.4610 0.9700 3.8690
v 3.4610 0.9700 3.9070
v 3.4290 0.9700 3.9070
v 3.8390 0.8300 3.8690
v 3.8710 0.8300 3.8690
v 3.8710 0.8300 3.9070
v 3.8390 0.8300 3.9070
v 3.8390 0.9700 3.8690
v 3.8710 0.9700 3.8690
v 3.8710 0.9700 3.9070
v 3.8390 0.9700 3.9070
v 3.4600 0.8300 3.8800
v 3.8400 0.8300 3.8800
v 3.8400 0.8300 3.8960
v 3.4600 0.8300 3.8960
v 3.4600 0.9700 3.8800
v 3.8400 0.9700 3.8800
v 3.8400 0.9700 3.8960
v 3.4600 0.9700 3.8960
v 3.4300 0.9550 3.8640
v 3.8700 0.9550 3.8640
v 3.8700 0.9550 3.9060
v 3.4300 0.9550 3.9060
v 3.4300 0.9900 3.8640
v 3.8700 0.9900 3.8640
v 3.8700 0.9900 3.9060
v 3.4300 0.9900 3.9060
v 3.5950 0.5000 3.9150
v 3.7050 0.5000 3.9150
v 3.7050 0.5000 3.9650
v 3.5950 0.5000 3.9650
v 3.5950 0.5900 3.9150
v 3.7050 0.5900 3.9150
v 3.7050 0.5900 3.9650
v 3.5950 0.5900 3.9650
v 3.3725 0.5000 3.9600
v 3.4175 0.5000 3.9600
v 3.4175 0.5000 4.2600
v 3.3725 0.5000 4.2600
v 3.3725 0.6700 3.9600
v 3.4175 0.6700 3.9600
v 3.4175 0.6700 4.2600
v 3.3725 0.6700 4.2600
v 3.3675 0.6700 4.0000
v 3.4225 0.6700 4.0000
v 3.4225 0.6700 4.2600
v 3.3675 0.6700 4.2600
v 3.3675 0.7050 4.0000
v 3.4225 0.7050 4.0000
v 3.4225 0.7050 4.2600
v 3.3675 0.7050 4.2600
v 3.8825 0.5000 3.9600
v 3.9275 0.5000 3.9600
v 3.9275 0.5000 4.2600
v 3.8825 0.5000 4.2600
v 3.8825 0.6700 3.9600
v 3.9275 0.6700 3.9600
v 3.9275 0.6700 4.2600
v 3.8825 0.6700 4.2600
v 3.8775 0.6700 4.0000
v 3.9325 0.6700 4.0000
v 3.9325 0.6700 4.2600
v 3.8775 0.6700 4.2600
v 3.8775 0.7050 4.0000
v 3.9325 0.7050 4.0000
v 3.9325 0.7050 4.2600
v 3.8775 0.7050 4.2600
v 3.6220 0.0550 6.3020
v 3.6780 0.0550 6.3020
v 3.6780 0.0550 6.3580
v 3.6220 0.0550 6.3580
v 3.3880 0.0450 6.3080
v 3.4320 0.0450 6.3080
v 3.4320 0.0450 6.3520
v 3.3880 0.0450 6.3520
v 3.4420 0.0000 6.3300
v 3.4326 0.0000 6.3526
v 3.4100 0.0000 6.3620
v 3.3874 0.0000 6.3526
v 3.3780 0.0000 6.3300
v 3.3874 0.0000 6.3074
v 3.4100 0.0000 6.2980
v 3.4326 0.0000 6.3074
v 3.4420 0.0450 6.3300
v 3.4326 0.0450 6.3526
v 3.4100 0.0450 6.3620
v 3.3874 0.0450 6.3526
v 3.3780 0.0450 6.3300
v 3.3874 0.0450 6.3074
v 3.4100 0.0450 6.2980
v 3.4326 0.0450 6.3074
v 3.6220 0.0550 6.3020
v 3.6780 0.0550 6.3020
v 3.6780 0.0550 6.3580
v 3.6220 0.0550 6.3580
v 3.5538 0.0450 6.0797
v 3.5978 0.0450 6.0797
v 3.5978 0.0450 6.1237
v 3.5538 0.0450 6.1237
v 3.6078 0.0000 6.1017
v 3.5985 0.0000 6.1244
v 3.5758 0.0000 6.1337
v 3.5532 0.0000 6.1244
v 3.5438 0.0000 6.1017
v 3.5532 0.0000 6.0791
v 3.5758 0.0000 6.0697
v 3.5985 0.0000 6.0791
v 3.6078 0.0450 6.1017
v 3.5985 0.0450 6.1244
v 3.5758 0.0450 6.1337
v 3.5532 0.0450 6.1244
v 3.5438 0.0450 6.1017
v 3.5532 0.0450 6.0791
v 3.5758 0.0450 6.0697
v 3.5985 0.0450 6.0791
v 3.6220 0.0550 6.3020
v 3.6780 0.0550 6.3020
v 3.6780 0.0550 6.3580
v 3.6220 0.0550 6.3580
v 3.8222 0.0450 6.1669
v 3.8662 0.0450 6.1669
v 3.8662 0.0450 6.2109
v 3.8222 0.0450 6.2109
v 3.8762 0.0000 6.1889
v 3.8668 0.0000 6.2116
v 3.8442 0.0000 6.2209
v 3.8215 0.0000 6.2116
v 3.8122 0.0000 6.1889
v 3.8215 0.0000 6.1663
v 3.8442 0.0000 6.1569
v 3.8668 0.0000 6.1663
v 3.8762 0.0450 6.1889
v 3.8668 0.0450 6.2116
v 3.8442 0.0450 6.2209
v 3.8215 0.0450 6.2116
v 3.8122 0.0450 6.1889
v 3.8215 0.0450 6.1663
v 3.8442 0.0450 6.1569
v 3.8668 0.0450 6.1663
v 3.6220 0.0550 6.3020
v 3.6780 0.0550 6.3020
v 3.6780 0.0550 6.3580
v 3.6220 0.0550 6.3580
v 3.8222 0.0450 6.4491
v 3.8662 0.0450 6.4491
v 3.8662 0.0450 6.4931
v 3.8222 0.0450 6.4931
v 3.8762 0.0000 6.4711
v 3.8668 0.0000 6.4937
v 3.8442 0.0000 6.5031
v 3.8215 0.0000 6.4937
v 3.8122 0.0000 6.4711
v 3.8215 0.0000 6.4484
v 3.8442 0.0000 6.4391
v 3.8668 0.0000 6.4484
v 3.8762 0.0450 6.4711
v 3.8668 0.0450 6.4937
v 3.8442 0.0450 6.5031
v 3.8215 0.0450 6.4937
v 3.8122 0.0450 6.4711
v 3.8215 0.0450 6.4484
v 3.8442 0.0450 6.4391
v 3.8668 0.0450 6.4484
v 3.6220 0.0550 6.3020
v 3.6780 0.0550 6.3020
v 3.6780 0.0550 6.3580
v 3.6220 0.0550 6.3580
v 3.5538 0.0450 6.5363
v 3.5978 0.0450 6.5363
v 3.5978 0.0450 6.5803
v 3.5538 0.0450 6.5803
v 3.6078 0.0000 6.5583
v 3.5985 0.0000 6.5809
v 3.5758 0.0000 6.5903
v 3.5532 0.0000 6.5809
v 3.5438 0.0000 6.5583
v 3.5532 0.0000 6.5356
v 3.5758 0.0000 6.5263
v 3.5985 0.0000 6.5356
v 3.6078 0.0450 6.5583
v 3.5985 0.0450 6.5809
v 3.5758 0.0450 6.5903
v 3.5532 0.0450 6.5809
v 3.5438 0.0450 6.5583
v 3.5532 0.0450 6.5356
v 3.5758 0.0450 6.5263
v 3.5985 0.0450 6.5356
v 3.6980 0.0500 6.3300
v 3.6888 0.0500 6.3582
v 3.6648 0.0500 6.3757
v 3.6352 0.0500 6.3757
v 3.6112 0.0500 6.3582
v 3.6020 0.0500 6.3300
v 3.6112 0.0500 6.3018
v 3.6352 0.0500 6.2843
v 3.6648 0.0500 6.2843
v 3.6888 0.0500 6.3018
v 3.6980 0.1100 6.3300
v 3.6888 0.1100 6.3582
v 3.6648 0.1100 6.3757
v 3.6352 0.1100 6.3757
v 3.6112 0.1100 6.3582
v 3.6020 0.1100 6.3300
v 3.6112 0.1100 6.3018
v 3.6352 0.1100 6.2843
v 3.6648 0.1100 6.2843
v 3.6888 0.1100 6.3018
v 3.6820 0.1100 6.3300
v 3.6759 0.1100 6.3488
v 3.6599 0.1100 6.3604
v 3.6401 0.1100 6.3604
v 3.6241 0.1100 6.3488
v 3.6180 0.1100 6.3300
v 3.6241 0.1100 6.3112
v 3.6401 0.1100 6.2996
v 3.6599 0.1100 6.2996
v 3.6759 0.1100 6.3112
v 3.6820 0.4100 6.3300
v 3.6759 0.4100 6.3488
v 3.6599 0.4100 6.3604
v 3.6401 0.4100 6.3604
v 3.6241 0.4100 6.3488
v 3.6180 0.4100 6.3300
v 3.6241 0.4100 6.3112
v 3.6401 0.4100 6.2996
v 3.6599 0.4100 6.2996
v 3.6759 0.4100 6.3112
v 3.7050 0.4100 6.3300
v 3.6945 0.4100 6.3623
v 3.6670 0.4100 6.3823
v 3.6330 0.4100 6.3823
v 3.6055 0.4100 6.3623
v 3.5950 0.4100 6.3300
v 3.6055 0.4100 6.2977
v 3.6330 0.4100 6.2777
v 3.6670 0.4100 6.2777
v 3.6945 0.4100 6.2977
v 3.7050 0.4500 6.3300
v 3.6945 0.4500 6.3623
v 3.6670 0.4500 6.3823
v 3.6330 0.4500 6.3823
v 3.6055 0.4500 6.3623
v 3.5950 0.4500 6.3300
v 3.6055 0.4500 6.2977
v 3.6330 0.4500 6.2777
v 3.6670 0.4500 6.2777
v 3.6945 0.4500 6.2977
v 3.4150 0.4500 6.0950
v 3.8850 0.4500 6.0950
v 3.8850 0.4500 6.5450
v 3.4150 0.4500 6.5450
v 3.4150 0.5050 6.0950
v 3.8850 0.5050 6.0950
v 3.8850 0.5050 6.5450
v 3.4150 0.5050 6.5450
v 3.4350 0.4400 6.0850
v 3.8650 0.4400 6.0850
v 3.8650 0.4400 6.1950
v 3.4350 0.4400 6.1950
v 3.4350 0.4850 6.0850
v 3.8650 0.4850 6.0850
v 3.8650 0.4850 6.1950
v 3.4350 0.4850 6.1950
v 3.8390 0.5200 6.5160
v 3.8710 0.5200 6.5160
v 3.8710 0.5200 6.5540
v 3.8390 0.5200 6.5540
v 3.8390 0.6700 6.5160
v 3.8710 0.6700 6.5160
v 3.8710 0.6700 6.5540
v 3.8390 0.6700 6.5540
v 3.4290 0.5200 6.5160
v 3.4610 0.5200 6.5160
v 3.4610 0.5200 6.5540
v 3.4290 0.5200 6.5540
v 3.4290 0.6700 6.5160
v 3.4610 0.6700 6.5160
v 3.4610 0.6700 6.5540
v 3.4290 0.6700 6.5540
v 3.4600 0.5200 6.5270
v 3.8400 0.5200 6.5270
v 3.8400 0.5200 6.5430
v 3.4600 0.5200 6.5430
v 3.4600 0.6700 6.5270
v 3.8400 0.6700 6.5270
v 3.8400 0.6700 6.5430
v 3.4600 0.6700 6.5430
v 3.8390 0.6700 6.5330
v 3.8710 0.6700 6.5330
v 3.8710 0.6700 6.5710
v 3.8390 0.6700 6.5710
v 3.8390 0.8300 6.5330
v 3.8710 0.8300 6.5330
v 3.8710 0.8300 6.5710
v 3.8390 0.8300 6.5710
v 3.4290 0.6700 6.5330
v 3.4610 0.6700 6.5330
v 3.4610 0.6700 6.5710
v 3.4290 0.6700 6.5710
v 3.4290 0.8300 6.5330
v 3.4610 0.8300 6.5330
v 3.4610 0.8300 6.5710
v 3.4290 0.8300 6.5710
v 3.4600 0.6700 6.5440
v 3.8400 0.6700 6.5440
v 3.8400 0.6700 6.5600
v 3.4600 0.6700 6.5600
v 3.4600 0.8300 6.5440
v 3.8400 0.8300 6.5440
v 3.8400 0.8300 6.5600
v 3.4600 0.8300 6.5600
v 3.8390 0.8300 6.5530
v 3.8710 0.8300 6.5530
v 3.8710 0.8300 6.5910
v 3.8390 0.8300 6.5910
v 3.8390 0.9700 6.5530
v 3.8710 0.9700 6.5530
v 3.8710 0.9700 6.5910
v 3.8390 0.9700 6.5910
v 3.4290 0.8300 6.5530
v 3.4610 0.8300 6.5530
v 3.4610 0.8300 6.5910
v 3.4290 0.8300 6.5910
v 3.4290 0.9700 6.5530
v 3.4610 0.9700 6.5530
v 3.4610 0.9700 6.5910
v 3.4290 0.9700 6.5910
v 3.4600 0.8300 6.5640
v 3.8400 0.8300 6.5640
v 3.8400 0.8300 6.5800
v 3.4600 0.8300 6.5800
v 3.4600 0.9700 6.5640
v 3.8400 0.9700 6.5640
v 3.8400 0.9700 6.5800
v 3.4600 0.9700 6.5800
v 3.4300 0.9550 6.5540
v 3.8700 0.9550 6.5540
v 3.8700 0.9550 6.5960
v 3.4300 0.9550 6.5960
v 3.4300 0.9900 6.5540
v 3.8700 0.9900 6.5540
v 3.8700 0.9900 6.5960
v 3.4300 0.9900 6.5960
v 3.5950 0.5000 6.4950
v 3.7050 0.5000 6.4950
v 3.7050 0.5000 6.5450
v 3.5950 0.5000 6.5450
v 3.5950 0.5900 6.4950
v 3.7050 0.5900 6.4950
v 3.7050 0.5900 6.5450
v 3.5950 0.5900 6.5450
v 3.8825 0.5000 6.2000
v 3.9275 0.5000 6.2000
v 3.9275 0.5000 6.5000
v 3.8825 0.5000 6.5000
v 3.8825 0.6700 6.2000
v 3.9275 0.6700 6.2000
v 3.9275 0.6700 6.5000
v 3.8825 0.6700 6.5000
v 3.8775 0.6700 6.2000
v 3.9325 0.6700 6.2000
v 3.9325 0.6700 6.4600
v 3.8775 0.6700 6.4600
v 3.8775 0.7050 6.2000
v 3.9325 0.7050 6.2000
v 3.9325 0.7050 6.4600
v 3.8775 0.7050 6.4600
v 3.3725 0.5000 6.2000
v 3.4175 0.5000 6.2000
v 3.4175 0.5000 6.5000
v 3.3725 0.5000 6.5000
v 3.3725 0.6700 6.2000
v 3.4175 0.6700 6.2000
v 3.4175 0.6700 6.5000
v 3.3725 0.6700 6.5000
v 3.3675 0.6700 6.2000
v 3.4225 0.6700 6.2000
v 3.4225 0.6700 6.4600
v 3.3675 0.6700 6.4600
v 3.3675 0.7050 6.2000
v 3.4225 0.7050 6.2000
v 3.4225 0.7050 6.4600
v 3.3675 0.7050 6.4600
v 4.4220 0.0550 4.1020
v 4.4780 0.0550 4.1020
v 4.4780 0.0550 4.1580
v 4.4220 0.0550 4.1580
v 4.6680 0.0450 4.1080
v 4.7120 0.0450 4.1080
v 4.7120 0.0450 4.1520
v 4.6680 0.0450 4.1520
v 4.7220 0.0000 4.1300
v 4.7126 0.0000 4.1526
v 4.6900 0.0000 4.1620
v 4.6674 0.0000 4.1526
v 4.6580 0.0000 4.1300
v 4.6674 0.0000 4.1074
v 4.6900 0.0000 4.0980
v 4.7126 0.0000 4.1074
v 4.7220 0.0450 4.1300
v 4.7126 0.0450 4.1526
v 4.6900 0.0450 4.1620
v 4.6674 0.0450 4.1526
v 4.6580 0.0450 4.1300
v 4.6674 0.0450 4.1074
v 4.6900 0.0450 4.0980
v 4.7126 0.0450 4.1074
v 4.4220 0.0550 4.1020
v 4.4780 0.0550 4.1020
v 4.4780 0.0550 4.1580
v 4.4220 0.0550 4.1580
v 4.5022 0.0450 4.3363
v 4.5462 0.0450 4.3363
v 4.5462 0.0450 4.3803
v 4.5022 0.0450 4.3803
v 4.5562 0.0000 4.3583
v 4.5468 0.0000 4.3809
v 4.5242 0.0000 4.3903
v 4.5015 0.0000 4.3809
v 4.4922 0.0000 4.3583
v 4.5015 0.0000 4.3356
v 4.5242 0.0000 4.3263
v 4.5468 0.0000 4.3356
v 4.5562 0.0450 4.3583
v 4.5468 0.0450 4.3809
v 4.5242 0.0450 4.3903
v 4.5015 0.0450 4.3809
v 4.4922 0.0450 4.3583
v 4.5015 0.0450 4.3356
v 4.5242 0.0450 4.3263
v 4.5468 0.0450 4.3356
v 4.4220 0.0550 4.1020
v 4.4780 0.0550 4.1020
v 4.4780 0.0550 4.1580
v 4.4220 0.0550 4.1580
v 4.2338 0.0450 4.2491
v 4.2778 0.0450 4.2491
v 4.2778 0.0450 4.2931
v 4.2338 0.0450 4.2931
v 4.2878 0.0000 4.2711
v 4.2785 0.0000 4.2937
v 4.2558 0.0000 4.3031
v 4.2332 0.0000 4.2937
v 4.2238 0.0000 4.2711
v 4.2332 0.0000 4.2484
v 4.2558 0.0000 4.2391
v 4.2785 0.0000 4.2484
v 4.2878 0.0450 4.2711
v 4.2785 0.0450 4.2937
v 4.2558 0.0450 4.3031
v 4.2332 0.0450 4.2937
v 4.2238 0.0450 4.2711
v 4.2332 0.0450 4.2484
v 4.2558 0.0450 4.2391
v 4.2785 0.0450 4.2484
v 4.4220 0.0550 4.1020
v 4.4780 0.0550 4.1020
v 4.4780 0.0550 4.1580
v 4.4220 0.0550 4.1580
v 4.2338 0.0450 3.9669
v 4.2778 0.0450 3.9669
v 4.2778 0.0450 4.0109
v 4.2338 0.0450 4.0109
v 4.2878 0.0000 3.9889
v 4.2785 0.0000 4.0116
v 4.2558 0.0000 4.0209
v 4.2332 0.0000 4.0116
v 4.2238 0.0000 3.9889
v 4.2332 0.0000 3.9663
v 4.2558 0.0000 3.9569
v 4.2785 0.0000 3.9663
v 4.2878 0.0450 3.9889
v 4.2785 0.0450 4.0116
v 4.2558 0.0450 4.0209
v 4.2332 0.0450 4.0116
v 4.2238 0.0450 3.9889
v 4.2332 0.0450 3.9663
v 4.2558 0.0450 3.9569
v 4.2785 0.0450 3.9663
v 4.4220 0.0550 4.1020
v 4.4780 0.0550 4.1020
v 4.4780 0.0550 4.1580
v 4.4220 0.0550 4.1580
v 4.5022 0.0450 3.8797
v 4.5462 0.0450 3.8797
v 4.5462 0.0450 3.9237
v 4.5022 0.0450 3.9237
v 4.5562 0.0000 3.9017
v 4.5468 0.0000 3.9244
v 4.5242 0.0000 3.9337
v 4.5015 0.0000 3.9244
v 4.4922 0.0000 3.9017
v 4.5015 0.0000 3.8791
v 4.5242 0.0000 3.8697
v 4.5468 0.0000 3.8791
v 4.5562 0.0450 3.9017
v 4.5468 0.0450 3.9244
v 4.5242 0.0450 3.9337
v 4.5015 0.0450 3.9244
v 4.4922 0.0450 3.9017
v 4.5015 0.0450 3.8791
v 4.5242 0.0450 3.8697
v 4.5468 0.0450 3.8791
v 4.4980 0.0500 4.1300
v 4.4888 0.0500 4.1582
v 4.4648 0.0500 4.1757
v 4.4352 0.0500 4.1757
v 4.4112 0.0500 4.1582
v 4.4020 0.0500 4.1300
v 4.4112 0.0500 4.1018
v 4.4352 0.0500 4.0843
v 4.4648 0.0500 4.0843
v 4.4888 0.0500 4.1018
v 4.4980 0.1100 4.1300
v 4.4888 0.1100 4.1582
v 4.4648 0.1100 4.1757
v 4.4352 0.1100 4.1757
v 4.4112 0.1100 4.1582
v 4.4020 0.1100 4.1300
v 4.4112 0.1100 4.1018
v 4.4352 0.1100 4.0843
v 4.4648 0.1100 4.0843
v 4.4888 0.1100 4.1018
v 4.4820 0.1100 4.1300
v 4.4759 0.1100 4.1488
v 4.4599 0.1100 4.1604
v 4.4401 0.1100 4.1604
v 4.4241 0.1100 4.1488
v 4.4180 0.1100 4.1300
v 4.4241 0.1100 4.1112
v 4.4401 0.1100 4.0996
v 4.4599 0.1100 4.0996
v 4.4759 0.1100 4.1112
v 4.4820 0.4100 4.1300
v 4.4759 0.4100 4.1488
v 4.4599 0.4100 4.1604
v 4.4401 0.4100 4.1604
v 4.4241 0.4100 4.1488
v 4.4180 0.4100 4.1300
v 4.4241 0.4100 4.1112
v 4.4401 0.4100 4.0996
v 4.4599 0.4100 4.0996
v 4.4759 0.4100 4.1112
v 4.5050 0.4100 4.1300
v 4.4945 0.4100 4.1623
v 4.4670 0.4100 4.1823
v 4.4330 0.4100 4.1823
v 4.4055 0.4100 4.1623
v 4.3950 0.4100 4.1300
v 4.4055 0.4100 4.0977
v 4.4330 0.4100 4.0777
v 4.4670 0.4100 4.0777
v 4.4945 0.4100 4.0977
v 4.5050 0.4500 4.1300
v 4.4945 0.4500 4.1623
v 4.4670 0.4500 4.1823
v 4.4330 0.4500 4.1823
v 4.4055 0.4500 4.1623
v 4.3950 0.4500 4.1300
v 4.4055 0.4500 4.0977
v 4.4330 0.4500 4.0777
v 4.4670 0.4500 4.0777
v 4.4945 0.4500 4.0977
v 4.2150 0.4500 3.9150
v 4.6850 0.4500 3.9150
v 4.6850 0.4500 4.3650
v 4.2150 0.4500 4.3650
v 4.2150 0.5050 3.9150
v 4.6850 0.5050 3.9150
v 4.6850 0.5050 4.3650
v 4.2150 0.5050 4.3650
v 4.2350 0.4400 4.2650
v 4.6650 0.4400 4.2650
v 4.6650 0.4400 4.3750
v 4.2350 0.4400 4.3750
v 4.2350 0.4850 4.2650
v 4.6650 0.4850 4.2650
v 4.6650 0.4850 4.3750
v 4.2350 0.4850 4.3750
v 4.2290 0.5200 3.9060
v 4.2610 0.5200 3.9060
v 4.2610 0.5200 3.9440
v 4.2290 0.5200 3.9440
v 4.2290 0.6700 3.9060
v 4.2610 0.6700 3.9060
v 4.2610 0.6700 3.9440
v 4.2290 0.6700 3.9440
v 4.6390 0.5200 3.9060
v 4.6710 0.5200 3.9060
v 4.6710 0.5200 3.9440
v 4.6390 0.5200 3.9440
v 4.6390 0.6700 3.9060
v 4.6710 0.6700 3.9060
v 4.6710 0.6700 3.9440
v 4.6390 0.6700 3.9440
v 4.2600 0.5200 3.9170
v 4.6400 0.5200 3.9170
v 4.6400 0.5200 3.9330
v 4.2600 0.5200 3.9330
v 4.2600 0.6700 3.9170
v 4.6400 0.6700 3.9170
v 4.6400 0.6700 3.9330
v 4.2600 0.6700 3.9330
v 4.2290 0.6700 3.8890
v 4.2610 0.6700 3.8890
v 4.2610 0.6700 3.9270
v 4.2290 0.6700 3.9270
v 4.2290 0.8300 3.8890
v 4.2610 0.8300 3.8890
v 4.2610 0.8300 3.9270
v 4.2290 0.8300 3.9270
v 4.6390 0.6700 3.8890
v 4.6710 0.6700 3.8890
v 4.6710 0.6700 3.9270
v 4.6390 0.6700 3.9270
v 4.6390 0.8300 3.8890
v 4.6710 0.8300 3.8890
v 4.6710 0.8300 3.9270
v 4.6390 0.8300 3.9270
v 4.2600 0.6700 3.9000
v 4.6400 0.6700 3.9000
v 4.6400 0.6700 3.9160
v 4.2600 0.6700 3.9160
v 4.2600 0.8300 3.9000
v 4.6400 0.8300 3.9000
v 4.6400 0.8300 3.9160
v 4.2600 0.8300 3.9160
v 4.2290 0.8300 3.8690
v 4.2610 0.8300 3.8690
v 4.2610 0.8300 3.9070
v 4.2290 0.8300 3.9070
v 4.2290 0.9700 3.8690
v 4.2610 0.9700 3.8690
v 4.2610 0.9700 3.9070
v 4.2290 0.9700 3.9070
v 4.6390 0.8300 3.8690
v 4.6710 0.8300 3.8690
v 4.6710 0.8300 3.9070
v 4.6390 0.8300 3.9070
v 4.6390 0.9700 3.8690
v 4.6710 0.9700 3.8690
v 4.6710 0.9700 3.9070
v 4.6390 0.9700 3.9070
v 4.2600 0.8300 3.8800
v 4.6400 0.8300 3.8800
v 4.6400 0.8300 3.8960
v 4.2600 0.8300 3.8960
v 4.2600 0.9700 3.8800
v 4.6400 0.9700 3.8800
v 4.6400 0.9700 3.8960
v 4.2600 0.9700 3.8960
v 4.2300 0.9550 3.8640
v 4.6700 0.9550 3.8640
v 4.6700 0.9550 3.9060
v 4.2300 0.9550 3.9060
v 4.2300 0.9900 3.8640
v 4.6700 0.9900 3.8640
v 4.6700 0.9900 3.9060
v 4.2300 0.9900 3.9060
v 4.3950 0.5000 3.9150
v 4.5050 0.5000 3.9150
v 4.5050 0.5000 3.9650
v 4.3950 0.5000 3.9650
v 4.3950 0.5900 3.9150
v 4.5050 0.5900 3.9150
v 4.5050 0.5900 3.9650
v 4.3950 0.5900 3.9650
v 4.1725 0.5000 3.9600
v 4.2175 0.5000 3.9600
v 4.2175 0.5000 4.2600
v 4.1725 0.5000 4.2600
v 4.1725 0.6700 3.9600
v 4.2175 0.6700 3.9600
v 4.2175 0.6700 4.2600
v 4.1725 0.6700 4.2600
v 4.1675 0.6700 4.0000
v 4.2225 0.6700 4.0000
v 4.2225 0.6700 4.2600
v 4.1675 0.6700 4.2600
v 4.1675 0.7050 4.0000
v 4.2225 0.7050 4.0000
v 4.2225 0.7050 4.2600
v 4.1675 0.7050 4.2600
v 4.6825 0.5000 3.9600
v 4.7275 0.5000 3.9600
v 4.7275 0.5000 4.2600
v 4.6825 0.5000 4.2600
v 4.6825 0.6700 3.9600
v 4.7275 0.6700 3.9600
v 4.7275 0.6700 4.2600
v 4.6825 0.6700 4.2600
v 4.6775 0.6700 4.0000
v 4.7325 0.6700 4.0000
v 4.7325 0.6700 4.2600
v 4.6775 0.6700 4.2600
v 4.6775 0.7050 4.0000
v 4.7325 0.7050 4.0000
v 4.7325 0.7050 4.2600
v 4.6775 0.7050 4.2600
v 4.4220 0.0550 6.3020
v 4.4780 0.0550 6.3020
v 4.4780 0.0550 6.3580
v 4.4220 0.0550 6.3580
v 4.1880 0.0450 6.3080
v 4.2320 0.0450 6.3080
v 4.2320 0.0450 6.3520
v 4.1880 0.0450 6.3520
v 4.2420 0.0000 6.3300
v 4.2326 0.0000 6.3526
v 4.2100 0.0000 6.3620
v 4.1874 0.0000 6.3526
v 4.1780 0.0000 6.3300
v 4.1874 0.0000 6.3074
v 4.2100 0.0000 6.2980
v 4.2326 0.0000 6.3074
v 4.2420 0.0450 6.3300
v 4.2326 0.0450 6.3526
v 4.2100 0.0450 6.3620
v 4.1874 0.0450 6.3526
v 4.1780 0.0450 6.3300
v 4.1874 0.0450 6.3074
v 4.2100 0.0450 6.2980
v 4.2326 0.0450 6.3074
v 4.4220 0.0550 6.3020
v 4.4780 0.0550 6.3020
v 4.4780 0.0550 6.3580
v 4.4220 0.0550 6.3580
v 4.3538 0.0450 6.0797
v 4.3978 0.0450 6.0797
v 4.3978 0.0450 6.1237
v 4.3538 0.0450 6.1237
v 4.4078 0.0000 6.1017
v 4.3985 0.0000 6.1244
v 4.3758 0.0000 6.1337
v 4.3532 0.0000 6.1244
v 4.3438 0.0000 6.1017
v 4.3532 0.0000 6.0791
v 4.3758 0.0000 6.0697
v 4.3985 0.0000 6.0791
v 4.4078 0.0450 6.1017
v 4.3985 0.0450 6.1244
v 4.3758 0.0450 6.1337
v 4.3532 0.0450 6.1244
v 4.3438 0.0450 6.1017
v 4.3532 0.0450 6.0791
v 4.3758 0.0450 6.0697
v 4.3985 0.0450 6.0791
v 4.4220 0.0550 6.3020
v 4.4780 0.0550 6.3020
v 4.4780 0.0550 6.3580
v 4.4220 0.0550 6.3580
v 4.6222 0.0450 6.1669
v 4.6662 0.0450 6.1669
v 4.6662 0.0450 6.2109
v 4.6222 0.0450 6.2109
v 4.6762 0.0000 6.1889
v 4.6668 0.0000 6.2116
v 4.6442 0.0000 6.2209
v 4.6215 0.0000 6.2116
v 4.6122 0.0000 6.1889
v 4.6215 0.0000 6.1663
v 4.6442 0.0000 6.1569
v 4.6668 0.0000 6.1663
v 4.6762 0.0450 6.1889
v 4.6668 0.0450 6.2116
v 4.6442 0.0450 6.2209
v 4.6215 0.0450 6.2116
v 4.6122 0.0450 6.1889
v 4.6215 0.0450 6.1663
v 4.6442 0.0450 6.1569
v 4.6668 0.0450 6.1663
v 4.4220 0.0550 6.3020
v 4.4780 0.0550 6.3020
v 4.4780 0.0550 6.3580
v 4.4220 0.0550 6.3580
v 4.6222 0.0450 6.4491
v 4.6662 0.0450 6.4491
v 4.6662 0.0450 6.4931
v 4.6222 0.0450 6.4931
v 4.6762 0.0000 6.4711
v 4.6668 0.0000 6.4937
v 4.6442 0.0000 6.5031
v 4.6215 0.0000 6.4937
v 4.6122 0.0000 6.4711
v 4.6215 0.0000 6.4484
v 4.6442 0.0000 6.4391
v 4.6668 0.0000 6.4484
v 4.6762 0.0450 6.4711
v 4.6668 0.0450 6.4937
v 4.6442 0.0450 6.5031
v 4.6215 0.0450 6.4937
v 4.6122 0.0450 6.4711
v 4.6215 0.0450 6.4484
v 4.6442 0.0450 6.4391
v 4.6668 0.0450 6.4484
v 4.4220 0.0550 6.3020
v 4.4780 0.0550 6.3020
v 4.4780 0.0550 6.3580
v 4.4220 0.0550 6.3580
v 4.3538 0.0450 6.5363
v 4.3978 0.0450 6.5363
v 4.3978 0.0450 6.5803
v 4.3538 0.0450 6.5803
v 4.4078 0.0000 6.5583
v 4.3985 0.0000 6.5809
v 4.3758 0.0000 6.5903
v 4.3532 0.0000 6.5809
v 4.3438 0.0000 6.5583
v 4.3532 0.0000 6.5356
v 4.3758 0.0000 6.5263
v 4.3985 0.0000 6.5356
v 4.4078 0.0450 6.5583
v 4.3985 0.0450 6.5809
v 4.3758 0.0450 6.5903
v 4.3532 0.0450 6.5809
v 4.3438 0.0450 6.5583
v 4.3532 0.0450 6.5356
v 4.3758 0.0450 6.5263
v 4.3985 0.0450 6.5356
v 4.4980 0.0500 6.3300
v 4.4888 0.0500 6.3582
v 4.4648 0.0500 6.3757
v 4.4352 0.0500 6.3757
v 4.4112 0.0500 6.3582
v 4.4020 0.0500 6.3300
v 4.4112 0.0500 6.3018
v 4.4352 0.0500 6.2843
v 4.4648 0.0500 6.2843
v 4.4888 0.0500 6.3018
v 4.4980 0.1100 6.3300
v 4.4888 0.1100 6.3582
v 4.4648 0.1100 6.3757
v 4.4352 0.1100 6.3757
v 4.4112 0.1100 6.3582
v 4.4020 0.1100 6.3300
v 4.4112 0.1100 6.3018
v 4.4352 0.1100 6.2843
v 4.4648 0.1100 6.2843
v 4.4888 0.1100 6.3018
v 4.4820 0.1100 6.3300
v 4.4759 0.1100 6.3488
v 4.4599 0.1100 6.3604
v 4.4401 0.1100 6.3604
v 4.4241 0.1100 6.3488
v 4.4180 0.1100 6.3300
v 4.4241 0.1100 6.3112
v 4.4401 0.1100 6.2996
v 4.4599 0.1100 6.2996
v 4.4759 0.1100 6.3112
v 4.4820 0.4100 6.3300
v 4.4759 0.4100 6.3488
v 4.4599 0.4100 6.3604
v 4.4401 0.4100 6.3604
v 4.4241 0.4100 6.3488
v 4.4180 0.4100 6.3300
v 4.4241 0.4100 6.3112
v 4.4401 0.4100 6.2996
v 4.4599 0.4100 6.2996
v 4.4759 0.4100 6.3112
v 4.5050 0.4100 6.3300
v 4.4945 0.4100 6.3623
v 4.4670 0.4100 6.3823
v 4.4330 0.4100 6.3823
v 4.4055 0.4100 6.3623
v 4.3950 0.4100 6.3300
v 4.4055 0.4100 6.2977
v 4.4330 0.4100 6.2777
v 4.4670 0.4100 6.2777
v 4.4945 0.4100 6.2977
v 4.5050 0.4500 6.3300
v 4.4945 0.4500 6.3623
v 4.4670 0.4500 6.3823
v 4.4330 0.4500 6.3823
v 4.4055 0.4500 6.3623
v 4.3950 0.4500 6.3300
v 4.4055 0.4500 6.2977
v 4.4330 0.4500 6.2777
v 4.4670 0.4500 6.2777
v 4.4945 0.4500 6.2977
v 4.2150 0.4500 6.0950
v 4.6850 0.4500 6.0950
v 4.6850 0.4500 6.5450
v 4.2150 0.4500 6.5450
v 4.2150 0.5050 6.0950
v 4.6850 0.5050 6.0950
v 4.6850 0.5050 6.5450
v 4.2150 0.5050 6.5450
v 4.2350 0.4400 6.0850
v 4.6650 0.4400 6.0850
v 4.6650 0.4400 6.1950
v 4.2350 0.4400 6.1950
v 4.2350 0.4850 6.0850
v 4.6650 0.4850 6.0850
v 4.6650 0.4850 6.1950
v 4.2350 0.4850 6.1950
v 4.6390 0.5200 6.5160
v 4.6710 0.5200 6.5160
v 4.6710 0.5200 6.5540
v 4.6390 0.5200 6.5540
v 4.6390 0.6700 6.5160
v 4.6710 0.6700 6.5160
v 4.6710 0.6700 6.5540
v 4.6390 0.6700 6.5540
v 4.2290 0.5200 6.5160
v 4.2610 0.5200 6.5160
v 4.2610 0.5200 6.5540
v 4.2290 0.5200 6.5540
v 4.2290 0.6700 6.5160
v 4.2610 0.6700 6.5160
v 4.2610 0.6700 6.5540
v 4.2290 0.6700 6.5540
v 4.2600 0.5200 6.5270
v 4.6400 0.5200 6.5270
v 4.6400 0.5200 6.5430
v 4.2600 0.5200 6.5430
v 4.2600 0.6700 6.5270
v 4.6400 0.6700 6.5270
v 4.6400 0.6700 6.5430
v 4.2600 0.6700 6.5430
v 4.6390 0.6700 6.5330
v 4.6710 0.6700 6.5330
v 4.6710 0.6700 6.5710
v 4.6390 0.6700 6.5710
v 4.6390 0.8300 6.5330
v 4.6710 0.8300 6.5330
v 4.6710 0.8300 6.5710
v 4.6390 0.8300 6.5710
v 4.2290 0.6700 6.5330
v 4.2610 0.6700 6.5330
v 4.2610 0.6700 6.5710
v 4.2290 0.6700 6.5710
v 4.2290 0.8300 6.5330
v 4.2610 0.8300 6.5330
v 4.2610 0.8300 6.5710
v 4.2290 0.8300 6.5710
v 4.2600 0.6700 6.5440
v 4.6400 0.6700 6.5440
v 4.6400 0.6700 6.5600
v 4.2600 0.6700 6.5600
v 4.2600 0.8300 6.5440
v 4.6400 0.8300 6.5440
v 4.6400 0.8300 6.5600
v 4.2600 0.8300 6.5600
v 4.6390 0.8300 6.5530
v 4.6710 0.8300 6.5530
v 4.6710 0.8300 6.5910
v 4.6390 0.8300 6.5910
v 4.6390 0.9700 6.5530
v 4.6710 0.9700 6.5530
v 4.6710 0.9700 6.5910
v 4.6390 0.9700 6.5910
v 4.2290 0.8300 6.5530
v 4.2610 0.8300 6.5530
v 4.2610 0.8300 6.5910
v 4.2290 0.8300 6.5910
v 4.2290 0.9700 6.5530
v 4.2610 0.9700 6.5530
v 4.2610 0.9700 6.5910
v 4.2290 0.9700 6.5910
v 4.2600 0.8300 6.5640
v 4.6400 0.8300 6.5640
v 4.6400 0.8300 6.5800
v 4.2600 0.8300 6.5800
v 4.2600 0.9700 6.5640
v 4.6400 0.9700 6.5640
v 4.6400 0.9700 6.5800
v 4.2600 0.9700 6.5800
v 4.2300 0.9550 6.5540
v 4.6700 0.9550 6.5540
v 4.6700 0.9550 6.5960
v 4.2300 0.9550 6.5960
v 4.2300 0.9900 6.5540
v 4.6700 0.9900 6.5540
v 4.6700 0.9900 6.5960
v 4.2300 0.9900 6.5960
v 4.3950 0.5000 6.4950
v 4.5050 0.5000 6.4950
v 4.5050 0.5000 6.5450
v 4.3950 0.5000 6.5450
v 4.3950 0.5900 6.4950
v 4.5050 0.5900 6.4950
v 4.5050 0.5900 6.5450
v 4.3950 0.5900 6.5450
v 4.6825 0.5000 6.2000
v 4.7275 0.5000 6.2000
v 4.7275 0.5000 6.5000
v 4.6825 0.5000 6.5000
v 4.6825 0.6700 6.2000
v 4.7275 0.6700 6.2000
v 4.7275 0.6700 6.5000
v 4.6825 0.6700 6.5000
v 4.6775 0.6700 6.2000
v 4.7325 0.6700 6.2000
v 4.7325 0.6700 6.4600
v 4.6775 0.6700 6.4600
v 4.6775 0.7050 6.2000
v 4.7325 0.7050 6.2000
v 4.7325 0.7050 6.4600
v 4.6775 0.7050 6.4600
v 4.1725 0.5000 6.2000
v 4.2175 0.5000 6.2000
v 4.2175 0.5000 6.5000
v 4.1725 0.5000 6.5000
v 4.1725 0.6700 6.2000
v 4.2175 0.6700 6.2000
v 4.2175 0.6700 6.5000
v 4.1725 0.6700 6.5000
v 4.1675 0.6700 6.2000
v 4.2225 0.6700 6.2000
v 4.2225 0.6700 6.4600
v 4.1675 0.6700 6.4600
v 4.1675 0.7050 6.2000
v 4.2225 0.7050 6.2000
v 4.2225 0.7050 6.4600
v 4.1675 0.7050 6.4600
v 5.2220 0.0550 4.1020
v 5.2780 0.0550 4.1020
v 5.2780 0.0550 4.1580
v 5.2220 0.0550 4.1580
v 5.4680 0.0450 4.1080
v 5.5120 0.0450 4.1080
v 5.5120 0.0450 4.1520
v 5.4680 0.0450 4.1520
v 5.5220 0.0000 4.1300
v 5.5126 0.0000 4.1526
v 5.4900 0.0000 4.1620
v 5.4674 0.0000 4.1526
v 5.4580 0.0000 4.1300
v 5.4674 0.0000 4.1074
v 5.4900 0.0000 4.0980
v 5.5126 0.0000 4.1074
v 5.5220 0.0450 4.1300
v 5.5126 0.0450 4.1526
v 5.4900 0.0450 4.1620
v 5.4674 0.0450 4.1526
v 5.4580 0.0450 4.1300
v 5.4674 0.0450 4.1074
v 5.4900 0.0450 4.0980
v 5.5126 0.0450 4.1074
v 5.2220 0.0550 4.1020
v 5.2780 0.0550 4.1020
v 5.2780 0.0550 4.1580
v 5.2220 0.0550 4.1580
v 5.3022 0.0450 4.3363
v 5.3462 0.0450 4.3363
v 5.3462 0.0450 4.3803
v 5.3022 0.0450 4.3803
v 5.3562 0.0000 4.3583
v 5.3468 0.0000 4.3809
v 5.3242 0.0000 4.3903
v 5.3015 0.0000 4.3809
v 5.2922 0.0000 4.3583
v 5.3015 0.0000 4.3356
v 5.3242 0.0000 4.3263
v 5.3468 0.0000 4.3356
v 5.3562 0.0450 4.3583
v 5.3468 0.0450 4.3809
v 5.3242 0.0450 4.3903
v 5.3015 0.0450 4.3809
v 5.2922 0.0450 4.3583
v 5.3015 0.0450 4.3356
v 5.3242 0.0450 4.3263
v 5.3468 0.0450 4.3356
v 5.2220 0.0550 4.1020
v 5.2780 0.0550 4.1020
v 5.2780 0.0550 4.1580
v 5.2220 0.0550 4.1580
v 5.0338 0.0450 4.2491
v 5.0778 0.0450 4.2491
v 5.0778 0.0450 4.2931
v 5.0338 0.0450 4.2931
v 5.0878 0.0000 4.2711
v 5.0785 0.0000 4.2937
v 5.0558 0.0000 4.3031
v 5.0332 0.0000 4.2937
v 5.0238 0.0000 4.2711
v 5.0332 0.0000 4.2484
v 5.0558 0.0000 4.2391
v 5.0785 0.0000 4.2484
v 5.0878 0.0450 4.2711
v 5.0785 0.0450 4.2937
v 5.0558 0.0450 4.3031
v 5.0332 0.0450 4.2937
v 5.0238 0.0450 4.2711
v 5.0332 0.0450 4.2484
v 5.0558 0.0450 4.2391
v 5.0785 0.0450 4.2484
v 5.2220 0.0550 4.1020
v 5.2780 0.0550 4.1020
v 5.2780 0.0550 4.1580
v 5.2220 0.0550 4.1580
v 5.0338 0.0450 3.9669
v 5.0778 0.0450 3.9669
v 5.0778 0.0450 4.0109
v 5.0338 0.0450 4.0109
v 5.0878 0.0000 3.9889
v 5.0785 0.0000 4.0116
v 5.0558 0.0000 4.0209
v 5.0332 0.0000 4.0116
v 5.0238 0.0000 3.9889
v 5.0332 0.0000 3.9663
v 5.0558 0.0000 3.9569
v 5.0785 0.0000 3.9663
v 5.0878 0.0450 3.9889
v 5.0785 0.0450 4.0116
v 5.0558 0.0450 4.0209
v 5.0332 0.0450 4.0116
v 5.0238 0.0450 3.9889
v 5.0332 0.0450 3.9663
v 5.0558 0.0450 3.9569
v 5.0785 0.0450 3.9663
v 5.2220 0.0550 4.1020
v 5.2780 0.0550 4.1020
v 5.2780 0.0550 4.1580
v 5.2220 0.0550 4.1580
v 5.3022 0.0450 3.8797
v 5.3462 0.0450 3.8797
v 5.3462 0.0450 3.9237
v 5.3022 0.0450 3.9237
v 5.3562 0.0000 3.9017
v 5.3468 0.0000 3.9244
v 5.3242 0.0000 3.9337
v 5.3015 0.0000 3.9244
v 5.2922 0.0000 3.9017
v 5.3015 0.0000 3.8791
v 5.3242 0.0000 3.8697
v 5.3468 0.0000 3.8791
v 5.3562 0.0450 3.9017
v 5.3468 0.0450 3.9244
v 5.3242 0.0450 3.9337
v 5.3015 0.0450 3.9244
v 5.2922 0.0450 3.9017
v 5.3015 0.0450 3.8791
v 5.3242 0.0450 3.8697
v 5.3468 0.0450 3.8791
v 5.2980 0.0500 4.1300
v 5.2888 0.0500 4.1582
v 5.2648 0.0500 4.1757
v 5.2352 0.0500 4.1757
v 5.2112 0.0500 4.1582
v 5.2020 0.0500 4.1300
v 5.2112 0.0500 4.1018
v 5.2352 0.0500 4.0843
v 5.2648 0.0500 4.0843
v 5.2888 0.0500 4.1018
v 5.2980 0.1100 4.1300
v 5.2888 0.1100 4.1582
v 5.2648 0.1100 4.1757
v 5.2352 0.1100 4.1757
v 5.2112 0.1100 4.1582
v 5.2020 0.1100 4.1300
v 5.2112 0.1100 4.1018
v 5.2352 0.1100 4.0843
v 5.2648 0.1100 4.0843
v 5.2888 0.1100 4.1018
v 5.2820 0.1100 4.1300
v 5.2759 0.1100 4.1488
v 5.2599 0.1100 4.1604
v 5.2401 0.1100 4.1604
v 5.2241 0.1100 4.1488
v 5.2180 0.1100 4.1300
v 5.2241 0.1100 4.1112
v 5.2401 0.1100 4.0996
v 5.2599 0.1100 4.0996
v 5.2759 0.1100 4.1112
v 5.2820 0.4100 4.1300
v 5.2759 0.4100 4.1488
v 5.2599 0.4100 4.1604
v 5.2401 0.4100 4.1604
v 5.2241 0.4100 4.1488
v 5.2180 0.4100 4.1300
v 5.2241 0.4100 4.1112
v 5.2401 0.4100 4.0996
v 5.2599 0.4100 4.0996
v 5.2759 0.4100 4.1112
v 5.3050 0.4100 4.1300
v 5.2945 0.4100 4.1623
v 5.2670 0.4100 4.1823
v 5.2330 0.4100 4.1823
v 5.2055 0.4100 4.1623
v 5.1950 0.4100 4.1300
v 5.2055 0.4100 4.0977
v 5.2330 0.4100 4.0777
v 5.2670 0.4100 4.0777
v 5.2945 0.4100 4.0977
v 5.3050 0.4500 4.1300
v 5.2945 0.4500 4.1623
v 5.2670 0.4500 4.1823
v 5.2330 0.4500 4.1823
v 5.2055 0.4500 4.1623
v 5.1950 0.4500 4.1300
v 5.2055 0.4500 4.0977
v 5.2330 0.4500 4.0777
v 5.2670 0.4500 4.0777
v 5.2945 0.4500 4.0977
v 5.0150 0.4500 3.9150
v 5.4850 0.4500 3.9150
v 5.4850 0.4500 4.3650
v 5.0150 0.4500 4.3650
v 5.0150 0.5050 3.9150
v 5.4850 0.5050 3.9150
v 5.4850 0.5050 4.3650
v 5.0150 0.5050 4.3650
v 5.0350 0.4400 4.2650
v 5.4650 0.4400 4.2650
v 5.4650 0.4400 4.3750
v 5.0350 0.4400 4.3750
v 5.0350 0.4850 4.2650
v 5.4650 0.4850 4.2650
v 5.4650 0.4850 4.3750
v 5.0350 0.4850 4.3750
v 5.0290 0.5200 3.9060
v 5.0610 0.5200 3.9060
v 5.0610 0.5200 3.9440
v 5.0290 0.5200 3.9440
v 5.0290 0.6700 3.9060
v 5.0610 0.6700 3.9060
v 5.0610 0.6700 3.9440
v 5.0290 0.6700 3.9440
v 5.4390 0.5200 3.9060
v 5.4710 0.5200 3.9060
v 5.4710 0.5200 3.9440
v 5.4390 0.5200 3.9440
v 5.4390 0.6700 3.9060
v 5.4710 0.6700 3.9060
v 5.4710 0.6700 3.9440
v 5.4390 0.6700 3.9440
v 5.0600 0.5200 3.9170
v 5.4400 0.5200 3.9170
v 5.4400 0.5200 3.9330
v 5.0600 0.5200 3.9330
v 5.0600 0.6700 3.9170
v 5.4400 0.6700 3.9170
v 5.4400 0.6700 3.9330
v 5.0600 0.6700 3.9330
v 5.0290 0.6700 3.8890
v 5.0610 0.6700 3.8890
v 5.0610 0.6700 3.9270
v 5.0290 0.6700 3.9270
v 5.0290 0.8300 3.8890
v 5.0610 0.8300 3.8890
v 5.0610 0.8300 3.9270
v 5.0290 0.8300 3.9270
v 5.4390 0.6700 3.8890
v 5.4710 0.6700 3.8890
v 5.4710 0.6700 3.9270
v 5.4390 0.6700 3.9270
v 5.4390 0.8300 3.8890
v 5.4710 0.8300 3.8890
v 5.4710 0.8300 3.9270
v 5.4390 0.8300 3.9270
v 5.0600 0.6700 3.9000
v 5.4400 0.6700 3.9000
v 5.4400 0.6700 3.9160
v 5.0600 0.6700 3.9160
v 5.0600 0.8300 3.9000
v 5.4400 0.8300 3.9000
v 5.4400 0.8300 3.9160
v 5.0600 0.8300 3.9160
v 5.0290 0.8300 3.8690
v 5.0610 0.8300 3.8690
v 5.0610 0.8300 3.9070
v 5.0290 0.8300 3.9070
v 5.0290 0.9700 3.8690
v 5.0610 0.9700 3.8690
v 5.0610 0.9700 3.9070
v 5.0290 0.9700 3.9070
v 5.4390 0.8300 3.8690
v 5.4710 0.8300 3.8690
v 5.4710 0.8300 3.9070
v 5.4390 0.8300 3.9070
v 5.4390 0.9700 3.8690
v 5.4710 0.9700 3.8690
v 5.4710 0.9700 3.9070
v 5.4390 0.9700 3.9070
v 5.0600 0.8300 3.8800
v 5.4400 0.8300 3.8800
v 5.4400 0.8300 3.8960
v 5.0600 0.8300 3.8960
v 5.0600 0.9700 3.8800
v 5.4400 0.9700 3.8800
v 5.4400 0.9700 3.8960
v 5.0600 0.9700 3.8960
v 5.0300 0.9550 3.8640
v 5.4700 0.9550 3.8640
v 5.4700 0.9550 3.9060
v 5.0300 0.9550 3.9060
v 5.0300 0.9900 3.8640
v 5.4700 0.9900 3.8640
v 5.4700 0.9900 3.9060
v 5.0300 0.9900 3.9060
v 5.1950 0.5000 3.9150
v 5.3050 0.5000 3.9150
v 5.3050 0.5000 3.9650
v 5.1950 0.5000 3.9650
v 5.1950 0.5900 3.9150
v 5.3050 0.5900 3.9150
v 5.3050 0.5900 3.9650
v 5.1950 0.5900 3.9650
v 4.9725 0.5000 3.9600
v 5.0175 0.5000 3.9600
v 5.0175 0.5000 4.2600
v 4.9725 0.5000 4.2600
v 4.9725 0.6700 3.9600
v 5.0175 0.6700 3.9600
v 5.0175 0.6700 4.2600
v 4.9725 0.6700 4.2600
v 4.9675 0.6700 4.0000
v 5.0225 0.6700 4.0000
v 5.0225 0.6700 4.2600
v 4.9675 0.6700 4.2600
v 4.9675 0.7050 4.0000
v 5.0225 0.7050 4.0000
v 5.0225 0.7050 4.2600
v 4.9675 0.7050 4.2600
v 5.4825 0.5000 3.9600
v 5.5275 0.5000 3.9600
v 5.5275 0.5000 4.2600
v 5.4825 0.5000 4.2600
v 5.4825 0.6700 3.9600
v 5.5275 0.6700 3.9600
v 5.5275 0.6700 4.2600
v 5.4825 0.6700 4.2600
v 5.4775 0.6700 4.0000
v 5.5325 0.6700 4.0000
v 5.5325 0.6700 4.2600
v 5.4775 0.6700 4.2600
v 5.4775 0.7050 4.0000
v 5.5325 0.7050 4.0000
v 5.5325 0.7050 4.2600
v 5.4775 0.7050 4.2600
v 5.2220 0.0550 6.3020
v 5.2780 0.0550 6.3020
v 5.2780 0.0550 6.3580
v 5.2220 0.0550 6.3580
v 4.9880 0.0450 6.3080
v 5.0320 0.0450 6.3080
v 5.0320 0.0450 6.3520
v 4.9880 0.0450 6.3520
v 5.0420 0.0000 6.3300
v 5.0326 0.0000 6.3526
v 5.0100 0.0000 6.3620
v 4.9874 0.0000 6.3526
v 4.9780 0.0000 6.3300
v 4.9874 0.0000 6.3074
v 5.0100 0.0000 6.2980
v 5.0326 0.0000 6.3074
v 5.0420 0.0450 6.3300
v 5.0326 0.0450 6.3526
v 5.0100 0.0450 6.3620
v 4.9874 0.0450 6.3526
v 4.9780 0.0450 6.3300
v 4.9874 0.0450 6.3074
v 5.0100 0.0450 6.2980
v 5.0326 0.0450 6.3074
v 5.2220 0.0550 6.3020
v 5.2780 0.0550 6.3020
v 5.2780 0.0550 6.3580
v 5.2220 0.0550 6.3580
v 5.1538 0.0450 6.0797
v 5.1978 0.0450 6.0797
v 5.1978 0.0450 6.1237
v 5.1538 0.0450 6.1237
v 5.2078 0.0000 6.1017
v 5.1985 0.0000 6.1244
v 5.1758 0.0000 6.1337
v 5.1532 0.0000 6.1244
v 5.1438 0.0000 6.1017
v 5.1532 0.0000 6.0791
v 5.1758 0.0000 6.0697
v 5.1985 0.0000 6.0791
v 5.2078 0.0450 6.1017
v 5.1985 0.0450 6.1244
v 5.1758 0.0450 6.1337
v 5.1532 0.0450 6.1244
v 5.1438 0.0450 6.1017
v 5.1532 0.0450 6.0791
v 5.1758 0.0450 6.0697
v 5.1985 0.0450 6.0791
v 5.2220 0.0550 6.3020
v 5.2780 0.0550 6.3020
v 5.2780 0.0550 6.3580
v 5.2220 0.0550 6.3580
v 5.4222 0.0450 6.1669
v 5.4662 0.0450 6.1669
v 5.4662 0.0450 6.2109
v 5.4222 0.0450 6.2109
v 5.4762 0.0000 6.1889
v 5.4668 0.0000 6.2116
v 5.4442 0.0000 6.2209
v 5.4215 0.0000 6.2116
v 5.4122 0.0000 6.1889
v 5.4215 0.0000 6.1663
v 5.4442 0.0000 6.1569
v 5.4668 0.0000 6.1663
v 5.4762 0.0450 6.1889
v 5.4668 0.0450 6.2116
v 5.4442 0.0450 6.2209
v 5.4215 0.0450 6.2116
v 5.4122 0.0450 6.1889
v 5.4215 0.0450 6.1663
v 5.4442 0.0450 6.1569
v 5.4668 0.0450 6.1663
v 5.2220 0.0550 6.3020
v 5.2780 0.0550 6.3020
v 5.2780 0.0550 6.3580
v 5.2220 0.0550 6.3580
v 5.4222 0.0450 6.4491
v 5.4662 0.0450 6.4491
v 5.4662 0.0450 6.4931
v 5.4222 0.0450 6.4931
v 5.4762 0.0000 6.4711
v 5.4668 0.0000 6.4937
v 5.4442 0.0000 6.5031
v 5.4215 0.0000 6.4937
v 5.4122 0.0000 6.4711
v 5.4215 0.0000 6.4484
v 5.4442 0.0000 6.4391
v 5.4668 0.0000 6.4484
v 5.4762 0.0450 6.4711
v 5.4668 0.0450 6.4937
v 5.4442 0.0450 6.5031
v 5.4215 0.0450 6.4937
v 5.4122 0.0450 6.4711
v 5.4215 0.0450 6.4484
v 5.4442 0.0450 6.4391
v 5.4668 0.0450 6.4484
v 5.2220 0.0550 6.3020
v 5.2780 0.0550 6.3020
v 5.2780 0.0550 6.3580
v 5.2220 0.0550 6.3580
v 5.1538 0.0450 6.5363
v 5.1978 0.0450 6.5363
v 5.1978 0.0450 6.5803
v 5.1538 0.0450 6.5803
v 5.2078 0.0000 6.5583
v 5.1985 0.0000 6.5809
v 5.1758 0.0000 6.5903
v 5.1532 0.0000 6.5809
v 5.1438 0.0000 6.5583
v 5.1532 0.0000 6.5356
v 5.1758 0.0000 6.5263
v 5.1985 0.0000 6.5356
v 5.2078 0.0450 6.5583
v 5.1985 0.0450 6.5809
v 5.1758 0.0450 6.5903
v 5.1532 0.0450 6.5809
v 5.1438 0.0450 6.5583
v 5.1532 0.0450 6.5356
v 5.1758 0.0450 6.5263
v 5.1985 0.0450 6.5356
v 5.2980 0.0500 6.3300
v 5.2888 0.0500 6.3582
v 5.2648 0.0500 6.3757
v 5.2352 0.0500 6.3757
v 5.2112 0.0500 6.3582
v 5.2020 0.0500 6.3300
v 5.2112 0.0500 6.3018
v 5.2352 0.0500 6.2843
v 5.2648 0.0500 6.2843
v 5.2888 0.0500 6.3018
v 5.2980 0.1100 6.3300
v 5.2888 0.1100 6.3582
v 5.2648 0.1100 6.3757
v 5.2352 0.1100 6.3757
v 5.2112 0.1100 6.3582
v 5.2020 0.1100 6.3300
v 5.2112 0.1100 6.3018
v 5.2352 0.1100 6.2843
v 5.2648 0.1100 6.2843
v 5.2888 0.1100 6.3018
v 5.2820 0.1100 6.3300
v 5.2759 0.1100 6.3488
v 5.2599 0.1100 6.3604
v 5.2401 0.1100 6.3604
v 5.2241 0.1100 6.3488
v 5.2180 0.1100 6.3300
v 5.2241 0.1100 6.3112
v 5.2401 0.1100 6.2996
v 5.2599 0.1100 6.2996
v 5.2759 0.1100 6.3112
v 5.2820 0.4100 6.3300
v 5.2759 0.4100 6.3488
v 5.2599 0.4100 6.3604
v 5.2401 0.4100 6.3604
v 5.2241 0.4100 6.3488
v 5.2180 0.4100 6.3300
v 5.2241 0.4100 6.3112
v 5.2401 0.4100 6.2996
v 5.2599 0.4100 6.2996
v 5.2759 0.4100 6.3112
v 5.3050 0.4100 6.3300
v 5.2945 0.4100 6.3623
v 5.2670 0.4100 6.3823
v 5.2330 0.4100 6.3823
v 5.2055 0.4100 6.3623
v 5.1950 0.4100 6.3300
v 5.2055 0.4100 6.2977
v 5.2330 0.4100 6.2777
v 5.2670 0.4100 6.2777
v 5.2945 0.4100 6.2977
v 5.3050 0.4500 6.3300
v 5.2945 0.4500 6.3623
v 5.2670 0.4500 6.3823
v 5.2330 0.4500 6.3823
v 5.2055 0.4500 6.3623
v 5.1950 0.4500 6.3300
v 5.2055 0.4500 6.2977
v 5.2330 0.4500 6.2777
v 5.2670 0.4500 6.2777
v 5.2945 0.4500 6.2977
v 5.0150 0.4500 6.0950
v 5.4850 0.4500 6.0950
v 5.4850 0.4500 6.5450
v 5.0150 0.4500 6.5450
v 5.0150 0.5050 6.0950
v 5.4850 0.5050 6.0950
v 5.4850 0.5050 6.5450
v 5.0150 0.5050 6.5450
v 5.0350 0.4400 6.0850
v 5.4650 0.4400 6.0850
v 5.4650 0.4400 6.1950
v 5.0350 0.4400 6.1950
v 5.0350 0.4850 6.0850
v 5.4650 0.4850 6.0850
v 5.4650 0.4850 6.1950
v 5.0350 0.4850 6.1950
v 5.4390 0.5200 6.5160
v 5.4710 0.5200 6.5160
v 5.4710 0.5200 6.5540
v 5.4390 0.5200 6.5540
v 5.4390 0.6700 6.5160
v 5.4710 0.6700 6.5160
v 5.4710 0.6700 6.5540
v 5.4390 0.6700 6.5540
v 5.0290 0.5200 6.5160
v 5.0610 0.5200 6.5160
v 5.0610 0.5200 6.5540
v 5.0290 0.5200 6.5540
v 5.0290 0.6700 6.5160
v 5.0610 0.6700 6.5160
v 5.0610 0.6700 6.5540
v 5.0290 0.6700 6.5540
v 5.0600 0.5200 6.5270
v 5.4400 0.5200 6.5270
v 5.4400 0.5200 6.5430
v 5.0600 0.5200 6.5430
v 5.0600 0.6700 6.5270
v 5.4400 0.6700 6.5270
v 5.4400 0.6700 6.5430
v 5.0600 0.6700 6.5430
v 5.4390 0.6700 6.5330
v 5.4710 0.6700 6.5330
v 5.4710 0.6700 6.5710
v 5.4390 0.6700 6.5710
v 5.4390 0.8300 6.5330
v 5.4710 0.8300 6.5330
v 5.4710 0.8300 6.5710
v 5.4390 0.8300 6.5710
v 5.0290 0.6700 6.5330
v 5.0610 0.6700 6.5330
v 5.0610 0.6700 6.5710
v 5.0290 0.6700 6.5710
v 5.0290 0.8300 6.5330
v 5.0610 0.8300 6.5330
v 5.0610 0.8300 6.5710
v 5.0290 0.8300 6.5710
v 5.0600 0.6700 6.5440
v 5.4400 0.6700 6.5440
v 5.4400 0.6700 6.5600
v 5.0600 0.6700 6.5600
v 5.0600 0.8300 6.5440
v 5.4400 0.8300 6.5440
v 5.4400 0.8300 6.5600
v 5.0600 0.8300 6.5600
v 5.4390 0.8300 6.5530
v 5.4710 0.8300 6.5530
v 5.4710 0.8300 6.5910
v 5.4390 0.8300 6.5910
v 5.4390 0.9700 6.5530
v 5.4710 0.9700 6.5530
v 5.4710 0.9700 6.5910
v 5.4390 0.9700 6.5910
v 5.0290 0.8300 6.5530
v 5.0610 0.8300 6.5530
v 5.0610 0.8300 6.5910
v 5.0290 0.8300 6.5910
v 5.0290 0.9700 6.5530
v 5.0610 0.9700 6.5530
v 5.0610 0.9700 6.5910
v 5.0290 0.9700 6.5910
v 5.0600 0.8300 6.5640
v 5.4400 0.8300 6.5640
v 5.4400 0.8300 6.5800
v 5.0600 0.8300 6.5800
v 5.0600 0.9700 6.5640
v 5.4400 0.9700 6.5640
v 5.4400 0.9700 6.5800
v 5.0600 0.9700 6.5800
v 5.0300 0.9550 6.5540
v 5.4700 0.9550 6.5540
v 5.4700 0.9550 6.5960
v 5.0300 0.9550 6.5960
v 5.0300 0.9900 6.5540
v 5.4700 0.9900 6.5540
v 5.4700 0.9900 6.5960
v 5.0300 0.9900 6.5960
v 5.1950 0.5000 6.4950
v 5.3050 0.5000 6.4950
v 5.3050 0.5000 6.5450
v 5.1950 0.5000 6.5450
v 5.1950 0.5900 6.4950
v 5.3050 0.5900 6.4950
v 5.3050 0.5900 6.5450
v 5.1950 0.5900 6.5450
v 5.4825 0.5000 6.2000
v 5.5275 0.5000 6.2000
v 5.5275 0.5000 6.5000
v 5.4825 0.5000 6.5000
v 5.4825 0.6700 6.2000
v 5.5275 0.6700 6.2000
v 5.5275 0.6700 6.5000
v 5.4825 0.6700 6.5000
v 5.4775 0.6700 6.2000
v 5.5325 0.6700 6.2000
v 5.5325 0.6700 6.4600
v 5.4775 0.6700 6.4600
v 5.4775 0.7050 6.2000
v 5.5325 0.7050 6.2000
v 5.5325 0.7050 6.4600
v 5.4775 0.7050 6.4600
v 4.9725 0.5000 6.2000
v 5.0175 0.5000 6.2000
v 5.0175 0.5000 6.5000
v 4.9725 0.5000 6.5000
v 4.9725 0.6700 6.2000
v 5.0175 0.6700 6.2000
v 5.0175 0.6700 6.5000
v 4.9725 0.6700 6.5000
v 4.9675 0.6700 6.2000
v 5.0225 0.6700 6.2000
v 5.0225 0.6700 6.4600
v 4.9675 0.6700 6.4600
v 4.9675 0.7050 6.2000
v 5.0225 0.7050 6.2000
v 5.0225 0.7050 6.4600
v 4.9675 0.7050 6.4600
v 6.0220 0.0550 4.1020
v 6.0780 0.0550 4.1020
v 6.0780 0.0550 4.1580
v 6.0220 0.0550 4.1580
v 6.2680 0.0450 4.1080
v 6.3120 0.0450 4.1080
v 6.3120 0.0450 4.1520
v 6.2680 0.0450 4.1520
v 6.3220 0.0000 4.1300
v 6.3126 0.0000 4.1526
v 6.2900 0.0000 4.1620
v 6.2674 0.0000 4.1526
v 6.2580 0.0000 4.1300
v 6.2674 0.0000 4.1074
v 6.2900 0.0000 4.0980
v 6.3126 0.0000 4.1074
v 6.3220 0.0450 4.1300
v 6.3126 0.0450 4.1526
v 6.2900 0.0450 4.1620
v 6.2674 0.0450 4.1526
v 6.2580 0.0450 4.1300
v 6.2674 0.0450 4.1074
v 6.2900 0.0450 4.0980
v 6.3126 0.0450 4.1074
v 6.0220 0.0550 4.1020
v 6.0780 0.0550 4.1020
v 6.0780 0.0550 4.1580
v 6.0220 0.0550 4.1580
v 6.1022 0.0450 4.3363
v 6.1462 0.0450 4.3363
v 6.1462 0.0450 4.3803
v 6.1022 0.0450 4.3803
v 6.1562 0.0000 4.3583
v 6.1468 0.0000 4.3809
v 6.1242 0.0000 4.3903
v 6.1015 0.0000 4.3809
v 6.0922 0.0000 4.3583
v 6.1015 0.0000 4.3356
v 6.1242 0.0000 4.3263
v 6.1468 0.0000 4.3356
v 6.1562 0.0450 4.3583
v 6.1468 0.0450 4.3809
v 6.1242 0.0450 4.3903
v 6.1015 0.0450 4.3809
v 6.0922 0.0450 4.3583
v 6.1015 0.0450 4.3356
v 6.1242 0.0450 4.3263
v 6.1468 0.0450 4.3356
v 6.0220 0.0550 4.1020
v 6.0780 0.0550 4.1020
v 6.0780 0.0550 4.1580
v 6.0220 0.0550 4.1580
v 5.8338 0.0450 4.2491
v 5.8778 0.0450 4.2491
v 5.8778 0.0450 4.2931
v 5.8338 0.0450 4.2931
v 5.8878 0.0000 4.2711
v 5.8785 0.0000 4.2937
v 5.8558 0.0000 4.3031
v 5.8332 0.0000 4.2937
v 5.8238 0.0000 4.2711
v 5.8332 0.0000 4.2484
v 5.8558 0.0000 4.2391
v 5.8785 0.0000 4.2484
v 5.8878 0.0450 4.2711
v 5.8785 0.0450 4.2937
v 5.8558 0.0450 4.3031
v 5.8332 0.0450 4.2937
v 5.8238 0.0450 4.2711
v 5.8332 0.0450 4.2484
v 5.8558 0.0450 4.2391
v 5.8785 0.0450 4.2484
v 6.0220 0.0550 4.1020
v 6.0780 0.0550 4.1020
v 6.0780 0.0550 4.1580
v 6.0220 0.0550 4.1580
v 5.8338 0.0450 3.9669
v 5.8778 0.0450 3.9669
v 5.8778 0.0450 4.0109
v 5.8338 0.0450 4.0109
v 5.8878 0.0000 3.9889
v 5.8785 0.0000 4.0116
v 5.8558 0.0000 4.0209
v 5.8332 0.0000 4.0116
v 5.8238 0.0000 3.9889
v 5.8332 0.0000 3.9663
v 5.8558 0.0000 3.9569
v 5.8785 0.0000 3.9663
v 5.8878 0.0450 3.9889
v 5.8785 0.0450 4.0116
v 5.8558 0.0450 4.0209
v 5.8332 0.0450 4.0116
v 5.8238 0.0450 3.9889
v 5.8332 0.0450 3.9663
v 5.8558 0.0450 3.9569
v 5.8785 0.0450 3.9663
v 6.0220 0.0550 4.1020
v 6.0780 0.0550 4.1020
v 6.0780 0.0550 4.1580
v 6.0220 0.0550 4.1580
v 6.1022 0.0450 3.8797
v 6.1462 0.0450 3.8797
v 6.1462 0.0450 3.9237
v 6.1022 0.0450 3.9237
v 6.1562 0.0000 3.9017
v 6.1468 0.0000 3.9244
v 6.1242 0.0000 3.9337
v 6.1015 0.0000 3.9244
v 6.0922 0.0000 3.9017
v 6.1015 0.0000 3.8791
v 6.1242 0.0000 3.8697
v 6.1468 0.0000 3.8791
v 6.1562 0.0450 3.9017
v 6.1468 0.0450 3.9244
v 6.1242 0.0450 3.9337
v 6.1015 0.0450 3.9244
v 6.0922 0.0450 3.9017
v 6.1015 0.0450 3.8791
v 6.1242 0.0450 3.8697
v 6.1468 0.0450 3.8791
v 6.0980 0.0500 4.1300
v 6.0888 0.0500 4.1582
v 6.0648 0.0500 4.1757
v 6.0352 0.0500 4.1757
v 6.0112 0.0500 4.1582
v 6.0020 0.0500 4.1300
v 6.0112 0.0500 4.1018
v 6.0352 0.0500 4.0843
v 6.0648 0.0500 4.0843
v 6.0888 0.0500 4.1018
v 6.0980 0.1100 4.1300
v 6.0888 0.1100 4.1582
v 6.0648 0.1100 4.1757
v 6.0352 0.1100 4.1757
v 6.0112 0.1100 4.1582
v 6.0020 0.1100 4.1300
v 6.0112 0.1100 4.1018
v 6.0352 0.1100 4.0843
v 6.0648 0.1100 4.0843
v 6.0888 0.1100 4.1018
v 6.0820 0.1100 4.1300
v 6.0759 0.1100 4.1488
v 6.0599 0.1100 4.1604
v 6.0401 0.1100 4.1604
v 6.0241 0.1100 4.1488
v 6.0180 0.1100 4.1300
v 6.0241 0.1100 4.1112
v 6.0401 0.1100 4.0996
v 6.0599 0.1100 4.0996
v 6.0759 0.1100 4.1112
v 6.0820 0.4100 4.1300
v 6.0759 0.4100 4.1488
v 6.0599 0.4100 4.1604
v 6.0401 0.4100 4.1604
v 6.0241 0.4100 4.1488
v 6.0180 0.4100 4.1300
v 6.0241 0.4100 4.1112
v 6.0401 0.4100 4.0996
v 6.0599 0.4100 4.0996
v 6.0759 0.4100 4.1112
v 6.1050 0.4100 4.1300
v 6.0945 0.4100 4.1623
v 6.0670 0.4100 4.1823
v 6.0330 0.4100 4.1823
v 6.0055 0.4100 4.1623
v 5.9950 0.4100 4.1300
v 6.0055 0.4100 4.0977
v 6.0330 0.4100 4.0777
v 6.0670 0.4100 4.0777
v 6.0945 0.4100 4.0977
v 6.1050 0.4500 4.1300
v 6.0945 0.4500 4.1623
v 6.0670 0.4500 4.1823
v 6.0330 0.4500 4.1823
v 6.0055 0.4500 4.1623
v 5.9950 0.4500 4.1300
v 6.0055 0.4500 4.0977
v 6.0330 0.4500 4.0777
v 6.0670 0.4500 4.0777
v 6.0945 0.4500 4.0977
v 5.8150 0.4500 3.9150
v 6.2850 0.4500 3.9150
v 6.2850 0.4500 4.3650
v 5.8150 0.4500 4.3650
v 5.8150 0.5050 3.9150
v 6.2850 0.5050 3.9150
v 6.2850 0.5050 4.3650
v 5.8150 0.5050 4.3650
v 5.8350 0.4400 4.2650
v 6.2650 0.4400 4.2650
v 6.2650 0.4400 4.3750
v 5.8350 0.4400 4.3750
v 5.8350 0.4850 4.2650
v 6.2650 0.4850 4.2650
v 6.2650 0.4850 4.3750
v 5.8350 0.4850 4.3750
v 5.8290 0.5200 3.9060
v 5.8610 0.5200 3.9060
v 5.8610 0.5200 3.9440
v 5.8290 0.5200 3.9440
v 5.8290 0.6700 3.9060
v 5.8610 0.6700 3.9060
v 5.8610 0.6700 3.9440
v 5.8290 0.6700 3.9440
v 6.2390 0.5200 3.9060
v 6.2710 0.5200 3.9060
v 6.2710 0.5200 3.9440
v 6.2390 0.5200 3.9440
v 6.2390 0.6700 3.9060
v 6.2710 0.6700 3.9060
v 6.2710 0.6700 3.9440
v 6.2390 0.6700 3.9440
v 5.8600 0.5200 3.9170
v 6.2400 0.5200 3.9170
v 6.2400 0.5200 3.9330
v 5.8600 0.5200 3.9330
v 5.8600 0.6700 3.9170
v 6.2400 0.6700 3.9170
v 6.2400 0.6700 3.9330
v 5.8600 0.6700 3.9330
v 5.8290 0.6700 3.8890
v 5.8610 0.6700 3.8890
v 5.8610 0.6700 3.9270
v 5.8290 0.6700 3.9270
v 5.8290 0.8300 3.8890
v 5.8610 0.8300 3.8890
v 5.8610 0.8300 3.9270
v 5.8290 0.8300 3.9270
v 6.2390 0.6700 3.8890
v 6.2710 0.6700 3.8890
v 6.2710 0.6700 3.9270
v 6.2390 0.6700 3.9270
v 6.2390 0.8300 3.8890
v 6.2710 0.8300 3.8890
v 6.2710 0.8300 3.9270
v 6.2390 0.8300 3.9270
v 5.8600 0.6700 3.9000
v 6.2400 0.6700 3.9000
v 6.2400 0.6700 3.9160
v 5.8600 0.6700 3.9160
v 5.8600 0.8300 3.9000
v 6.2400 0.8300 3.9000
v 6.2400 0.8300 3.9160
v 5.8600 0.8300 3.9160
v 5.8290 0.8300 3.8690
v 5.8610 0.8300 3.8690
v 5.8610 0.8300 3.9070
v 5.8290 0.8300 3.9070
v 5.8290 0.9700 3.8690
v 5.8610 0.9700 3.8690
v 5.8610 0.9700 3.9070
v 5.8290 0.9700 3.9070
v 6.2390 0.8300 3.8690
v 6.2710 0.8300 3.8690
v 6.2710 0.8300 3.9070
v 6.2390 0.8300 3.9070
v 6.2390 0.9700 3.8690
v 6.2710 0.9700 3.8690
v 6.2710 0.9700 3.9070
v 6.2390 0.9700 3.9070
v 5.8600 0.8300 3.8800
v 6.2400 0.8300 3.8800
v 6.2400 0.8300 3.8960
v 5.8600 0.8300 3.8960
v 5.8600 0.9700 3.8800
v 6.2400 0.9700 3.8800
v 6.2400 0.9700 3.8960
v 5.8600 0.9700 3.8960
v 5.8300 0.9550 3.8640
v 6.2700 0.9550 3.8640
v 6.2700 0.9550 3.9060
v 5.8300 0.9550 3.9060
v 5.8300 0.9900 3.8640
v 6.2700 0.9900 3.8640
v 6.2700 0.9900 3.9060
v 5.8300 0.9900 3.9060
v 5.9950 0.5000 3.9150
v 6.1050 0.5000 3.9150
v 6.1050 0.5000 3.9650
v 5.9950 0.5000 3.9650
v 5.9950 0.5900 3.9150
v 6.1050 0.5900 3.9150
v 6.1050 0.5900 3.9650
v 5.9950 0.5900 3.9650
v 5.7725 0.5000 3.9600
v 5.8175 0.5000 3.9600
v 5.8175 0.5000 4.2600
v 5.7725 0.5000 4.2600
v 5.7725 0.6700 3.9600
v 5.8175 0.6700 3.9600
v 5.8175 0.6700 4.2600
v 5.7725 0.6700 4.2600
v 5.7675 0.6700 4.0000
v 5.8225 0.6700 4.0000
v 5.8225 0.6700 4.2600
v 5.7675 0.6700 4.2600
v 5.7675 0.7050 4.0000
v 5.8225 0.7050 4.0000
v 5.8225 0.7050 4.2600
v 5.7675 0.7050 4.2600
v 6.2825 0.5000 3.9600
v 6.3275 0.5000 3.9600
v 6.3275 0.5000 4.2600
v 6.2825 0.5000 4.2600
v 6.2825 0.6700 3.9600
v 6.3275 0.6700 3.9600
v 6.3275 0.6700 4.2600
v 6.2825 0.6700 4.2600
v 6.2775 0.6700 4.0000
v 6.3325 0.6700 4.0000
v 6.3325 0.6700 4.2600
v 6.2775 0.6700 4.2600
v 6.2775 0.7050 4.0000
v 6.3325 0.7050 4.0000
v 6.3325 0.7050 4.2600
v 6.2775 0.7050 4.2600
v 6.0220 0.0550 6.3020
v 6.0780 0.0550 6.3020
v 6.0780 0.0550 6.3580
v 6.0220 0.0550 6.3580
v 5.7880 0.0450 6.3080
v 5.8320 0.0450 6.3080
v 5.8320 0.0450 6.3520
v 5.7880 0.0450 6.3520
v 5.8420 0.0000 6.3300
v 5.8326 0.0000 6.3526
v 5.8100 0.0000 6.3620
v 5.7874 0.0000 6.3526
v 5.7780 0.0000 6.3300
v 5.7874 0.0000 6.3074
v 5.8100 0.0000 6.2980
v 5.8326 0.0000 6.3074
v 5.8420 0.0450 6.3300
v 5.8326 0.0450 6.3526
v 5.8100 0.0450 6.3620
v 5.7874 0.0450 6.3526
v 5.7780 0.0450 6.3300
v 5.7874 0.0450 6.3074
v 5.8100 0.0450 6.2980
v 5.8326 0.0450 6.3074
v 6.0220 0.0550 6.3020
v 6.0780 0.0550 6.3020
v 6.0780 0.0550 6.3580
v 6.0220 0.0550 6.3580
v 5.9538 0.0450 6.0797
v 5.9978 0.0450 6.0797
v 5.9978 0.0450 6.1237
v 5.9538 0.0450 6.1237
v 6.0078 0.0000 6.1017
v 5.9985 0.0000 6.1244
v 5.9758 0.0000 6.1337
v 5.9532 0.0000 6.1244
v 5.9438 0.0000 6.1017
v 5.9532 0.0000 6.0791
v 5.9758 0.0000 6.0697
v 5.9985 0.0000 6.0791
v 6.0078 0.0450 6.1017
v 5.9985 0.0450 6.1244
v 5.9758 0.0450 6.1337
v 5.9532 0.0450 6.1244
v 5.9438 0.0450 6.1017
v 5.9532 0.0450 6.0791
v 5.9758 0.0450 6.0697
v 5.9985 0.0450 6.0791
v 6.0220 0.0550 6.3020
v 6.0780 0.0550 6.3020
v 6.0780 0.0550 6.3580
v 6.0220 0.0550 6.3580
v 6.2222 0.0450 6.1669
v 6.2662 0.0450 6.1669
v 6.2662 0.0450 6.2109
v 6.2222 0.0450 6.2109
v 6.2762 0.0000 6.1889
v 6.2668 0.0000 6.2116
v 6.2442 0.0000 6.2209
v 6.2215 0.0000 6.2116
v 6.2122 0.0000 6.1889
v 6.2215 0.0000 6.1663
v 6.2442 0.0000 6.1569
v 6.2668 0.0000 6.1663
v 6.2762 0.0450 6.1889
v 6.2668 0.0450 6.2116
v 6.2442 0.0450 6.2209
v 6.2215 0.0450 6.2116
v 6.2122 0.0450 6.1889
v 6.2215 0.0450 6.1663
v 6.2442 0.0450 6.1569
v 6.2668 0.0450 6.1663
v 6.0220 0.0550 6.3020
v 6.0780 0.0550 6.3020
v 6.0780 0.0550 6.3580
v 6.0220 0.0550 6.3580
v 6.2222 0.0450 6.4491
v 6.2662 0.0450 6.4491
v 6.2662 0.0450 6.4931
v 6.2222 0.0450 6.4931
v 6.2762 0.0000 6.4711
v 6.2668 0.0000 6.4937
v 6.2442 0.0000 6.5031
v 6.2215 0.0000 6.4937
v 6.2122 0.0000 6.4711
v 6.2215 0.0000 6.4484
v 6.2442 0.0000 6.4391
v 6.2668 0.0000 6.4484
v 6.2762 0.0450 6.4711
v 6.2668 0.0450 6.4937
v 6.2442 0.0450 6.5031
v 6.2215 0.0450 6.4937
v 6.2122 0.0450 6.4711
v 6.2215 0.0450 6.4484
v 6.2442 0.0450 6.4391
v 6.2668 0.0450 6.4484
v 6.0220 0.0550 6.3020
v 6.0780 0.0550 6.3020
v 6.0780 0.0550 6.3580
v 6.0220 0.0550 6.3580
v 5.9538 0.0450 6.5363
v 5.9978 0.0450 6.5363
v 5.9978 0.0450 6.5803
v 5.9538 0.0450 6.5803
v 6.0078 0.0000 6.5583
v 5.9985 0.0000 6.5809
v 5.9758 0.0000 6.5903
v 5.9532 0.0000 6.5809
v 5.9438 0.0000 6.5583
v 5.9532 0.0000 6.5356
v 5.9758 0.0000 6.5263
v 5.9985 0.0000 6.5356
v 6.0078 0.0450 6.5583
v 5.9985 0.0450 6.5809
v 5.9758 0.0450 6.5903
v 5.9532 0.0450 6.5809
v 5.9438 0.0450 6.5583
v 5.9532 0.0450 6.5356
v 5.9758 0.0450 6.5263
v 5.9985 0.0450 6.5356
v 6.0980 0.0500 6.3300
v 6.0888 0.0500 6.3582
v 6.0648 0.0500 6.3757
v 6.0352 0.0500 6.3757
v 6.0112 0.0500 6.3582
v 6.0020 0.0500 6.3300
v 6.0112 0.0500 6.3018
v 6.0352 0.0500 6.2843
v 6.0648 0.0500 6.2843
v 6.0888 0.0500 6.3018
v 6.0980 0.1100 6.3300
v 6.0888 0.1100 6.3582
v 6.0648 0.1100 6.3757
v 6.0352 0.1100 6.3757
v 6.0112 0.1100 6.3582
v 6.0020 0.1100 6.3300
v 6.0112 0.1100 6.3018
v 6.0352 0.1100 6.2843
v 6.0648 0.1100 6.2843
v 6.0888 0.1100 6.3018
v 6.0820 0.1100 6.3300
v 6.0759 0.1100 6.3488
v 6.0599 0.1100 6.3604
v 6.0401 0.1100 6.3604
v 6.0241 0.1100 6.3488
v 6.0180 0.1100 6.3300
v 6.0241 0.1100 6.3112
v 6.0401 0.1100 6.2996
v 6.0599 0.1100 6.2996
v 6.0759 0.1100 6.3112
v 6.0820 0.4100 6.3300
v 6.0759 0.4100 6.3488
v 6.0599 0.4100 6.3604
v 6.0401 0.4100 6.3604
v 6.0241 0.4100 6.3488
v 6.0180 0.4100 6.3300
v 6.0241 0.4100 6.3112
v 6.0401 0.4100 6.2996
v 6.0599 0.4100 6.2996
v 6.0759 0.4100 6.3112
v 6.1050 0.4100 6.3300
v 6.0945 0.4100 6.3623
v 6.0670 0.4100 6.3823
v 6.0330 0.4100 6.3823
v 6.0055 0.4100 6.3623
v 5.9950 0.4100 6.3300
v 6.0055 0.4100 6.2977
v 6.0330 0.4100 6.2777
v 6.0670 0.4100 6.2777
v 6.0945 0.4100 6.2977
v 6.1050 0.4500 6.3300
v 6.0945 0.4500 6.3623
v 6.0670 0.4500 6.3823
v 6.0330 0.4500 6.3823
v 6.0055 0.4500 6.3623
v 5.9950 0.4500 6.3300
v 6.0055 0.4500 6.2977
v 6.0330 0.4500 6.2777
v 6.0670 0.4500 6.2777
v 6.0945 0.4500 6.2977
v 5.8150 0.4500 6.0950
v 6.2850 0.4500 6.0950
v 6.2850 0.4500 6.5450
v 5.8150 0.4500 6.5450
v 5.8150 0.5050 6.0950
v 6.2850 0.5050 6.0950
v 6.2850 0.5050 6.5450
v 5.8150 0.5050 6.5450
v 5.8350 0.4400 6.0850
v 6.2650 0.4400 6.0850
v 6.2650 0.4400 6.1950
v 5.8350 0.4400 6.1950
v 5.8350 0.4850 6.0850
v 6.2650 0.4850 6.0850
v 6.2650 0.4850 6.1950
v 5.8350 0.4850 6.1950
v 6.2390 0.5200 6.5160
v 6.2710 0.5200 6.5160
v 6.2710 0.5200 6.5540
v 6.2390 0.5200 6.5540
v 6.2390 0.6700 6.5160
v 6.2710 0.6700 6.5160
v 6.2710 0.6700 6.5540
v 6.2390 0.6700 6.5540
v 5.8290 0.5200 6.5160
v 5.8610 0.5200 6.5160
v 5.8610 0.5200 6.5540
v 5.8290 0.5200 6.5540
v 5.8290 0.6700 6.5160
v 5.8610 0.6700 6.5160
v 5.8610 0.6700 6.5540
v 5.8290 0.6700 6.5540
v 5.8600 0.5200 6.5270
v 6.2400 0.5200 6.5270
v 6.2400 0.5200 6.5430
v 5.8600 0.5200 6.5430
v 5.8600 0.6700 6.5270
v 6.2400 0.6700 6.5270
v 6.2400 0.6700 6.5430
v 5.8600 0.6700 6.5430
v 6.2390 0.6700 6.5330
v 6.2710 0.6700 6.5330
v 6.2710 0.6700 6.5710
v 6.2390 0.6700 6.5710
v 6.2390 0.8300 6.5330
v 6.2710 0.8300 6.5330
v 6.2710 0.8300 6.5710
v 6.2390 0.8300 6.5710
v 5.8290 0.6700 6.5330
v 5.8610 0.6700 6.5330
v 5.8610 0.6700 6.5710
v 5.8290 0.6700 6.5710
v 5.8290 0.8300 6.5330
v 5.8610 0.8300 6.5330
v 5.8610 0.8300 6.5710
v 5.8290 0.8300 6.5710
v 5.8600 0.6700 6.5440
v 6.2400 0.6700 6.5440
v 6.2400 0.6700 6.5600
v 5.8600 0.6700 6.5600
v 5.8600 0.8300 6.5440
v 6.2400 0.8300 6.5440
v 6.2400 0.8300 6.5600
v 5.8600 0.8300 6.5600
v 6.2390 0.8300 6.5530
v 6.2710 0.8300 6.5530
v 6.2710 0.8300 6.5910
v 6.2390 0.8300 6.5910
v 6.2390 0.9700 6.5530
v 6.2710 0.9700 6.5530
v 6.2710 0.9700 6.5910
v 6.2390 0.9700 6.5910
v 5.8290 0.8300 6.5530
v 5.8610 0.8300 6.5530
v 5.8610 0.8300 6.5910
v 5.8290 0.8300 6.5910
v 5.8290 0.9700 6.5530
v 5.8610 0.9700 6.5530
v 5.8610 0.9700 6.5910
v 5.8290 0.9700 6.5910
v 5.8600 0.8300 6.5640
v 6.2400 0.8300 6.5640
v 6.2400 0.8300 6.5800
v 5.8600 0.8300 6.5800
v 5.8600 0.9700 6.5640
v 6.2400 0.9700 6.5640
v 6.2400 0.9700 6.5800
v 5.8600 0.9700 6.5800
v 5.8300 0.9550 6.5540
v 6.2700 0.9550 6.5540
v 6.2700 0.9550 6.5960
v 5.8300 0.9550 6.5960
v 5.8300 0.9900 6.5540
v 6.2700 0.9900 6.5540
v 6.2700 0.9900 6.5960
v 5.8300 0.9900 6.5960
v 5.9950 0.5000 6.4950
v 6.1050 0.5000 6.4950
v 6.1050 0.5000 6.5450
v 5.9950 0.5000 6.5450
v 5.9950 0.5900 6.4950
v 6.1050 0.5900 6.4950
v 6.1050 0.5900 6.5450
v 5.9950 0.5900 6.5450
v 6.2825 0.5000 6.2000
v 6.3275 0.5000 6.2000
v 6.3275 0.5000 6.5000
v 6.2825 0.5000 6.5000
v 6.2825 0.6700 6.2000
v 6.3275 0.6700 6.2000
v 6.3275 0.6700 6.5000
v 6.2825 0.6700 6.5000
v 6.2775 0.6700 6.2000
v 6.3325 0.6700 6.2000
v 6.3325 0.6700 6.4600
v 6.2775 0.6700 6.4600
v 6.2775 0.7050 6.2000
v 6.3325 0.7050 6.2000
v 6.3325 0.7050 6.4600
v 6.2775 0.7050 6.4600
v 5.7725 0.5000 6.2000
v 5.8175 0.5000 6.2000
v 5.8175 0.5000 6.5000
v 5.7725 0.5000 6.5000
v 5.7725 0.6700 6.2000
v 5.8175 0.6700 6.2000
v 5.8175 0.6700 6.5000
v 5.7725 0.6700 6.5000
v 5.7675 0.6700 6.2000
v 5.8225 0.6700 6.2000
v 5.8225 0.6700 6.4600
v 5.7675 0.6700 6.4600
v 5.7675 0.7050 6.2000
v 5.8225 0.7050 6.2000
v 5.8225 0.7050 6.4600
v 5.7675 0.7050 6.4600
v 8.0300 0.7100 5.0000
v 9.4300 0.7100 5.0000
v 9.4300 0.7100 7.4000
v 8.0300 0.7100 7.4000
v 8.0300 0.7500 5.0000
v 9.4300 0.7500 5.0000
v 9.4300 0.7500 7.4000
v 8.0300 0.7500 7.4000
v 8.0950 0.0000 5.0650
v 8.1450 0.0000 5.0650
v 8.1450 0.0000 5.1150
v 8.0950 0.0000 5.1150
v 8.0950 0.7100 5.0650
v 8.1450 0.7100 5.0650
v 8.1450 0.7100 5.1150
v 8.0950 0.7100 5.1150
v 9.3150 0.0000 5.0650
v 9.3650 0.0000 5.0650
v 9.3650 0.0000 5.1150
v 9.3150 0.0000 5.1150
v 9.3150 0.7100 5.0650
v 9.3650 0.7100 5.0650
v 9.3650 0.7100 5.1150
v 9.3150 0.7100 5.1150
v 8.0950 0.0000 7.2850
v 8.1450 0.0000 7.2850
v 8.1450 0.0000 7.3350
v 8.0950 0.0000 7.3350
v 8.0950 0.7100 7.2850
v 8.1450 0.7100 7.2850
v 8.1450 0.7100 7.3350
v 8.0950 0.7100 7.3350
v 9.3150 0.0000 7.2850
v 9.3650 0.0000 7.2850
v 9.3650 0.0000 7.3350
v 9.3150 0.0000 7.3350
v 9.3150 0.7100 7.2850
v 9.3650 0.7100 7.2850
v 9.3650 0.7100 7.3350
v 9.3150 0.7100 7.3350
v 7.6020 0.0550 5.3720
v 7.6580 0.0550 5.3720
v 7.6580 0.0550 5.4280
v 7.6020 0.0550 5.4280
v 7.6080 0.0450 5.6180
v 7.6520 0.0450 5.6180
v 7.6520 0.0450 5.6620
v 7.6080 0.0450 5.6620
v 7.6620 0.0000 5.6400
v 7.6526 0.0000 5.6626
v 7.6300 0.0000 5.6720
v 7.6074 0.0000 5.6626
v 7.5980 0.0000 5.6400
v 7.6074 0.0000 5.6174
v 7.6300 0.0000 5.6080
v 7.6526 0.0000 5.6174
v 7.6620 0.0450 5.6400
v 7.6526 0.0450 5.6626
v 7.6300 0.0450 5.6720
v 7.6074 0.0450 5.6626
v 7.5980 0.0450 5.6400
v 7.6074 0.0450 5.6174
v 7.6300 0.0450 5.6080
v 7.6526 0.0450 5.6174
v 7.6020 0.0550 5.3720
v 7.6580 0.0550 5.3720
v 7.6580 0.0550 5.4280
v 7.6020 0.0550 5.4280
v 7.3797 0.0450 5.4522
v 7.4237 0.0450 5.4522
v 7.4237 0.0450 5.4962
v 7.3797 0.0450 5.4962
v 7.4337 0.0000 5.4742
v 7.4244 0.0000 5.4968
v 7.4017 0.0000 5.5062
v 7.3791 0.0000 5.4968
v 7.3697 0.0000 5.4742
v 7.3791 0.0000 5.4515
v 7.4017 0.0000 5.4422
v 7.4244 0.0000 5.4515
v 7.4337 0.0450 5.4742
v 7.4244 0.0450 5.4968
v 7.4017 0.0450 5.5062
v 7.3791 0.0450 5.4968
v 7.3697 0.0450 5.4742
v 7.3791 0.0450 5.4515
v 7.4017 0.0450 5.4422
v 7.4244 0.0450 5.4515
v 7.6020 0.0550 5.3720
v 7.6580 0.0550 5.3720
v 7.6580 0.0550 5.4280
v 7.6020 0.0550 5.4280
v 7.4669 0.0450 5.1838
v 7.5109 0.0450 5.1838
v 7.5109 0.0450 5.2278
v 7.4669 0.0450 5.2278
v 7.5209 0.0000 5.2058
v 7.5116 0.0000 5.2285
v 7.4889 0.0000 5.2378
v 7.4663 0.0000 5.2285
v 7.4569 0.0000 5.2058
v 7.4663 0.0000 5.1832
v 7.4889 0.0000 5.1738
v 7.5116 0.0000 5.1832
v 7.5209 0.0450 5.2058
v 7.5116 0.0450 5.2285
v 7.4889 0.0450 5.2378
v 7.4663 0.0450 5.2285
v 7.4569 0.0450 5.2058
v 7.4663 0.0450 5.1832
v 7.4889 0.0450 5.1738
v 7.5116 0.0450 5.1832
v 7.6020 0.0550 5.3720
v 7.6580 0.0550 5.3720
v 7.6580 0.0550 5.4280
v 7.6020 0.0550 5.4280
v 7.7491 0.0450 5.1838
v 7.7931 0.0450 5.1838
v 7.7931 0.0450 5.2278
v 7.7491 0.0450 5.2278
v 7.8031 0.0000 5.2058
v 7.7937 0.0000 5.2285
v 7.7711 0.0000 5.2378
v 7.7484 0.0000 5.2285
v 7.7391 0.0000 5.2058
v 7.7484 0.0000 5.1832
v 7.7711 0.0000 5.1738
v 7.7937 0.0000 5.1832
v 7.8031 0.0450 5.2058
v 7.7937 0.0450 5.2285
v 7.7711 0.0450 5.2378
v 7.7484 0.0450 5.2285
v 7.7391 0.0450 5.2058
v 7.7484 0.0450 5.1832
v 7.7711 0.0450 5.1738
v 7.7937 0.0450 5.1832
v 7.6020 0.0550 5.3720
v 7.6580 0.0550 5.3720
v 7.6580 0.0550 5.4280
v 7.6020 0.0550 5.4280
v 7.8363 0.0450 5.4522
v 7.8803 0.0450 5.4522
v 7.8803 0.0450 5.4962
v 7.8363 0.0450 5.4962
v 7.8903 0.0000 5.4742
v 7.8809 0.0000 5.4968
v 7.8583 0.0000 5.5062
v 7.8356 0.0000 5.4968
v 7.8263 0.0000 5.4742
v 7.8356 0.0000 5.4515
v 7.8583 0.0000 5.4422
v 7.8809 0.0000 5.4515
v 7.8903 0.0450 5.4742
v 7.8809 0.0450 5.4968
v 7.8583 0.0450 5.5062
v 7.8356 0.0450 5.4968
v 7.8263 0.0450 5.4742
v 7.8356 0.0450 5.4515
v 7.8583 0.0450 5.4422
v 7.8809 0.0450 5.4515
v 7.6780 0.0500 5.4000
v 7.6688 0.0500 5.4282
v 7.6448 0.0500 5.4457
v 7.6152 0.0500 5.4457
v 7.5912 0.0500 5.4282
v 7.5820 0.0500 5.4000
v 7.5912 0.0500 5.3718
v 7.6152 0.0500 5.3543
v 7.6448 0.0500 5.3543
v 7.6688 0.0500 5.3718
v 7.6780 0.1100 5.4000
v 7.6688 0.1100 5.4282
v 7.6448 0.1100 5.4457
v 7.6152 0.1100 5.4457
v 7.5912 0.1100 5.4282
v 7.5820 0.1100 5.4000
v 7.5912 0.1100 5.3718
v 7.6152 0.1100 5.3543
v 7.6448 0.1100 5.3543
v 7.6688 0.1100 5.3718
v 7.6620 0.1100 5.4000
v 7.6559 0.1100 5.4188
v 7.6399 0.1100 5.4304
v 7.6201 0.1100 5.4304
v 7.6041 0.1100 5.4188
v 7.5980 0.1100 5.4000
v 7.6041 0.1100 5.3812
v 7.6201 0.1100 5.3696
v 7.6399 0.1100 5.3696
v 7.6559 0.1100 5.3812
v 7.6620 0.4100 5.4000
v 7.6559 0.4100 5.4188
v 7.6399 0.4100 5.4304
v 7.6201 0.4100 5.4304
v 7.6041 0.4100 5.4188
v 7.5980 0.4100 5.4000
v 7.6041 0.4100 5.3812
v 7.6201 0.4100 5.3696
v 7.6399 0.4100 5.3696
v 7.6559 0.4100 5.3812
v 7.6850 0.4100 5.4000
v 7.6745 0.4100 5.4323
v 7.6470 0.4100 5.4523
v 7.6130 0.4100 5.4523
v 7.5855 0.4100 5.4323
v 7.5750 0.4100 5.4000
v 7.5855 0.4100 5.3677
v 7.6130 0.4100 5.3477
v 7.6470 0.4100 5.3477
v 7.6745 0.4100 5.3677
v 7.6850 0.4500 5.4000
v 7.6745 0.4500 5.4323
v 7.6470 0.4500 5.4523
v 7.6130 0.4500 5.4523
v 7.5855 0.4500 5.4323
v 7.5750 0.4500 5.4000
v 7.5855 0.4500 5.3677
v 7.6130 0.4500 5.3477
v 7.6470 0.4500 5.3477
v 7.6745 0.4500 5.3677
v 7.4150 0.4500 5.1650
v 7.8650 0.4500 5.1650
v 7.8650 0.4500 5.6350
v 7.4150 0.4500 5.6350
v 7.4150 0.5050 5.1650
v 7.8650 0.5050 5.1650
v 7.8650 0.5050 5.6350
v 7.4150 0.5050 5.6350
v 7.7650 0.4400 5.1850
v 7.8750 0.4400 5.1850
v 7.8750 0.4400 5.6150
v 7.7650 0.4400 5.6150
v 7.7650 0.4850 5.1850
v 7.8750 0.4850 5.1850
v 7.8750 0.4850 5.6150
v 7.7650 0.4850 5.6150
v 7.4060 0.5200 5.5890
v 7.4440 0.5200 5.5890
v 7.4440 0.5200 5.6210
v 7.4060 0.5200 5.6210
v 7.4060 0.6700 5.5890
v 7.4440 0.6700 5.5890
v 7.4440 0.6700 5.6210
v 7.4060 0.6700 5.6210
v 7.4060 0.5200 5.1790
v 7.4440 0.5200 5.1790
v 7.4440 0.5200 5.2110
v 7.4060 0.5200 5.2110
v 7.4060 0.6700 5.1790
v 7.4440 0.6700 5.1790
v 7.4440 0.6700 5.2110
v 7.4060 0.6700 5.2110
v 7.4170 0.5200 5.2100
v 7.4330 0.5200 5.2100
v 7.4330 0.5200 5.5900
v 7.4170 0.5200 5.5900
v 7.4170 0.6700 5.2100
v 7.4330 0.6700 5.2100
v 7.4330 0.6700 5.5900
v 7.4170 0.6700 5.5900
v 7.3890 0.6700 5.5890
v 7.4270 0.6700 5.5890
v 7.4270 0.6700 5.6210
v 7.3890 0.6700 5.6210
v 7.3890 0.8300 5.5890
v 7.4270 0.8300 5.5890
v 7.4270 0.8300 5.6210
v 7.3890 0.8300 5.6210
v 7.3890 0.6700 5.1790
v 7.4270 0.6700 5.1790
v 7.4270 0.6700 5.2110
v 7.3890 0.6700 5.2110
v 7.3890 0.8300 5.1790
v 7.4270 0.8300 5.1790
v 7.4270 0.8300 5.2110
v 7.3890 0.8300 5.2110
v 7.4000 0.6700 5.2100
v 7.4160 0.6700 5.2100
v 7.4160 0.6700 5.5900
v 7.4000 0.6700 5.5900
v 7.4000 0.8300 5.2100
v 7.4160 0.8300 5.2100
v 7.4160 0.8300 5.5900
v 7.4000 0.8300 5.5900
v 7.3690 0.8300 5.5890
v 7.4070 0.8300 5.5890
v 7.4070 0.8300 5.6210
v 7.3690 0.8300 5.6210
v 7.3690 0.9700 5.5890
v 7.4070 0.9700 5.5890
v 7.4070 0.9700 5.6210
v 7.3690 0.9700 5.6210
v 7.3690 0.8300 5.1790
v 7.4070 0.8300 5.1790
v 7.4070 0.8300 5.2110
v 7.3690 0.8300 5.2110
v 7.3690 0.9700 5.1790
v 7.4070 0.9700 5.1790
v 7.4070 0.9700 5.2110
v 7.3690 0.9700 5.2110
v 7.3800 0.8300 5.2100
v 7.3960 0.8300 5.2100
v 7.3960 0.8300 5.5900
v 7.3800 0.8300 5.5900
v 7.3800 0.9700 5.2100
v 7.3960 0.9700 5.2100
v 7.3960 0.9700 5.5900
v 7.3800 0.9700 5.5900
v 7.3640 0.9550 5.1800
v 7.4060 0.9550 5.1800
v 7.4060 0.9550 5.6200
v 7.3640 0.9550 5.6200
v 7.3640 0.9900 5.1800
v 7.4060 0.9900 5.1800
v 7.4060 0.9900 5.6200
v 7.3640 0.9900 5.6200
v 7.4150 0.5000 5.3450
v 7.4650 0.5000 5.3450
v 7.4650 0.5000 5.4550
v 7.4150 0.5000 5.4550
v 7.4150 0.5900 5.3450
v 7.4650 0.5900 5.3450
v 7.4650 0.5900 5.4550
v 7.4150 0.5900 5.4550
v 7.4600 0.5000 5.6325
v 7.7600 0.5000 5.6325
v 7.7600 0.5000 5.6775
v 7.4600 0.5000 5.6775
v 7.4600 0.6700 5.6325
v 7.7600 0.6700 5.6325
v 7.7600 0.6700 5.6775
v 7.4600 0.6700 5.6775
v 7.5000 0.6700 5.6275
v 7.7600 0.6700 5.6275
v 7.7600 0.6700 5.6825
v 7.5000 0.6700 5.6825
v 7.5000 0.7050 5.6275
v 7.7600 0.7050 5.6275
v 7.7600 0.7050 5.6825
v 7.5000 0.7050 5.6825
v 7.4600 0.5000 5.1225
v 7.7600 0.5000 5.1225
v 7.7600 0.5000 5.1675
v 7.4600 0.5000 5.1675
v 7.4600 0.6700 5.1225
v 7.7600 0.6700 5.1225
v 7.7600 0.6700 5.1675
v 7.4600 0.6700 5.1675
v 7.5000 0.6700 5.1175
v 7.7600 0.6700 5.1175
v 7.7600 0.6700 5.1725
v 7.5000 0.6700 5.1725
v 7.5000 0.7050 5.1175
v 7.7600 0.7050 5.1175
v 7.7600 0.7050 5.1725
v 7.5000 0.7050 5.1725
v 9.8020 0.0550 5.3720
v 9.8580 0.0550 5.3720
v 9.8580 0.0550 5.4280
v 9.8020 0.0550 5.4280
v 9.8080 0.0450 5.1380
v 9.8520 0.0450 5.1380
v 9.8520 0.0450 5.1820
v 9.8080 0.0450 5.1820
v 9.8620 0.0000 5.1600
v 9.8526 0.0000 5.1826
v 9.8300 0.0000 5.1920
v 9.8074 0.0000 5.1826
v 9.7980 0.0000 5.1600
v 9.8074 0.0000 5.1374
v 9.8300 0.0000 5.1280
v 9.8526 0.0000 5.1374
v 9.8620 0.0450 5.1600
v 9.8526 0.0450 5.1826
v 9.8300 0.0450 5.1920
v 9.8074 0.0450 5.1826
v 9.7980 0.0450 5.1600
v 9.8074 0.0450 5.1374
v 9.8300 0.0450 5.1280
v 9.8526 0.0450 5.1374
v 9.8020 0.0550 5.3720
v 9.8580 0.0550 5.3720
v 9.8580 0.0550 5.4280
v 9.8020 0.0550 5.4280
v 10.0363 0.0450 5.3038
v 10.0803 0.0450 5.3038
v 10.0803 0.0450 5.3478
v 10.0363 0.0450 5.3478
v 10.0903 0.0000 5.3258
v 10.0809 0.0000 5.3485
v 10.0583 0.0000 5.3578
v 10.0356 0.0000 5.3485
v 10.0263 0.0000 5.3258
v 10.0356 0.0000 5.3032
v 10.0583 0.0000 5.2938
v 10.0809 0.0000 5.3032
v 10.0903 0.0450 5.3258
v 10.0809 0.0450 5.3485
v 10.0583 0.0450 5.3578
v 10.0356 0.0450 5.3485
v 10.0263 0.0450 5.3258
v 10.0356 0.0450 5.3032
v 10.0583 0.0450 5.2938
v 10.0809 0.0450 5.3032
v 9.8020 0.0550 5.3720
v 9.8580 0.0550 5.3720
v 9.8580 0.0550 5.4280
v 9.8020 0.0550 5.4280
v 9.9491 0.0450 5.5722
v 9.9931 0.0450 5.5722
v 9.9931 0.0450 5.6162
v 9.9491 0.0450 5.6162
v 10.0031 0.0000 5.5942
v 9.9937 0.0000 5.6168
v 9.9711 0.0000 5.6262
v 9.9484 0.0000 5.6168
v 9.9391 0.0000 5.5942
v 9.9484 0.0000 5.5715
v 9.9711 0.0000 5.5622
v 9.9937 0.0000 5.5715
v 10.0031 0.0450 5.5942
v 9.9937 0.0450 5.6168
v 9.9711 0.0450 5.6262
v 9.9484 0.0450 5.6168
v 9.9391 0.0450 5.5942
v 9.9484 0.0450 5.5715
v 9.9711 0.0450 5.5622
v 9.9937 0.0450 5.5715
v 9.8020 0.0550 5.3720
v 9.8580 0.0550 5.3720
v 9.8580 0.0550 5.4280
v 9.8020 0.0550 5.4280
v 9.6669 0.0450 5.5722
v 9.7109 0.0450 5.5722
v 9.7109 0.0450 5.6162
v 9.6669 0.0450 5.6162
v 9.7209 0.0000 5.5942
v 9.7116 0.0000 5.6168
v 9.6889 0.0000 5.6262
v 9.6663 0.0000 5.6168
v 9.6569 0.0000 5.5942
v 9.6663 0.0000 5.5715
v 9.6889 0.0000 5.5622
v 9.7116 0.0000 5.5715
v 9.7209 0.0450 5.5942
v 9.7116 0.0450 5.6168
v 9.6889 0.0450 5.6262
v 9.6663 0.0450 5.6168
v 9.6569 0.0450 5.5942
v 9.6663 0.0450 5.5715
v 9.6889 0.0450 5.5622
v 9.7116 0.0450 5.5715
v 9.8020 0.0550 5.3720
v 9.8580 0.0550 5.3720
v 9.8580 0.0550 5.4280
v 9.8020 0.0550 5.4280
v 9.5797 0.0450 5.3038
v 9.6237 0.0450 5.3038
v 9.6237 0.0450 5.3478
v 9.5797 0.0450 5.3478
v 9.6337 0.0000 5.3258
v 9.6244 0.0000 5.3485
v 9.6017 0.0000 5.3578
v 9.5791 0.0000 5.3485
v 9.5697 0.0000 5.3258
v 9.5791 0.0000 5.3032
v 9.6017 0.0000 5.2938
v 9.6244 0.0000 5.3032
v 9.6337 0.0450 5.3258
v 9.6244 0.0450 5.3485
v 9.6017 0.0450 5.3578
v 9.5791 0.0450 5.3485
v 9.5697 0.0450 5.3258
v 9.5791 0.0450 5.3032
v 9.6017 0.0450 5.2938
v 9.6244 0.0450 5.3032
v 9.8780 0.0500 5.4000
v 9.8688 0.0500 5.4282
v 9.8448 0.0500 5.4457
v 9.8152 0.0500 5.4457
v 9.7912 0.0500 5.4282
v 9.7820 0.0500 5.4000
v 9.7912 0.0500 5.3718
v 9.8152 0.0500 5.3543
v 9.8448 0.0500 5.3543
v 9.8688 0.0500 5.3718
v 9.8780 0.1100 5.4000
v 9.8688 0.1100 5.4282
v 9.8448 0.1100 5.4457
v 9.8152 0.1100 5.4457
v 9.7912 0.1100 5.4282
v 9.7820 0.1100 5.4000
v 9.7912 0.1100 5.3718
v 9.8152 0.1100 5.3543
v 9.8448 0.1100 5.3543
v 9.8688 0.1100 5.3718
v 9.8620 0.1100 5.4000
v 9.8559 0.1100 5.4188
v 9.8399 0.1100 5.4304
v 9.8201 0.1100 5.4304
v 9.8041 0.1100 5.4188
v 9.7980 0.1100 5.4000
v 9.8041 0.1100 5.3812
v 9.8201 0.1100 5.3696
v 9.8399 0.1100 5.3696
v 9.8559 0.1100 5.3812
v 9.8620 0.4100 5.4000
v 9.8559 0.4100 5.4188
v 9.8399 0.4100 5.4304
v 9.8201 0.4100 5.4304
v 9.8041 0.4100 5.4188
v 9.7980 0.4100 5.4000
v 9.8041 0.4100 5.3812
v 9.8201 0.4100 5.3696
v 9.8399 0.4100 5.3696
v 9.8559 0.4100 5.3812
v 9.8850 0.4100 5.4000
v 9.8745 0.4100 5.4323
v 9.8470 0.4100 5.4523
v 9.8130 0.4100 5.4523
v 9.7855 0.4100 5.4323
v 9.7750 0.4100 5.4000
v 9.7855 0.4100 5.3677
v 9.8130 0.4100 5.3477
v 9.8470 0.4100 5.3477
v 9.8745 0.4100 5.3677
v 9.8850 0.4500 5.4000
v 9.8745 0.4500 5.4323
v 9.8470 0.4500 5.4523
v 9.8130 0.4500 5.4523
v 9.7855 0.4500 5.4323
v 9.7750 0.4500 5.4000
v 9.7855 0.4500 5.3677
v 9.8130 0.4500 5.3477
v 9.8470 0.4500 5.3477
v 9.8745 0.4500 5.3677
v 9.5950 0.4500 5.1650
v 10.0450 0.4500 5.1650
v 10.0450 0.4500 5.6350
v 9.5950 0.4500 5.6350
v 9.5950 0.5050 5.1650
v 10.0450 0.5050 5.1650
v 10.0450 0.5050 5.6350
v 9.5950 0.5050 5.6350
v 9.5850 0.4400 5.1850
v 9.6950 0.4400 5.1850
v 9.6950 0.4400 5.6150
v 9.5850 0.4400 5.6150
v 9.5850 0.4850 5.1850
v 9.6950 0.4850 5.1850
v 9.6950 0.4850 5.6150
v 9.5850 0.4850 5.6150
v 10.0160 0.5200 5.1790
v 10.0540 0.5200 5.1790
v 10.0540 0.5200 5.2110
v 10.0160 0.5200 5.2110
v 10.0160 0.6700 5.1790
v 10.0540 0.6700 5.1790
v 10.0540 0.6700 5.2110
v 10.0160 0.6700 5.2110
v 10.0160 0.5200 5.5890
v 10.0540 0.5200 5.5890
v 10.0540 0.5200 5.6210
v 10.0160 0.5200 5.6210
v 10.0160 0.6700 5.5890
v 10.0540 0.6700 5.5890
v 10.0540 0.6700 5.6210
v 10.0160 0.6700 5.6210
v 10.0270 0.5200 5.2100
v 10.0430 0.5200 5.2100
v 10.0430 0.5200 5.5900
v 10.0270 0.5200 5.5900
v 10.0270 0.6700 5.2100
v 10.0430 0.6700 5.2100
v 10.0430 0.6700 5.5900
v 10.0270 0.6700 5.5900
v 10.0330 0.6700 5.1790
v 10.0710 0.6700 5.1790
v 10.0710 0.6700 5.2110
v 10.0330 0.6700 5.2110
v 10.0330 0.8300 5.1790
v 10.0710 0.8300 5.1790
v 10.0710 0.8300 5.2110
v 10.0330 0.8300 5.2110
v 10.0330 0.6700 5.5890
v 10.0710 0.6700 5.5890
v 10.0710 0.6700 5.6210
v 10.0330 0.6700 5.6210
v 10.0330 0.8300 5.5890
v 10.0710 0.8300 5.5890
v 10.0710 0.8300 5.6210
v 10.0330 0.8300 5.6210
v 10.0440 0.6700 5.2100
v 10.0600 0.6700 5.2100
v 10.0600 0.6700 5.5900
v 10.0440 0.6700 5.5900
v 10.0440 0.8300 5.2100
v 10.0600 0.8300 5.2100
v 10.0600 0.8300 5.5900
v 10.0440 0.8300 5.5900
v 10.0530 0.8300 5.1790
v 10.0910 0.8300 5.1790
v 10.0910 0.8300 5.2110
v 10.0530 0.8300 5.2110
v 10.0530 0.9700 5.1790
v 10.0910 0.9700 5.1790
v 10.0910 0.9700 5.2110
v 10.0530 0.9700 5.2110
v 10.0530 0.8300 5.5890
v 10.0910 0.8300 5.5890
v 10.0910 0.8300 5.6210
v 10.0530 0.8300 5.6210
v 10.0530 0.9700 5.5890
v 10.0910 0.9700 5.5890
v 10.0910 0.9700 5.6210
v 10.0530 0.9700 5.6210
v 10.0640 0.8300 5.2100
v 10.0800 0.8300 5.2100
v 10.0800 0.8300 5.5900
v 10.0640 0.8300 5.5900
v 10.0640 0.9700 5.2100
v 10.0800 0.9700 5.2100
v 10.0800 0.9700 5.5900
v 10.0640 0.9700 5.5900
v 10.0540 0.9550 5.1800
v 10.0960 0.9550 5.1800
v 10.0960 0.9550 5.6200
v 10.0540 0.9550 5.6200
v 10.0540 0.9900 5.1800
v 10.0960 0.9900 5.1800
v 10.0960 0.9900 5.6200
v 10.0540 0.9900 5.6200
v 9.9950 0.5000 5.3450
v 10.0450 0.5000 5.3450
v 10.0450 0.5000 5.4550
v 9.9950 0.5000 5.4550
v 9.9950 0.5900 5.3450
v 10.0450 0.5900 5.3450
v 10.0450 0.5900 5.4550
v 9.9950 0.5900 5.4550
v 9.7000 0.5000 5.1225
v 10.0000 0.5000 5.1225
v 10.0000 0.5000 5.1675
v 9.7000 0.5000 5.1675
v 9.7000 0.6700 5.1225
v 10.0000 0.6700 5.1225
v 10.0000 0.6700 5.1675
v 9.7000 0.6700 5.1675
v 9.7000 0.6700 5.1175
v 9.9600 0.6700 5.1175
v 9.9600 0.6700 5.1725
v 9.7000 0.6700 5.1725
v 9.7000 0.7050 5.1175
v 9.9600 0.7050 5.1175
v 9.9600 0.7050 5.1725
v 9.7000 0.7050 5.1725
v 9.7000 0.5000 5.6325
v 10.0000 0.5000 5.6325
v 10.0000 0.5000 5.6775
v 9.7000 0.5000 5.6775
v 9.7000 0.6700 5.6325
v 10.0000 0.6700 5.6325
v 10.0000 0.6700 5.6775
v 9.7000 0.6700 5.6775
v 9.7000 0.6700 5.6275
v 9.9600 0.6700 5.6275
v 9.9600 0.6700 5.6825
v 9.7000 0.6700 5.6825
v 9.7000 0.7050 5.6275
v 9.9600 0.7050 5.6275
v 9.9600 0.7050 5.6825
v 9.7000 0.7050 5.6825
v 7.6020 0.0550 6.1720
v 7.6580 0.0550 6.1720
v 7.6580 0.0550 6.2280
v 7.6020 0.0550 6.2280
v 7.6080 0.0450 6.4180
v 7.6520 0.0450 6.4180
v 7.6520 0.0450 6.4620
v 7.6080 0.0450 6.4620
v 7.6620 0.0000 6.4400
v 7.6526 0.0000 6.4626
v 7.6300 0.0000 6.4720
v 7.6074 0.0000 6.4626
v 7.5980 0.0000 6.4400
v 7.6074 0.0000 6.4174
v 7.6300 0.0000 6.4080
v 7.6526 0.0000 6.4174
v 7.6620 0.0450 6.4400
v 7.6526 0.0450 6.4626
v 7.6300 0.0450 6.4720
v 7.6074 0.0450 6.4626
v 7.5980 0.0450 6.4400
v 7.6074 0.0450 6.4174
v 7.6300 0.0450 6.4080
v 7.6526 0.0450 6.4174
v 7.6020 0.0550 6.1720
v 7.6580 0.0550 6.1720
v 7.6580 0.0550 6.2280
v 7.6020 0.0550 6.2280
v 7.3797 0.0450 6.2522
v 7.4237 0.0450 6.2522
v 7.4237 0.0450 6.2962
v 7.3797 0.0450 6.2962
v 7.4337 0.0000 6.2742
v 7.4244 0.0000 6.2968
v 7.4017 0.0000 6.3062
v 7.3791 0.0000 6.2968
v 7.3697 0.0000 6.2742
v 7.3791 0.0000 6.2515
v 7.4017 0.0000 6.2422
v 7.4244 0.0000 6.2515
v 7.4337 0.0450 6.2742
v 7.4244 0.0450 6.2968
v 7.4017 0.0450 6.3062
v 7.3791 0.0450 6.2968
v 7.3697 0.0450 6.2742
v 7.3791 0.0450 6.2515
v 7.4017 0.0450 6.2422
v 7.4244 0.0450 6.2515
v 7.6020 0.0550 6.1720
v 7.6580 0.0550 6.1720
v 7.6580 0.0550 6.2280
v 7.6020 0.0550 6.2280
v 7.4669 0.0450 5.9838
v 7.5109 0.0450 5.9838
v 7.5109 0.0450 6.0278
v 7.4669 0.0450 6.0278
v 7.5209 0.0000 6.0058
v 7.5116 0.0000 6.0285
v 7.4889 0.0000 6.0378
v 7.4663 0.0000 6.0285
v 7.4569 0.0000 6.0058
v 7.4663 0.0000 5.9832
v 7.4889 0.0000 5.9738
v 7.5116 0.0000 5.9832
v 7.5209 0.0450 6.0058
v 7.5116 0.0450 6.0285
v 7.4889 0.0450 6.0378
v 7.4663 0.0450 6.0285
v 7.4569 0.0450 6.0058
v 7.4663 0.0450 5.9832
v 7.4889 0.0450 5.9738
v 7.5116 0.0450 5.9832
v 7.6020 0.0550 6.1720
v 7.6580 0.0550 6.1720
v 7.6580 0.0550 6.2280
v 7.6020 0.0550 6.2280
v 7.7491 0.0450 5.9838
v 7.7931 0.0450 5.9838
v 7.7931 0.0450 6.0278
v 7.7491 0.0450 6.0278
v 7.8031 0.0000 6.0058
v 7.7937 0.0000 6.0285
v 7.7711 0.0000 6.0378
v 7.7484 0.0000 6.0285
v 7.7391 0.0000 6.0058
v 7.7484 0.0000 5.9832
v 7.7711 0.0000 5.9738
v 7.7937 0.0000 5.9832
v 7.8031 0.0450 6.0058
v 7.7937 0.0450 6.0285
v 7.7711 0.0450 6.0378
v 7.7484 0.0450 6.0285
v 7.7391 0.0450 6.0058
v 7.7484 0.0450 5.9832
v 7.7711 0.0450 5.9738
v 7.7937 0.0450 5.9832
v 7.6020 0.0550 6.1720
v 7.6580 0.0550 6.1720
v 7.6580 0.0550 6.2280
v 7.6020 0.0550 6.2280
v 7.8363 0.0450 6.2522
v 7.8803 0.0450 6.2522
v 7.8803 0.0450 6.2962
v 7.8363 0.0450 6.2962
v 7.8903 0.0000 6.2742
v 7.8809 0.0000 6.2968
v 7.8583 0.0000 6.3062
v 7.8356 0.0000 6.2968
v 7.8263 0.0000 6.2742
v 7.8356 0.0000 6.2515
v 7.8583 0.0000 6.2422
v 7.8809 0.0000 6.2515
v 7.8903 0.0450 6.2742
v 7.8809 0.0450 6.2968
v 7.8583 0.0450 6.3062
v 7.8356 0.0450 6.2968
v 7.8263 0.0450 6.2742
v 7.8356 0.0450 6.2515
v 7.8583 0.0450 6.2422
v 7.8809 0.0450 6.2515
v 7.6780 0.0500 6.2000
v 7.6688 0.0500 6.2282
v 7.6448 0.0500 6.2457
v 7.6152 0.0500 6.2457
v 7.5912 0.0500 6.2282
v 7.5820 0.0500 6.2000
v 7.5912 0.0500 6.1718
v 7.6152 0.0500 6.1543
v 7.6448 0.0500 6.1543
v 7.6688 0.0500 6.1718
v 7.6780 0.1100 6.2000
v 7.6688 0.1100 6.2282
v 7.6448 0.1100 6.2457
v 7.6152 0.1100 6.2457
v 7.5912 0.1100 6.2282
v 7.5820 0.1100 6.2000
v 7.5912 0.1100 6.1718
v 7.6152 0.1100 6.1543
v 7.6448 0.1100 6.1543
v 7.6688 0.1100 6.1718
v 7.6620 0.1100 6.2000
v 7.6559 0.1100 6.2188
v 7.6399 0.1100 6.2304
v 7.6201 0.1100 6.2304
v 7.6041 0.1100 6.2188
v 7.5980 0.1100 6.2000
v 7.6041 0.1100 6.1812
v 7.6201 0.1100 6.1696
v 7.6399 0.1100 6.1696
v 7.6559 0.1100 6.1812
v 7.6620 0.4100 6.2000
v 7.6559 0.4100 6.2188
v 7.6399 0.4100 6.2304
v 7.6201 0.4100 6.2304
v 7.6041 0.4100 6.2188
v 7.5980 0.4100 6.2000
v 7.6041 0.4100 6.1812
v 7.6201 0.4100 6.1696
v 7.6399 0.4100 6.1696
v 7.6559 0.4100 6.1812
v 7.6850 0.4100 6.2000
v 7.6745 0.4100 6.2323
v 7.6470 0.4100 6.2523
v 7.6130 0.4100 6.2523
v 7.5855 0.4100 6.2323
v 7.5750 0.4100 6.2000
v 7.5855 0.4100 6.1677
v 7.6130 0.4100 6.1477
v 7.6470 0.4100 6.1477
v 7.6745 0.4100 6.1677
v 7.6850 0.4500 6.2000
v 7.6745 0.4500 6.2323
v 7.6470 0.4500 6.2523
v 7.6130 0.4500 6.2523
v 7.5855 0.4500 6.2323
v 7.5750 0.4500 6.2000
v 7.5855 0.4500 6.1677
v 7.6130 0.4500 6.1477
v 7.6470 0.4500 6.1477
v 7.6745 0.4500 6.1677
v 7.4150 0.4500 5.9650
v 7.8650 0.4500 5.9650
v 7.8650 0.4500 6.4350
v 7.4150 0.4500 6.4350
v 7.4150 0.5050 5.9650
v 7.8650 0.5050 5.9650
v 7.8650 0.5050 6.4350
v 7.4150 0.5050 6.4350
v 7.7650 0.4400 5.9850
v 7.8750 0.4400 5.9850
v 7.8750 0.4400 6.4150
v 7.7650 0.4400 6.4150
v 7.7650 0.4850 5.9850
v 7.8750 0.4850 5.9850
v 7.8750 0.4850 6.4150
v 7.7650 0.4850 6.4150
v 7.4060 0.5200 6.3890
v 7.4440 0.5200 6.3890
v 7.4440 0.5200 6.4210
v 7.4060 0.5200 6.4210
v 7.4060 0.6700 6.3890
v 7.4440 0.6700 6.3890
v 7.4440 0.6700 6.4210
v 7.4060 0.6700 6.4210
v 7.4060 0.5200 5.9790
v 7.4440 0.5200 5.9790
v 7.4440 0.5200 6.0110
v 7.4060 0.5200 6.0110
v 7.4060 0.6700 5.9790
v 7.4440 0.6700 5.9790
v 7.4440 0.6700 6.0110
v 7.4060 0.6700 6.0110
v 7.4170 0.5200 6.0100
v 7.4330 0.5200 6.0100
v 7.4330 0.5200 6.3900
v 7.4170 0.5200 6.3900
v 7.4170 0.6700 6.0100
v 7.4330 0.6700 6.0100
v 7.4330 0.6700 6.3900
v 7.4170 0.6700 6.3900
v 7.3890 0.6700 6.3890
v 7.4270 0.6700 6.3890
v 7.4270 0.6700 6.4210
v 7.3890 0.6700 6.4210
v 7.3890 0.8300 6.3890
v 7.4270 0.8300 6.3890
v 7.4270 0.8300 6.4210
v 7.3890 0.8300 6.4210
v 7.3890 0.6700 5.9790
v 7.4270 0.6700 5.9790
v 7.4270 0.6700 6.0110
v 7.3890 0.6700 6.0110
v 7.3890 0.8300 5.9790
v 7.4270 0.8300 5.9790
v 7.4270 0.8300 6.0110
v 7.3890 0.8300 6.0110
v 7.4000 0.6700 6.0100
v 7.4160 0.6700 6.0100
v 7.4160 0.6700 6.3900
v 7.4000 0.6700 6.3900
v 7.4000 0.8300 6.0100
v 7.4160 0.8300 6.0100
v 7.4160 0.8300 6.3900
v 7.4000 0.8300 6.3900
v 7.3690 0.8300 6.3890
v 7.4070 0.8300 6.3890
v 7.4070 0.8300 6.4210
v 7.3690 0.8300 6.4210
v 7.3690 0.9700 6.3890
v 7.4070 0.9700 6.3890
v 7.4070 0.9700 6.4210
v 7.3690 0.9700 6.4210
v 7.3690 0.8300 5.9790
v 7.4070 0.8300 5.9790
v 7.4070 0.8300 6.0110
v 7.3690 0.8300 6.0110
v 7.3690 0.9700 5.9790
v 7.4070 0.9700 5.9790
v 7.4070 0.9700 6.0110
v 7.3690 0.9700 6.0110
v 7.3800 0.8300 6.0100
v 7.3960 0.8300 6.0100
v 7.3960 0.8300 6.3900
v 7.3800 0.8300 6.3900
v 7.3800 0.9700 6.0100
v 7.3960 0.9700 6.0100
v 7.3960 0.9700 6.3900
v 7.3800 0.9700 6.3900
v 7.3640 0.9550 5.9800
v 7.4060 0.9550 5.9800
v 7.4060 0.9550 6.4200
v 7.3640 0.9550 6.4200
v 7.3640 0.9900 5.9800
v 7.4060 0.9900 5.9800
v 7.4060 0.9900 6.4200
v 7.3640 0.9900 6.4200
v 7.4150 0.5000 6.1450
v 7.4650 0.5000 6.1450
v 7.4650 0.5000 6.2550
v 7.4150 0.5000 6.2550
v 7.4150 0.5900 6.1450
v 7.4650 0.5900 6.1450
v 7.4650 0.5900 6.2550
v 7.4150 0.5900 6.2550
v 7.4600 0.5000 6.4325
v 7.7600 0.5000 6.4325
v 7.7600 0.5000 6.4775
v 7.4600 0.5000 6.4775
v 7.4600 0.6700 6.4325
v 7.7600 0.6700 6.4325
v 7.7600 0.6700 6.4775
v 7.4600 0.6700 6.4775
v 7.5000 0.6700 6.4275
v 7.7600 0.6700 6.4275
v 7.7600 0.6700 6.4825
v 7.5000 0.6700 6.4825
v 7.5000 0.7050 6.4275
v 7.7600 0.7050 6.4275
v 7.7600 0.7050 6.4825
v 7.5000 0.7050 6.4825
v 7.4600 0.5000 5.9225
v 7.7600 0.5000 5.9225
v 7.7600 0.5000 5.9675
v 7.4600 0.5000 5.9675
v 7.4600 0.6700 5.9225
v 7.7600 0.6700 5.9225
v 7.7600 0.6700 5.9675
v 7.4600 0.6700 5.9675
v 7.5000 0.6700 5.9175
v 7.7600 0.6700 5.9175
v 7.7600 0.6700 5.9725
v 7.5000 0.6700 5.9725
v 7.5000 0.7050 5.9175
v 7.7600 0.7050 5.9175
v 7.7600 0.7050 5.9725
v 7.5000 0.7050 5.9725
v 9.8020 0.0550 6.1720
v 9.8580 0.0550 6.1720
v 9.8580 0.0550 6.2280
v 9.8020 0.0550 6.2280
v 9.8080 0.0450 5.9380
v 9.8520 0.0450 5.9380
v 9.8520 0.0450 5.9820
v 9.8080 0.0450 5.9820
v 9.8620 0.0000 5.9600
v 9.8526 0.0000 5.9826
v 9.8300 0.0000 5.9920
v 9.8074 0.0000 5.9826
v 9.7980 0.0000 5.9600
v 9.8074 0.0000 5.9374
v 9.8300 0.0000 5.9280
v 9.8526 0.0000 5.9374
v 9.8620 0.0450 5.9600
v 9.8526 0.0450 5.9826
v 9.8300 0.0450 5.9920
v 9.8074 0.0450 5.9826
v 9.7980 0.0450 5.9600
v 9.8074 0.0450 5.9374
v 9.8300 0.0450 5.9280
v 9.8526 0.0450 5.9374
v 9.8020 0.0550 6.1720
v 9.8580 0.0550 6.1720
v 9.8580 0.0550 6.2280
v 9.8020 0.0550 6.2280
v 10.0363 0.0450 6.1038
v 10.0803 0.0450 6.1038
v 10.0803 0.0450 6.1478
v 10.0363 0.0450 6.1478
v 10.0903 0.0000 6.1258
v 10.0809 0.0000 6.1485
v 10.0583 0.0000 6.1578
v 10.0356 0.0000 6.1485
v 10.0263 0.0000 6.1258
v 10.0356 0.0000 6.1032
v 10.0583 0.0000 6.0938
v 10.0809 0.0000 6.1032
v 10.0903 0.0450 6.1258
v 10.0809 0.0450 6.1485
v 10.0583 0.0450 6.1578
v 10.0356 0.0450 6.1485
v 10.0263 0.0450 6.1258
v 10.0356 0.0450 6.1032
v 10.0583 0.0450 6.0938
v 10.0809 0.0450 6.1032
v 9.8020 0.0550 6.1720
v 9.8580 0.0550 6.1720
v 9.8580 0.0550 6.2280
v 9.8020 0.0550 6.2280
v 9.9491 0.0450 6.3722
v 9.9931 0.0450 6.3722
v 9.9931 0.0450 6.4162
v 9.9491 0.0450 6.4162
v 10.0031 0.0000 6.3942
v 9.9937 0.0000 6.4168
v 9.9711 0.0000 6.4262
v 9.9484 0.0000 6.4168
v 9.9391 0.0000 6.3942
v 9.9484 0.0000 6.3715
v 9.9711 0.0000 6.3622
v 9.9937 0.0000 6.3715
v 10.0031 0.0450 6.3942
v 9.9937 0.0450 6.4168
v 9.9711 0.0450 6.4262
v 9.9484 0.0450 6.4168
v 9.9391 0.0450 6.3942
v 9.9484 0.0450 6.3715
v 9.9711 0.0450 6.3622
v 9.9937 0.0450 6.3715
v 9.8020 0.0550 6.1720
v 9.8580 0.0550 6.1720
v 9.8580 0.0550 6.2280
v 9.8020 0.0550 6.2280
v 9.6669 0.0450 6.3722
v 9.7109 0.0450 6.3722
v 9.7109 0.0450 6.4162
v 9.6669 0.0450 6.4162
v 9.7209 0.0000 6.3942
v 9.7116 0.0000 6.4168
v 9.6889 0.0000 6.4262
v 9.6663 0.0000 6.4168
v 9.6569 0.0000 6.3942
v 9.6663 0.0000 6.3715
v 9.6889 0.0000 6.3622
v 9.7116 0.0000 6.3715
v 9.7209 0.0450 6.3942
v 9.7116 0.0450 6.4168
v 9.6889 0.0450 6.4262
v 9.6663 0.0450 6.4168
v 9.6569 0.0450 6.3942
v 9.6663 0.0450 6.3715
v 9.6889 0.0450 6.3622
v 9.7116 0.0450 6.3715
v 9.8020 0.0550 6.1720
v 9.8580 0.0550 6.1720
v 9.8580 0.0550 6.2280
v 9.8020 0.0550 6.2280
v 9.5797 0.0450 6.1038
v 9.6237 0.0450 6.1038
v 9.6237 0.0450 6.1478
v 9.5797 0.0450 6.1478
v 9.6337 0.0000 6.1258
v 9.6244 0.0000 6.1485
v 9.6017 0.0000 6.1578
v 9.5791 0.0000 6.1485
v 9.5697 0.0000 6.1258
v 9.5791 0.0000 6.1032
v 9.6017 0.0000 6.0938
v 9.6244 0.0000 6.1032
v 9.6337 0.0450 6.1258
v 9.6244 0.0450 6.1485
v 9.6017 0.0450 6.1578
v 9.5791 0.0450 6.1485
v 9.5697 0.0450 6.1258
v 9.5791 0.0450 6.1032
v 9.6017 0.0450 6.0938
v 9.6244 0.0450 6.1032
v 9.8780 0.0500 6.2000
v 9.8688 0.0500 6.2282
v 9.8448 0.0500 6.2457
v 9.8152 0.0500 6.2457
v 9.7912 0.0500 6.2282
v 9.7820 0.0500 6.2000
v 9.7912 0.0500 6.1718
v 9.8152 0.0500 6.1543
v 9.8448 0.0500 6.1543
v 9.8688 0.0500 6.1718
v 9.8780 0.1100 6.2000
v 9.8688 0.1100 6.2282
v 9.8448 0.1100 6.2457
v 9.8152 0.1100 6.2457
v 9.7912 0.1100 6.2282
v 9.7820 0.1100 6.2000
v 9.7912 0.1100 6.1718
v 9.8152 0.1100 6.1543
v 9.8448 0.1100 6.1543
v 9.8688 0.1100 6.1718
v 9.8620 0.1100 6.2000
v 9.8559 0.1100 6.2188
v 9.8399 0.1100 6.2304
v 9.8201 0.1100 6.2304
v 9.8041 0.1100 6.2188
v 9.7980 0.1100 6.2000
v 9.8041 0.1100 6.1812
v 9.8201 0.1100 6.1696
v 9.8399 0.1100 6.1696
v 9.8559 0.1100 6.1812
v 9.8620 0.4100 6.2000
v 9.8559 0.4100 6.2188
v 9.8399 0.4100 6.2304
v 9.8201 0.4100 6.2304
v 9.8041 0.4100 6.2188
v 9.7980 0.4100 6.2000
v 9.8041 0.4100 6.1812
v 9.8201 0.4100 6.1696
v 9.8399 0.4100 6.1696
v 9.8559 0.4100 6.1812
v 9.8850 0.4100 6.2000
v 9.8745 0.4100 6.2323
v 9.8470 0.4100 6.2523
v 9.8130 0.4100 6.2523
v 9.7855 0.4100 6.2323
v 9.7750 0.4100 6.2000
v 9.7855 0.4100 6.1677
v 9.8130 0.4100 6.1477
v 9.8470 0.4100 6.1477
v 9.8745 0.4100 6.1677
v 9.8850 0.4500 6.2000
v 9.8745 0.4500 6.2323
v 9.8470 0.4500 6.2523
v 9.8130 0.4500 6.2523
v 9.7855 0.4500 6.2323
v 9.7750 0.4500 6.2000
v 9.7855 0.4500 6.1677
v 9.8130 0.4500 6.1477
v 9.8470 0.4500 6.1477
v 9.8745 0.4500 6.1677
v 9.5950 0.4500 5.9650
v 10.0450 0.4500 5.9650
v 10.0450 0.4500 6.4350
v 9.5950 0.4500 6.4350
v 9.5950 0.5050 5.9650
v 10.0450 0.5050 5.9650
v 10.0450 0.5050 6.4350
v 9.5950 0.5050 6.4350
v 9.5850 0.4400 5.9850
v 9.6950 0.4400 5.9850
v 9.6950 0.4400 6.4150
v 9.5850 0.4400 6.4150
v 9.5850 0.4850 5.9850
v 9.6950 0.4850 5.9850
v 9.6950 0.4850 6.4150
v 9.5850 0.4850 6.4150
v 10.0160 0.5200 5.9790
v 10.0540 0.5200 5.9790
v 10.0540 0.5200 6.0110
v 10.0160 0.5200 6.0110
v 10.0160 0.6700 5.9790
v 10.0540 0.6700 5.9790
v 10.0540 0.6700 6.0110
v 10.0160 0.6700 6.0110
v 10.0160 0.5200 6.3890
v 10.0540 0.5200 6.3890
v 10.0540 0.5200 6.4210
v 10.0160 0.5200 6.4210
v 10.0160 0.6700 6.3890
v 10.0540 0.6700 6.3890
v 10.0540 0.6700 6.4210
v 10.0160 0.6700 6.4210
v 10.0270 0.5200 6.0100
v 10.0430 0.5200 6.0100
v 10.0430 0.5200 6.3900
v 10.0270 0.5200 6.3900
v 10.0270 0.6700 6.0100
v 10.0430 0.6700 6.0100
v 10.0430 0.6700 6.3900
v 10.0270 0.6700 6.3900
v 10.0330 0.6700 5.9790
v 10.0710 0.6700 5.9790
v 10.0710 0.6700 6.0110
v 10.0330 0.6700 6.0110
v 10.0330 0.8300 5.9790
v 10.0710 0.8300 5.9790
v 10.0710 0.8300 6.0110
v 10.0330 0.8300 6.0110
v 10.0330 0.6700 6.3890
v 10.0710 0.6700 6.3890
v 10.0710 0.6700 6.4210
v 10.0330 0.6700 6.4210
v 10.0330 0.8300 6.3890
v 10.0710 0.8300 6.3890
v 10.0710 0.8300 6.4210
v 10.0330 0.8300 6.4210
v 10.0440 0.6700 6.0100
v 10.0600 0.6700 6.0100
v 10.0600 0.6700 6.3900
v 10.0440 0.6700 6.3900
v 10.0440 0.8300 6.0100
v 10.0600 0.8300 6.0100
v 10.0600 0.8300 6.3900
v 10.0440 0.8300 6.3900
v 10.0530 0.8300 5.9790
v 10.0910 0.8300 5.9790
v 10.0910 0.8300 6.0110
v 10.0530 0.8300 6.0110
v 10.0530 0.9700 5.9790
v 10.0910 0.9700 5.9790
v 10.0910 0.9700 6.0110
v 10.0530 0.9700 6.0110
v 10.0530 0.8300 6.3890
v 10.0910 0.8300 6.3890
v 10.0910 0.8300 6.4210
v 10.0530 0.8300 6.4210
v 10.0530 0.9700 6.3890
v 10.0910 0.9700 6.3890
v 10.0910 0.9700 6.4210
v 10.0530 0.9700 6.4210
v 10.0640 0.8300 6.0100
v 10.0800 0.8300 6.0100
v 10.0800 0.8300 6.3900
v 10.0640 0.8300 6.3900
v 10.0640 0.9700 6.0100
v 10.0800 0.9700 6.0100
v 10.0800 0.9700 6.3900
v 10.0640 0.9700 6.3900
v 10.0540 0.9550 5.9800
v 10.0960 0.9550 5.9800
v 10.0960 0.9550 6.4200
v 10.0540 0.9550 6.4200
v 10.0540 0.9900 5.9800
v 10.0960 0.9900 5.9800
v 10.0960 0.9900 6.4200
v 10.0540 0.9900 6.4200
v 9.9950 0.5000 6.1450
v 10.0450 0.5000 6.1450
v 10.0450 0.5000 6.2550
v 9.9950 0.5000 6.2550
v 9.9950 0.5900 6.1450
v 10.0450 0.5900 6.1450
v 10.0450 0.5900 6.2550
v 9.9950 0.5900 6.2550
v 9.7000 0.5000 5.9225
v 10.0000 0.5000 5.9225
v 10.0000 0.5000 5.9675
v 9.7000 0.5000 5.9675
v 9.7000 0.6700 5.9225
v 10.0000 0.6700 5.9225
v 10.0000 0.6700 5.9675
v 9.7000 0.6700 5.9675
v 9.7000 0.6700 5.9175
v 9.9600 0.6700 5.9175
v 9.9600 0.6700 5.9725
v 9.7000 0.6700 5.9725
v 9.7000 0.7050 5.9175
v 9.9600 0.7050 5.9175
v 9.9600 0.7050 5.9725
v 9.7000 0.7050 5.9725
v 9.7000 0.5000 6.4325
v 10.0000 0.5000 6.4325
v 10.0000 0.5000 6.4775
v 9.7000 0.5000 6.4775
v 9.7000 0.6700 6.4325
v 10.0000 0.6700 6.4325
v 10.0000 0.6700 6.4775
v 9.7000 0.6700 6.4775
v 9.7000 0.6700 6.4275
v 9.9600 0.6700 6.4275
v 9.9600 0.6700 6.4825
v 9.7000 0.6700 6.4825
v 9.7000 0.7050 6.4275
v 9.9600 0.7050 6.4275
v 9.9600 0.7050 6.4825
v 9.7000 0.7050 6.4825
v 7.6020 0.0550 6.9720
v 7.6580 0.0550 6.9720
v 7.6580 0.0550 7.0280
v 7.6020 0.0550 7.0280
v 7.6080 0.0450 7.2180
v 7.6520 0.0450 7.2180
v 7.6520 0.0450 7.2620
v 7.6080 0.0450 7.2620
v 7.6620 0.0000 7.2400
v 7.6526 0.0000 7.2626
v 7.6300 0.0000 7.2720
v 7.6074 0.0000 7.2626
v 7.5980 0.0000 7.2400
v 7.6074 0.0000 7.2174
v 7.6300 0.0000 7.2080
v 7.6526 0.0000 7.2174
v 7.6620 0.0450 7.2400
v 7.6526 0.0450 7.2626
v 7.6300 0.0450 7.2720
v 7.6074 0.0450 7.2626
v 7.5980 0.0450 7.2400
v 7.6074 0.0450 7.2174
v 7.6300 0.0450 7.2080
v 7.6526 0.0450 7.2174
v 7.6020 0.0550 6.9720
v 7.6580 0.0550 6.9720
v 7.6580 0.0550 7.0280
v 7.6020 0.0550 7.0280
v 7.3797 0.0450 7.0522
v 7.4237 0.0450 7.0522
v 7.4237 0.0450 7.0962
v 7.3797 0.0450 7.0962
v 7.4337 0.0000 7.0742
v 7.4244 0.0000 7.0968
v 7.4017 0.0000 7.1062
v 7.3791 0.0000 7.0968
v 7.3697 0.0000 7.0742
v 7.3791 0.0000 7.0515
v 7.4017 0.0000 7.0422
v 7.4244 0.0000 7.0515
v 7.4337 0.0450 7.0742
v 7.4244 0.0450 7.0968
v 7.4017 0.0450 7.1062
v 7.3791 0.0450 7.0968
v 7.3697 0.0450 7.0742
v 7.3791 0.0450 7.0515
v 7.4017 0.0450 7.0422
v 7.4244 0.0450 7.0515
v 7.6020 0.0550 6.9720
v 7.6580 0.0550 6.9720
v 7.6580 0.0550 7.0280
v 7.6020 0.0550 7.0280
v 7.4669 0.0450 6.7838
v 7.5109 0.0450 6.7838
v 7.5109 0.0450 6.8278
v 7.4669 0.0450 6.8278
v 7.5209 0.0000 6.8058
v 7.5116 0.0000 6.8285
v 7.4889 0.0000 6.8378
v 7.4663 0.0000 6.8285
v 7.4569 0.0000 6.8058
v 7.4663 0.0000 6.7832
v 7.4889 0.0000 6.7738
v 7.5116 0.0000 6.7832
v 7.5209 0.0450 6.8058
v 7.5116 0.0450 6.8285
v 7.4889 0.0450 6.8378
v 7.4663 0.0450 6.8285
v 7.4569 0.0450 6.8058
v 7.4663 0.0450 6.7832
v 7.4889 0.0450 6.7738
v 7.5116 0.0450 6.7832
v 7.6020 0.0550 6.9720
v 7.6580 0.0550 6.9720
v 7.6580 0.0550 7.0280
v 7.6020 0.0550 7.0280
v 7.7491 0.0450 6.7838
v 7.7931 0.0450 6.7838
v 7.7931 0.0450 6.8278
v 7.7491 0.0450 6.8278
v 7.8031 0.0000 6.8058
v 7.7937 0.0000 6.8285
v 7.7711 0.0000 6.8378
v 7.7484 0.0000 6.8285
v 7.7391 0.0000 6.8058
v 7.7484 0.0000 6.7832
v 7.7711 0.0000 6.7738
v 7.7937 0.0000 6.7832
v 7.8031 0.0450 6.8058
v 7.7937 0.0450 6.8285
v 7.7711 0.0450 6.8378
v 7.7484 0.0450 6.8285
v 7.7391 0.0450 6.8058
v 7.7484 0.0450 6.7832
v 7.7711 0.0450 6.7738
v 7.7937 0.0450 6.7832
v 7.6020 0.0550 6.9720
v 7.6580 0.0550 6.9720
v 7.6580 0.0550 7.0280
v 7.6020 0.0550 7.0280
v 7.8363 0.0450 7.0522
v 7.8803 0.0450 7.0522
v 7.8803 0.0450 7.0962
v 7.8363 0.0450 7.0962
v 7.8903 0.0000 7.0742
v 7.8809 0.0000 7.0968
v 7.8583 0.0000 7.1062
v 7.8356 0.0000 7.0968
v 7.8263 0.0000 7.0742
v 7.8356 0.0000 7.0515
v 7.8583 0.0000 7.0422
v 7.8809 0.0000 7.0515
v 7.8903 0.0450 7.0742
v 7.8809 0.0450 7.0968
v 7.8583 0.0450 7.1062
v 7.8356 0.0450 7.0968
v 7.8263 0.0450 7.0742
v 7.8356 0.0450 7.0515
v 7.8583 0.0450 7.0422
v 7.8809 0.0450 7.0515
v 7.6780 0.0500 7.0000
v 7.6688 0.0500 7.0282
v 7.6448 0.0500 7.0457
v 7.6152 0.0500 7.0457
v 7.5912 0.0500 7.0282
v 7.5820 0.0500 7.0000
v 7.5912 0.0500 6.9718
v 7.6152 0.0500 6.9543
v 7.6448 0.0500 6.9543
v 7.6688 0.0500 6.9718
v 7.6780 0.1100 7.0000
v 7.6688 0.1100 7.0282
v 7.6448 0.1100 7.0457
v 7.6152 0.1100 7.0457
v 7.5912 0.1100 7.0282
v 7.5820 0.1100 7.0000
v 7.5912 0.1100 6.9718
v 7.6152 0.1100 6.9543
v 7.6448 0.1100 6.9543
v 7.6688 0.1100 6.9718
v 7.6620 0.1100 7.0000
v 7.6559 0.1100 7.0188
v 7.6399 0.1100 7.0304
v 7.6201 0.1100 7.0304
v 7.6041 0.1100 7.0188
v 7.5980 0.1100 7.0000
v 7.6041 0.1100 6.9812
v 7.6201 0.1100 6.9696
v 7.6399 0.1100 6.9696
v 7.6559 0.1100 6.9812
v 7.6620 0.4100 7.0000
v 7.6559 0.4100 7.0188
v 7.6399 0.4100 7.0304
v 7.6201 0.4100 7.0304
v 7.6041 0.4100 7.0188
v 7.5980 0.4100 7.0000
v 7.6041 0.4100 6.9812
v 7.6201 0.4100 6.9696
v 7.6399 0.4100 6.9696
v 7.6559 0.4100 6.9812
v 7.6850 0.4100 7.0000
v 7.6745 0.4100 7.0323
v 7.6470 0.4100 7.0523
v 7.6130 0.4100 7.0523
v 7.5855 0.4100 7.0323
v 7.5750 0.4100 7.0000
v 7.5855 0.4100 6.9677
v 7.6130 0.4100 6.9477
v 7.6470 0.4100 6.9477
v 7.6745 0.4100 6.9677
v 7.6850 0.4500 7.0000
v 7.6745 0.4500 7.0323
v 7.6470 0.4500 7.0523
v 7.6130 0.4500 7.0523
v 7.5855 0.4500 7.0323
v 7.5750 0.4500 7.0000
v 7.5855 0.4500 6.9677
v 7.6130 0.4500 6.9477
v 7.6470 0.4500 6.9477
v 7.6745 0.4500 6.9677
v 7.4150 0.4500 6.7650
v 7.8650 0.4500 6.7650
v 7.8650 0.4500 7.2350
v 7.4150 0.4500 7.2350
v 7.4150 0.5050 6.7650
v 7.8650 0.5050 6.7650
v 7.8650 0.5050 7.2350
v 7.4150 0.5050 7.2350
v 7.7650 0.4400 6.7850
v 7.8750 0.4400 6.7850
v 7.8750 0.4400 7.2150
v 7.7650 0.4400 7.2150
v 7.7650 0.4850 6.7850
v 7.8750 0.4850 6.7850
v 7.8750 0.4850 7.2150
v 7.7650 0.4850 7.2150
v 7.4060 0.5200 7.1890
v 7.4440 0.5200 7.1890
v 7.4440 0.5200 7.2210
v 7.4060 0.5200 7.2210
v 7.4060 0.6700 7.1890
v 7.4440 0.6700 7.1890
v 7.4440 0.6700 7.2210
v 7.4060 0.6700 7.2210
v 7.4060 0.5200 6.7790
v 7.4440 0.5200 6.7790
v 7.4440 0.5200 6.8110
v 7.4060 0.5200 6.8110
v 7.4060 0.6700 6.7790
v 7.4440 0.6700 6.7790
v 7.4440 0.6700 6.8110
v 7.4060 0.6700 6.8110
v 7.4170 0.5200 6.8100
v 7.4330 0.5200 6.8100
v 7.4330 0.5200 7.1900
v 7.4170 0.5200 7.1900
v 7.4170 0.6700 6.8100
v 7.4330 0.6700 6.8100
v 7.4330 0.6700 7.1900
v 7.4170 0.6700 7.1900
v 7.3890 0.6700 7.1890
v 7.4270 0.6700 7.1890
v 7.4270 0.6700 7.2210
v 7.3890 0.6700 7.2210
v 7.3890 0.8300 7.1890
v 7.4270 0.8300 7.1890
v 7.4270 0.8300 7.2210
v 7.3890 0.8300 7.2210
v 7.3890 0.6700 6.7790
v 7.4270 0.6700 6.7790
v 7.4270 0.6700 6.8110
v 7.3890 0.6700 6.8110
v 7.3890 0.8300 6.7790
v 7.4270 0.8300 6.7790
v 7.4270 0.8300 6.8110
v 7.3890 0.8300 6.8110
v 7.4000 0.6700 6.8100
v 7.4160 0.6700 6.8100
v 7.4160 0.6700 7.1900
v 7.4000 0.6700 7.1900
v 7.4000 0.8300 6.8100
v 7.4160 0.8300 6.8100
v 7.4160 0.8300 7.1900
v 7.4000 0.8300 7.1900
v 7.3690 0.8300 7.1890
v 7.4070 0.8300 7.1890
v 7.4070 0.8300 7.2210
v 7.3690 0.8300 7.2210
v 7.3690 0.9700 7.1890
v 7.4070 0.9700 7.1890
v 7.4070 0.9700 7.2210
v 7.3690 0.9700 7.2210
v 7.3690 0.8300 6.7790
v 7.4070 0.8300 6.7790
v 7.4070 0.8300 6.8110
v 7.3690 0.8300 6.8110
v 7.3690 0.9700 6.7790
v 7.4070 0.9700 6.7790
v 7.4070 0.9700 6.8110
v 7.3690 0.9700 6.8110
v 7.3800 0.8300 6.8100
v 7.3960 0.8300 6.8100
v 7.3960 0.8300 7.1900
v 7.3800 0.8300 7.1900
v 7.3800 0.9700 6.8100
v 7.3960 0.9700 6.8100
v 7.3960 0.9700 7.1900
v 7.3800 0.9700 7.1900
v 7.3640 0.9550 6.7800
v 7.4060 0.9550 6.7800
v 7.4060 0.9550 7.2200
v 7.3640 0.9550 7.2200
v 7.3640 0.9900 6.7800
v 7.4060 0.9900 6.7800
v 7.4060 0.9900 7.2200
v 7.3640 0.9900 7.2200
v 7.4150 0.5000 6.9450
v 7.4650 0.5000 6.9450
v 7.4650 0.5000 7.0550
v 7.4150 0.5000 7.0550
v 7.4150 0.5900 6.9450
v 7.4650 0.5900 6.9450
v 7.4650 0.5900 7.0550
v 7.4150 0.5900 7.0550
v 7.4600 0.5000 7.2325
v 7.7600 0.5000 7.2325
v 7.7600 0.5000 7.2775
v 7.4600 0.5000 7.2775
v 7.4600 0.6700 7.2325
v 7.7600 0.6700 7.2325
v 7.7600 0.6700 7.2775
v 7.4600 0.6700 7.2775
v 7.5000 0.6700 7.2275
v 7.7600 0.6700 7.2275
v 7.7600 0.6700 7.2825
v 7.5000 0.6700 7.2825
v 7.5000 0.7050 7.2275
v 7.7600 0.7050 7.2275
v 7.7600 0.7050 7.2825
v 7.5000 0.7050 7.2825
v 7.4600 0.5000 6.7225
v 7.7600 0.5000 6.7225
v 7.7600 0.5000 6.7675
v 7.4600 0.5000 6.7675
v 7.4600 0.6700 6.7225
v 7.7600 0.6700 6.7225
v 7.7600 0.6700 6.7675
v 7.4600 0.6700 6.7675
v 7.5000 0.6700 6.7175
v 7.7600 0.6700 6.7175
v 7.7600 0.6700 6.7725
v 7.5000 0.6700 6.7725
v 7.5000 0.7050 6.7175
v 7.7600 0.7050 6.7175
v 7.7600 0.7050 6.7725
v 7.5000 0.7050 6.7725
v 9.8020 0.0550 6.9720
v 9.8580 0.0550 6.9720
v 9.8580 0.0550 7.0280
v 9.8020 0.0550 7.0280
v 9.8080 0.0450 6.7380
v 9.8520 0.0450 6.7380
v 9.8520 0.0450 6.7820
v 9.8080 0.0450 6.7820
v 9.8620 0.0000 6.7600
v 9.8526 0.0000 6.7826
v 9.8300 0.0000 6.7920
v 9.8074 0.0000 6.7826
v 9.7980 0.0000 6.7600
v 9.8074 0.0000 6.7374
v 9.8300 0.0000 6.7280
v 9.8526 0.0000 6.7374
v 9.8620 0.0450 6.7600
v 9.8526 0.0450 6.7826
v 9.8300 0.0450 6.7920
v 9.8074 0.0450 6.7826
v 9.7980 0.0450 6.7600
v 9.8074 0.0450 6.7374
v 9.8300 0.0450 6.7280
v 9.8526 0.0450 6.7374
v 9.8020 0.0550 6.9720
v 9.8580 0.0550 6.9720
v 9.8580 0.0550 7.0280
v 9.8020 0.0550 7.0280
v 10.0363 0.0450 6.9038
v 10.0803 0.0450 6.9038
v 10.0803 0.0450 6.9478
v 10.0363 0.0450 6.9478
v 10.0903 0.0000 6.9258
v 10.0809 0.0000 6.9485
v 10.0583 0.0000 6.9578
v 10.0356 0.0000 6.9485
v 10.0263 0.0000 6.9258
v 10.0356 0.0000 6.9032
v 10.0583 0.0000 6.8938
v 10.0809 0.0000 6.9032
v 10.0903 0.0450 6.9258
v 10.0809 0.0450 6.9485
v 10.0583 0.0450 6.9578
v 10.0356 0.0450 6.9485
v 10.0263 0.0450 6.9258
v 10.0356 0.0450 6.9032
v 10.0583 0.0450 6.8938
v 10.0809 0.0450 6.9032
v 9.8020 0.0550 6.9720
v 9.8580 0.0550 6.9720
v 9.8580 0.0550 7.0280
v 9.8020 0.0550 7.0280
v 9.9491 0.0450 7.1722
v 9.9931 0.0450 7.1722
v 9.9931 0.0450 7.2162
v 9.9491 0.0450 7.2162
v 10.0031 0.0000 7.1942
v 9.9937 0.0000 7.2168
v 9.9711 0.0000 7.2262
v 9.9484 0.0000 7.2168
v 9.9391 0.0000 7.1942
v 9.9484 0.0000 7.1715
v 9.9711 0.0000 7.1622
v 9.9937 0.0000 7.1715
v 10.0031 0.0450 7.1942
v 9.9937 0.0450 7.2168
v 9.9711 0.0450 7.2262
v 9.9484 0.0450 7.2168
v 9.9391 0.0450 7.1942
v 9.9484 0.0450 7.1715
v 9.9711 0.0450 7.1622
v 9.9937 0.0450 7.1715
v 9.8020 0.0550 6.9720
v 9.8580 0.0550 6.9720
v 9.8580 0.0550 7.0280
v 9.8020 0.0550 7.0280
v 9.6669 0.0450 7.1722
v 9.7109 0.0450 7.1722
v 9.7109 0.0450 7.2162
v 9.6669 0.0450 7.2162
v 9.7209 0.0000 7.1942
v 9.7116 0.0000 7.2168
v 9.6889 0.0000 7.2262
v 9.6663 0.0000 7.2168
v 9.6569 0.0000 7.1942
v 9.6663 0.0000 7.1715
v 9.6889 0.0000 7.1622
v 9.7116 0.0000 7.1715
v 9.7209 0.0450 7.1942
v 9.7116 0.0450 7.2168
v 9.6889 0.0450 7.2262
v 9.6663 0.0450 7.2168
v 9.6569 0.0450 7.1942
v 9.6663 0.0450 7.1715
v 9.6889 0.0450 7.1622
v 9.7116 0.0450 7.1715
v 9.8020 0.0550 6.9720
v 9.8580 0.0550 6.9720
v 9.8580 0.0550 7.0280
v 9.8020 0.0550 7.0280
v 9.5797 0.0450 6.9038
v 9.6237 0.0450 6.9038
v 9.6237 0.0450 6.9478
v 9.5797 0.0450 6.9478
v 9.6337 0.0000 6.9258
v 9.6244 0.0000 6.9485
v 9.6017 0.0000 6.9578
v 9.5791 0.0000 6.9485
v 9.5697 0.0000 6.9258
v 9.5791 0.0000 6.9032
v 9.6017 0.0000 6.8938
v 9.6244 0.0000 6.9032
v 9.6337 0.0450 6.9258
v 9.6244 0.0450 6.9485
v 9.6017 0.0450 6.9578
v 9.5791 0.0450 6.9485
v 9.5697 0.0450 6.9258
v 9.5791 0.0450 6.9032
v 9.6017 0.0450 6.8938
v 9.6244 0.0450 6.9032
v 9.8780 0.0500 7.0000
v 9.8688 0.0500 7.0282
v 9.8448 0.0500 7.0457
v 9.8152 0.0500 7.0457
v 9.7912 0.0500 7.0282
v 9.7820 0.0500 7.0000
v 9.7912 0.0500 6.9718
v 9.8152 0.0500 6.9543
v 9.8448 0.0500 6.9543
v 9.8688 0.0500 6.9718
v 9.8780 0.1100 7.0000
v 9.8688 0.1100 7.0282
v 9.8448 0.1100 7.0457
v 9.8152 0.1100 7.0457
v 9.7912 0.1100 7.0282
v 9.7820 0.1100 7.0000
v 9.7912 0.1100 6.9718
v 9.8152 0.1100 6.9543
v 9.8448 0.1100 6.9543
v 9.8688 0.1100 6.9718
v 9.8620 0.1100 7.0000
v 9.8559 0.1100 7.0188
v 9.8399 0.1100 7.0304
v 9.8201 0.1100 7.0304
v 9.8041 0.1100 7.0188
v 9.7980 0.1100 7.0000
v 9.8041 0.1100 6.9812
v 9.8201 0.1100 6.9696
v 9.8399 0.1100 6.9696
v 9.8559 0.1100 6.9812
v 9.8620 0.4100 7.0000
v 9.8559 0.4100 7.0188
v 9.8399 0.4100 7.0304
v 9.8201 0.4100 7.0304
v 9.8041 0.4100 7.0188
v 9.7980 0.4100 7.0000
v 9.8041 0.4100 6.9812
v 9.8201 0.4100 6.9696
v 9.8399 0.4100 6.9696
v 9.8559 0.4100 6.9812
v 9.8850 0.4100 7.0000
v 9.8745 0.4100 7.0323
v 9.8470 0.4100 7.0523
v 9.8130 0.4100 7.0523
v 9.7855 0.4100 7.0323
v 9.7750 0.4100 7.0000
v 9.7855 0.4100 6.9677
v 9.8130 0.4100 6.9477
v 9.8470 0.4100 6.9477
v 9.8745 0.4100 6.9677
v 9.8850 0.4500 7.0000
v 9.8745 0.4500 7.0323
v 9.8470 0.4500 7.0523
v 9.8130 0.4500 7.0523
v 9.7855 0.4500 7.0323
v 9.7750 0.4500 7.0000
v 9.7855 0.4500 6.9677
v 9.8130 0.4500 6.9477
v 9.8470 0.4500 6.9477
v 9.8745 0.4500 6.9677
v 9.5950 0.4500 6.7650
v 10.0450 0.4500 6.7650
v 10.0450 0.4500 7.2350
v 9.5950 0.4500 7.2350
v 9.5950 0.5050 6.7650
v 10.0450 0.5050 6.7650
v 10.0450 0.5050 7.2350
v 9.5950 0.5050 7.2350
v 9.5850 0.4400 6.7850
v 9.6950 0.4400 6.7850
v 9.6950 0.4400 7.2150
v 9.5850 0.4400 7.2150
v 9.5850 0.4850 6.7850
v 9.6950 0.4850 6.7850
v 9.6950 0.4850 7.2150
v 9.5850 0.4850 7.2150
v 10.0160 0.5200 6.7790
v 10.0540 0.5200 6.7790
v 10.0540 0.5200 6.8110
v 10.0160 0.5200 6.8110
v 10.0160 0.6700 6.7790
v 10.0540 0.6700 6.7790
v 10.0540 0.6700 6.8110
v 10.0160 0.6700 6.8110
v 10.0160 0.5200 7.1890
v 10.0540 0.5200 7.1890
v 10.0540 0.5200 7.2210
v 10.0160 0.5200 7.2210
v 10.0160 0.6700 7.1890
v 10.0540 0.6700 7.1890
v 10.0540 0.6700 7.2210
v 10.0160 0.6700 7.2210
v 10.0270 0.5200 6.8100
v 10.0430 0.5200 6.8100
v 10.0430 0.5200 7.1900
v 10.0270 0.5200 7.1900
v 10.0270 0.6700 6.8100
v 10.0430 0.6700 6.8100
v 10.0430 0.6700 7.1900
v 10.0270 0.6700 7.1900
v 10.0330 0.6700 6.7790
v 10.0710 0.6700 6.7790
v 10.0710 0.6700 6.8110
v 10.0330 0.6700 6.8110
v 10.0330 0.8300 6.7790
v 10.0710 0.8300 6.7790
v 10.0710 0.8300 6.8110
v 10.0330 0.8300 6.8110
v 10.0330 0.6700 7.1890
v 10.0710 0.6700 7.1890
v 10.0710 0.6700 7.2210
v 10.0330 0.6700 7.2210
v 10.0330 0.8300 7.1890
v 10.0710 0.8300 7.1890
v 10.0710 0.8300 7.2210
v 10.0330 0.8300 7.2210
v 10.0440 0.6700 6.8100
v 10.0600 0.6700 6.8100
v 10.0600 0.6700 7.1900
v 10.0440 0.6700 7.1900
v 10.0440 0.8300 6.8100
v 10.0600 0.8300 6.8100
v 10.0600 0.8300 7.1900
v 10.0440 0.8300 7.1900
v 10.0530 0.8300 6.7790
v 10.0910 0.8300 6.7790
v 10.0910 0.8300 6.8110
v 10.0530 0.8300 6.8110
v 10.0530 0.9700 6.7790
v 10.0910 0.9700 6.7790
v 10.0910 0.9700 6.8110
v 10.0530 0.9700 6.8110
v 10.0530 0.8300 7.1890
v 10.0910 0.8300 7.1890
v 10.0910 0.8300 7.2210
v 10.0530 0.8300 7.2210
v 10.0530 0.9700 7.1890
v 10.0910 0.9700 7.1890
v 10.0910 0.9700 7.2210
v 10.0530 0.9700 7.2210
v 10.0640 0.8300 6.8100
v 10.0800 0.8300 6.8100
v 10.0800 0.8300 7.1900
v 10.0640 0.8300 7.1900
v 10.0640 0.9700 6.8100
v 10.0800 0.9700 6.8100
v 10.0800 0.9700 7.1900
v 10.0640 0.9700 7.1900
v 10.0540 0.9550 6.7800
v 10.0960 0.9550 6.7800
v 10.0960 0.9550 7.2200
v 10.0540 0.9550 7.2200
v 10.0540 0.9900 6.7800
v 10.0960 0.9900 6.7800
v 10.0960 0.9900 7.2200
v 10.0540 0.9900 7.2200
v 9.9950 0.5000 6.9450
v 10.0450 0.5000 6.9450
v 10.0450 0.5000 7.0550
v 9.9950 0.5000 7.0550
v 9.9950 0.5900 6.9450
v 10.0450 0.5900 6.9450
v 10.0450 0.5900 7.0550
v 9.9950 0.5900 7.0550
v 9.7000 0.5000 6.7225
v 10.0000 0.5000 6.7225
v 10.0000 0.5000 6.7675
v 9.7000 0.5000 6.7675
v 9.7000 0.6700 6.7225
v 10.0000 0.6700 6.7225
v 10.0000 0.6700 6.7675
v 9.7000 0.6700 6.7675
v 9.7000 0.6700 6.7175
v 9.9600 0.6700 6.7175
v 9.9600 0.6700 6.7725
v 9.7000 0.6700 6.7725
v 9.7000 0.7050 6.7175
v 9.9600 0.7050 6.7175
v 9.9600 0.7050 6.7725
v 9.7000 0.7050 6.7725
v 9.7000 0.5000 7.2325
v 10.0000 0.5000 7.2325
v 10.0000 0.5000 7.2775
v 9.7000 0.5000 7.2775
v 9.7000 0.6700 7.2325
v 10.0000 0.6700 7.2325
v 10.0000 0.6700 7.2775
v 9.7000 0.6700 7.2775
v 9.7000 0.6700 7.2275
v 9.9600 0.6700 7.2275
v 9.9600 0.6700 7.2825
v 9.7000 0.6700 7.2825
v 9.7000 0.7050 7.2275
v 9.9600 0.7050 7.2275
v 9.9600 0.7050 7.2825
v 9.7000 0.7050 7.2825
v 0.0000 0.7100 5.5300
v 1.5000 0.7100 5.5300
v 1.5000 0.7100 5.5000
v 0.0000 0.7100 5.5000
v 0.0000 0.7500 5.5300
v 1.5000 0.7500 5.5300
v 1.5000 0.7500 5.5000
v 0.0000 0.7500 5.5000
v 0.0650 0.0000 5.5950
v 0.1150 0.0000 5.5950
v 0.1150 0.0000 5.6450
v 0.0650 0.0000 5.6450
v 0.0650 0.7100 5.5950
v 0.1150 0.7100 5.5950
v 0.1150 0.7100 5.6450
v 0.0650 0.7100 5.6450
v 1.3850 0.0000 5.5950
v 1.4350 0.0000 5.5950
v 1.4350 0.0000 5.6450
v 1.3850 0.0000 5.6450
v 1.3850 0.7100 5.5950
v 1.4350 0.7100 5.5950
v 1.4350 0.7100 5.6450
v 1.3850 0.7100 5.6450
v 0.0650 0.0000 5.3850
v 0.1150 0.0000 5.3850
v 0.1150 0.0000 5.4350
v 0.0650 0.0000 5.4350
v 0.0650 0.7100 5.3850
v 0.1150 0.7100 5.3850
v 0.1150 0.7100 5.4350
v 0.0650 0.7100 5.4350
v 1.3850 0.0000 5.3850
v 1.4350 0.0000 5.3850
v 1.4350 0.0000 5.4350
v 1.3850 0.0000 5.4350
v 1.3850 0.7100 5.3850
v 1.4350 0.7100 5.3850
v 1.4350 0.7100 5.4350
v 1.3850 0.7100 5.4350
v 0.7220 0.0550 5.1020
v 0.7780 0.0550 5.1020
v 0.7780 0.0550 5.1580
v 0.7220 0.0550 5.1580
v 0.9680 0.0450 5.1080
v 1.0120 0.0450 5.1080
v 1.0120 0.0450 5.1520
v 0.9680 0.0450 5.1520
v 1.0220 0.0000 5.1300
v 1.0126 0.0000 5.1526
v 0.9900 0.0000 5.1620
v 0.9674 0.0000 5.1526
v 0.9580 0.0000 5.1300
v 0.9674 0.0000 5.1074
v 0.9900 0.0000 5.0980
v 1.0126 0.0000 5.1074
v 1.0220 0.0450 5.1300
v 1.0126 0.0450 5.1526
v 0.9900 0.0450 5.1620
v 0.9674 0.0450 5.1526
v 0.9580 0.0450 5.1300
v 0.9674 0.0450 5.1074
v 0.9900 0.0450 5.0980
v 1.0126 0.0450 5.1074
v 0.7220 0.0550 5.1020
v 0.7780 0.0550 5.1020
v 0.7780 0.0550 5.1580
v 0.7220 0.0550 5.1580
v 0.8022 0.0450 5.3363
v 0.8462 0.0450 5.3363
v 0.8462 0.0450 5.3803
v 0.8022 0.0450 5.3803
v 0.8562 0.0000 5.3583
v 0.8468 0.0000 5.3809
v 0.8242 0.0000 5.3903
v 0.8015 0.0000 5.3809
v 0.7922 0.0000 5.3583
v 0.8015 0.0000 5.3356
v 0.8242 0.0000 5.3263
v 0.8468 0.0000 5.3356
v 0.8562 0.0450 5.3583
v 0.8468 0.0450 5.3809
v 0.8242 0.0450 5.3903
v 0.8015 0.0450 5.3809
v 0.7922 0.0450 5.3583
v 0.8015 0.0450 5.3356
v 0.8242 0.0450 5.3263
v 0.8468 0.0450 5.3356
v 0.7220 0.0550 5.1020
v 0.7780 0.0550 5.1020
v 0.7780 0.0550 5.1580
v 0.7220 0.0550 5.1580
v 0.5338 0.0450 5.2491
v 0.5778 0.0450 5.2491
v 0.5778 0.0450 5.2931
v 0.5338 0.0450 5.2931
v 0.5878 0.0000 5.2711
v 0.5785 0.0000 5.2937
v 0.5558 0.0000 5.3031
v 0.5332 0.0000 5.2937
v 0.5238 0.0000 5.2711
v 0.5332 0.0000 5.2484
v 0.5558 0.0000 5.2391
v 0.5785 0.0000 5.2484
v 0.5878 0.0450 5.2711
v 0.5785 0.0450 5.2937
v 0.5558 0.0450 5.3031
v 0.5332 0.0450 5.2937
v 0.5238 0.0450 5.2711
v 0.5332 0.0450 5.2484
v 0.5558 0.0450 5.2391
v 0.5785 0.0450 5.2484
v 0.7220 0.0550 5.1020
v 0.7780 0.0550 5.1020
v 0.7780 0.0550 5.1580
v 0.7220 0.0550 5.1580
v 0.5338 0.0450 4.9669
v 0.5778 0.0450 4.9669
v 0.5778 0.0450 5.0109
v 0.5338 0.0450 5.0109
v 0.5878 0.0000 4.9889
v 0.5785 0.0000 5.0116
v 0.5558 0.0000 5.0209
v 0.5332 0.0000 5.0116
v 0.5238 0.0000 4.9889
v 0.5332 0.0000 4.9663
v 0.5558 0.0000 4.9569
v 0.5785 0.0000 4.9663
v 0.5878 0.0450 4.9889
v 0.5785 0.0450 5.0116
v 0.5558 0.0450 5.0209
v 0.5332 0.0450 5.0116
v 0.5238 0.0450 4.9889
v 0.5332 0.0450 4.9663
v 0.5558 0.0450 4.9569
v 0.5785 0.0450 4.9663
v 0.7220 0.0550 5.1020
v 0.7780 0.0550 5.1020
v 0.7780 0.0550 5.1580
v 0.7220 0.0550 5.1580
v 0.8022 0.0450 4.8797
v 0.8462 0.0450 4.8797
v 0.8462 0.0450 4.9237
v 0.8022 0.0450 4.9237
v 0.8562 0.0000 4.9017
v 0.8468 0.0000 4.9244
v 0.8242 0.0000 4.9337
v 0.8015 0.0000 4.9244
v 0.7922 0.0000 4.9017
v 0.8015 0.0000 4.8791
v 0.8242 0.0000 4.8697
v 0.8468 0.0000 4.8791
v 0.8562 0.0450 4.9017
v 0.8468 0.0450 4.9244
v 0.8242 0.0450 4.9337
v 0.8015 0.0450 4.9244
v 0.7922 0.0450 4.9017
v 0.8015 0.0450 4.8791
v 0.8242 0.0450 4.8697
v 0.8468 0.0450 4.8791
v 0.7980 0.0500 5.1300
v 0.7888 0.0500 5.1582
v 0.7648 0.0500 5.1757
v 0.7352 0.0500 5.1757
v 0.7112 0.0500 5.1582
v 0.7020 0.0500 5.1300
v 0.7112 0.0500 5.1018
v 0.7352 0.0500 5.0843
v 0.7648 0.0500 5.0843
v 0.7888 0.0500 5.1018
v 0.7980 0.1100 5.1300
v 0.7888 0.1100 5.1582
v 0.7648 0.1100 5.1757
v 0.7352 0.1100 5.1757
v 0.7112 0.1100 5.1582
v 0.7020 0.1100 5.1300
v 0.7112 0.1100 5.1018
v 0.7352 0.1100 5.0843
v 0.7648 0.1100 5.0843
v 0.7888 0.1100 5.1018
v 0.7820 0.1100 5.1300
v 0.7759 0.1100 5.1488
v 0.7599 0.1100 5.1604
v 0.7401 0.1100 5.1604
v 0.7241 0.1100 5.1488
v 0.7180 0.1100 5.1300
v 0.7241 0.1100 5.1112
v 0.7401 0.1100 5.0996
v 0.7599 0.1100 5.0996
v 0.7759 0.1100 5.1112
v 0.7820 0.4100 5.1300
v 0.7759 0.4100 5.1488
v 0.7599 0.4100 5.1604
v 0.7401 0.4100 5.1604
v 0.7241 0.4100 5.1488
v 0.7180 0.4100 5.1300
v 0.7241 0.4100 5.1112
v 0.7401 0.4100 5.0996
v 0.7599 0.4100 5.0996
v 0.7759 0.4100 5.1112
v 0.8050 0.4100 5.1300
v 0.7945 0.4100 5.1623
v 0.7670 0.4100 5.1823
v 0.7330 0.4100 5.1823
v 0.7055 0.4100 5.1623
v 0.6950 0.4100 5.1300
v 0.7055 0.4100 5.0977
v 0.7330 0.4100 5.0777
v 0.7670 0.4100 5.0777
v 0.7945 0.4100 5.0977
v 0.8050 0.4500 5.1300
v 0.7945 0.4500 5.1623
v 0.7670 0.4500 5.1823
v 0.7330 0.4500 5.1823
v 0.7055 0.4500 5.1623
v 0.6950 0.4500 5.1300
v 0.7055 0.4500 5.0977
v 0.7330 0.4500 5.0777
v 0.7670 0.4500 5.0777
v 0.7945 0.4500 5.0977
v 0.5150 0.4500 4.9150
v 0.9850 0.4500 4.9150
v 0.9850 0.4500 5.3650
v 0.5150 0.4500 5.3650
v 0.5150 0.5050 4.9150
v 0.9850 0.5050 4.9150
v 0.9850 0.5050 5.3650
v 0.5150 0.5050 5.3650
v 0.5350 0.4400 5.2650
v 0.9650 0.4400 5.2650
v 0.9650 0.4400 5.3750
v 0.5350 0.4400 5.3750
v 0.5350 0.4850 5.2650
v 0.9650 0.4850 5.2650
v 0.9650 0.4850 5.3750
v 0.5350 0.4850 5.3750
v 0.5290 0.5200 4.9060
v 0.5610 0.5200 4.9060
v 0.5610 0.5200 4.9440
v 0.5290 0.5200 4.9440
v 0.5290 0.6700 4.9060
v 0.5610 0.6700 4.9060
v 0.5610 0.6700 4.9440
v 0.5290 0.6700 4.9440
v 0.9390 0.5200 4.9060
v 0.9710 0.5200 4.9060
v 0.9710 0.5200 4.9440
v 0.9390 0.5200 4.9440
v 0.9390 0.6700 4.9060
v 0.9710 0.6700 4.9060
v 0.9710 0.6700 4.9440
v 0.9390 0.6700 4.9440
v 0.5600 0.5200 4.9170
v 0.9400 0.5200 4.9170
v 0.9400 0.5200 4.9330
v 0.5600 0.5200 4.9330
v 0.5600 0.6700 4.9170
v 0.9400 0.6700 4.9170
v 0.9400 0.6700 4.9330
v 0.5600 0.6700 4.9330
v 0.5290 0.6700 4.8890
v 0.5610 0.6700 4.8890
v 0.5610 0.6700 4.9270
v 0.5290 0.6700 4.9270
v 0.5290 0.8300 4.8890
v 0.5610 0.8300 4.8890
v 0.5610 0.8300 4.9270
v 0.5290 0.8300 4.9270
v 0.9390 0.6700 4.8890
v 0.9710 0.6700 4.8890
v 0.9710 0.6700 4.9270
v 0.9390 0.6700 4.9270
v 0.9390 0.8300 4.8890
v 0.9710 0.8300 4.8890
v 0.9710 0.8300 4.9270
v 0.9390 0.8300 4.9270
v 0.5600 0.6700 4.9000
v 0.9400 0.6700 4.9000
v 0.9400 0.6700 4.9160
v 0.5600 0.6700 4.9160
v 0.5600 0.8300 4.9000
v 0.9400 0.8300 4.9000
v 0.9400 0.8300 4.9160
v 0.5600 0.8300 4.9160
v 0.5290 0.8300 4.8690
v 0.5610 0.8300 4.8690
v 0.5610 0.8300 4.9070
v 0.5290 0.8300 4.9070
v 0.5290 0.9700 4.8690
v 0.5610 0.9700 4.8690
v 0.5610 0.9700 4.9070
v 0.5290 0.9700 4.9070
v 0.9390 0.8300 4.8690
v 0.9710 0.8300 4.8690
v 0.9710 0.8300 4.9070
v 0.9390 0.8300 4.9070
v 0.9390 0.9700 4.8690
v 0.9710 0.9700 4.8690
v 0.9710 0.9700 4.9070
v 0.9390 0.9700 4.9070
v 0.5600 0.8300 4.8800
v 0.9400 0.8300 4.8800
v 0.9400 0.8300 4.8960
v 0.5600 0.8300 4.8960
v 0.5600 0.9700 4.8800
v 0.9400 0.9700 4.8800
v 0.9400 0.9700 4.8960
v 0.5600 0.9700 4.8960
v 0.5300 0.9550 4.8640
v 0.9700 0.9550 4.8640
v 0.9700 0.9550 4.9060
v 0.5300 0.9550 4.9060
v 0.5300 0.9900 4.8640
v 0.9700 0.9900 4.8640
v 0.9700 0.9900 4.9060
v 0.5300 0.9900 4.9060
v 0.6950 0.5000 4.9150
v 0.8050 0.5000 4.9150
v 0.8050 0.5000 4.9650
v 0.6950 0.5000 4.9650
v 0.6950 0.5900 4.9150
v 0.8050 0.5900 4.9150
v 0.8050 0.5900 4.9650
v 0.6950 0.5900 4.9650
v 0.4725 0.5000 4.9600
v 0.5175 0.5000 4.9600
v 0.5175 0.5000 5.2600
v 0.4725 0.5000 5.2600
v 0.4725 0.6700 4.9600
v 0.5175 0.6700 4.9600
v 0.5175 0.6700 5.2600
v 0.4725 0.6700 5.2600
v 0.4675 0.6700 5.0000
v 0.5225 0.6700 5.0000
v 0.5225 0.6700 5.2600
v 0.4675 0.6700 5.2600
v 0.4675 0.7050 5.0000
v 0.5225 0.7050 5.0000
v 0.5225 0.7050 5.2600
v 0.4675 0.7050 5.2600
v 0.9825 0.5000 4.9600
v 1.0275 0.5000 4.9600
v 1.0275 0.5000 5.2600
v 0.9825 0.5000 5.2600
v 0.9825 0.6700 4.9600
v 1.0275 0.6700 4.9600
v 1.0275 0.6700 5.2600
v 0.9825 0.6700 5.2600
v 0.9775 0.6700 5.0000
v 1.0325 0.6700 5.0000
v 1.0325 0.6700 5.2600
v 0.9775 0.6700 5.2600
v 0.9775 0.7050 5.0000
v 1.0325 0.7050 5.0000
v 1.0325 0.7050 5.2600
v 0.9775 0.7050 5.2600
v 3.5500 0.7100 7.6400
v 5.1500 0.7100 7.6400
v 5.1500 0.7100 8.2400
v 3.5500 0.7100 8.2400
v 3.5500 0.7500 7.6400
v 5.1500 0.7500 7.6400
v 5.1500 0.7500 8.2400
v 3.5500 0.7500 8.2400
v 3.6150 0.0000 7.7050
v 3.6650 0.0000 7.7050
v 3.6650 0.0000 7.7550
v 3.6150 0.0000 7.7550
v 3.6150 0.7100 7.7050
v 3.6650 0.7100 7.7050
v 3.6650 0.7100 7.7550
v 3.6150 0.7100 7.7550
v 5.0350 0.0000 7.7050
v 5.0850 0.0000 7.7050
v 5.0850 0.0000 7.7550
v 5.0350 0.0000 7.7550
v 5.0350 0.7100 7.7050
v 5.0850 0.7100 7.7050
v 5.0850 0.7100 7.7550
v 5.0350 0.7100 7.7550
v 3.6150 0.0000 8.1250
v 3.6650 0.0000 8.1250
v 3.6650 0.0000 8.1750
v 3.6150 0.0000 8.1750
v 3.6150 0.7100 8.1250
v 3.6650 0.7100 8.1250
v 3.6650 0.7100 8.1750
v 3.6150 0.7100 8.1750
v 5.0350 0.0000 8.1250
v 5.0850 0.0000 8.1250
v 5.0850 0.0000 8.1750
v 5.0350 0.0000 8.1750
v 5.0350 0.7100 8.1250
v 5.0850 0.7100 8.1250
v 5.0850 0.7100 8.1750
v 5.0350 0.7100 8.1750
v 3.9220 0.0550 7.1620
v 3.9780 0.0550 7.1620
v 3.9780 0.0550 7.2180
v 3.9220 0.0550 7.2180
v 3.6880 0.0450 7.1680
v 3.7320 0.0450 7.1680
v 3.7320 0.0450 7.2120
v 3.6880 0.0450 7.2120
v 3.7420 0.0000 7.1900
v 3.7326 0.0000 7.2126
v 3.7100 0.0000 7.2220
v 3.6874 0.0000 7.2126
v 3.6780 0.0000 7.1900
v 3.6874 0.0000 7.1674
v 3.7100 0.0000 7.1580
v 3.7326 0.0000 7.1674
v 3.7420 0.0450 7.1900
v 3.7326 0.0450 7.2126
v 3.7100 0.0450 7.2220
v 3.6874 0.0450 7.2126
v 3.6780 0.0450 7.1900
v 3.6874 0.0450 7.1674
v 3.7100 0.0450 7.1580
v 3.7326 0.0450 7.1674
v 3.9220 0.0550 7.1620
v 3.9780 0.0550 7.1620
v 3.9780 0.0550 7.2180
v 3.9220 0.0550 7.2180
v 3.8538 0.0450 6.9397
v 3.8978 0.0450 6.9397
v 3.8978 0.0450 6.9837
v 3.8538 0.0450 6.9837
v 3.9078 0.0000 6.9617
v 3.8985 0.0000 6.9844
v 3.8758 0.0000 6.9937
v 3.8532 0.0000 6.9844
v 3.8438 0.0000 6.9617
v 3.8532 0.0000 6.9391
v 3.8758 0.0000 6.9297
v 3.8985 0.0000 6.9391
v 3.9078 0.0450 6.9617
v 3.8985 0.0450 6.9844
v 3.8758 0.0450 6.9937
v 3.8532 0.0450 6.9844
v 3.8438 0.0450 6.9617
v 3.8532 0.0450 6.9391
v 3.8758 0.0450 6.9297
v 3.8985 0.0450 6.9391
v 3.9220 0.0550 7.1620
v 3.9780 0.0550 7.1620
v 3.9780 0.0550 7.2180
v 3.9220 0.0550 7.2180
v 4.1222 0.0450 7.0269
v 4.1662 0.0450 7.0269
v 4.1662 0.0450 7.0709
v 4.1222 0.0450 7.0709
v 4.1762 0.0000 7.0489
v 4.1668 0.0000 7.0716
v 4.1442 0.0000 7.0809
v 4.1215 0.0000 7.0716
v 4.1122 0.0000 7.0489
v 4.1215 0.0000 7.0263
v 4.1442 0.0000 7.0169
v 4.1668 0.0000 7.0263
v 4.1762 0.0450 7.0489
v 4.1668 0.0450 7.0716
v 4.1442 0.0450 7.0809
v 4.1215 0.0450 7.0716
v 4.1122 0.0450 7.0489
v 4.1215 0.0450 7.0263
v 4.1442 0.0450 7.0169
v 4.1668 0.0450 7.0263
v 3.9220 0.0550 7.1620
v 3.9780 0.0550 7.1620
v 3.9780 0.0550 7.2180
v 3.9220 0.0550 7.2180
v 4.1222 0.0450 7.3091
v 4.1662 0.0450 7.3091
v 4.1662 0.0450 7.3531
v 4.1222 0.0450 7.3531
v 4.1762 0.0000 7.3311
v 4.1668 0.0000 7.3537
v 4.1442 0.0000 7.3631
v 4.1215 0.0000 7.3537
v 4.1122 0.0000 7.3311
v 4.1215 0.0000 7.3084
v 4.1442 0.0000 7.2991
v 4.1668 0.0000 7.3084
v 4.1762 0.0450 7.3311
v 4.1668 0.0450 7.3537
v 4.1442 0.0450 7.3631
v 4.1215 0.0450 7.3537
v 4.1122 0.0450 7.3311
v 4.1215 0.0450 7.3084
v 4.1442 0.0450 7.2991
v 4.1668 0.0450 7.3084
v 3.9220 0.0550 7.1620
v 3.9780 0.0550 7.1620
v 3.9780 0.0550 7.2180
v 3.9220 0.0550 7.2180
v 3.8538 0.0450 7.3963
v 3.8978 0.0450 7.3963
v 3.8978 0.0450 7.4403
v 3.8538 0.0450 7.4403
v 3.9078 0.0000 7.4183
v 3.8985 0.0000 7.4409
v 3.8758 0.0000 7.4503
v 3.8532 0.0000 7.4409
v 3.8438 0.0000 7.4183
v 3.8532 0.0000 7.3956
v 3.8758 0.0000 7.3863
v 3.8985 0.0000 7.3956
v 3.9078 0.0450 7.4183
v 3.8985 0.0450 7.4409
v 3.8758 0.0450 7.4503
v 3.8532 0.0450 7.4409
v 3.8438 0.0450 7.4183
v 3.8532 0.0450 7.3956
v 3.8758 0.0450 7.3863
v 3.8985 0.0450 7.3956
v 3.9980 0.0500 7.1900
v 3.9888 0.0500 7.2182
v 3.9648 0.0500 7.2357
v 3.9352 0.0500 7.2357
v 3.9112 0.0500 7.2182
v 3.9020 0.0500 7.1900
v 3.9112 0.0500 7.1618
v 3.9352 0.0500 7.1443
v 3.9648 0.0500 7.1443
v 3.9888 0.0500 7.1618
v 3.9980 0.1100 7.1900
v 3.9888 0.1100 7.2182
v 3.9648 0.1100 7.2357
v 3.9352 0.1100 7.2357
v 3.9112 0.1100 7.2182
v 3.9020 0.1100 7.1900
v 3.9112 0.1100 7.1618
v 3.9352 0.1100 7.1443
v 3.9648 0.1100 7.1443
v 3.9888 0.1100 7.1618
v 3.9820 0.1100 7.1900
v 3.9759 0.1100 7.2088
v 3.9599 0.1100 7.2204
v 3.9401 0.1100 7.2204
v 3.9241 0.1100 7.2088
v 3.9180 0.1100 7.1900
v 3.9241 0.1100 7.1712
v 3.9401 0.1100 7.1596
v 3.9599 0.1100 7.1596
v 3.9759 0.1100 7.1712
v 3.9820 0.4100 7.1900
v 3.9759 0.4100 7.2088
v 3.9599 0.4100 7.2204
v 3.9401 0.4100 7.2204
v 3.9241 0.4100 7.2088
v 3.9180 0.4100 7.1900
v 3.9241 0.4100 7.1712
v 3.9401 0.4100 7.1596
v 3.9599 0.4100 7.1596
v 3.9759 0.4100 7.1712
v 4.0050 0.4100 7.1900
v 3.9945 0.4100 7.2223
v 3.9670 0.4100 7.2423
v 3.9330 0.4100 7.2423
v 3.9055 0.4100 7.2223
v 3.8950 0.4100 7.1900
v 3.9055 0.4100 7.1577
v 3.9330 0.4100 7.1377
v 3.9670 0.4100 7.1377
v 3.9945 0.4100 7.1577
v 4.0050 0.4500 7.1900
v 3.9945 0.4500 7.2223
v 3.9670 0.4500 7.2423
v 3.9330 0.4500 7.2423
v 3.9055 0.4500 7.2223
v 3.8950 0.4500 7.1900
v 3.9055 0.4500 7.1577
v 3.9330 0.4500 7.1377
v 3.9670 0.4500 7.1377
v 3.9945 0.4500 7.1577
v 3.7150 0.4500 6.9550
v 4.1850 0.4500 6.9550
v 4.1850 0.4500 7.4050
v 3.7150 0.4500 7.4050
v 3.7150 0.5050 6.9550
v 4.1850 0.5050 6.9550
v 4.1850 0.5050 7.4050
v 3.7150 0.5050 7.4050
v 3.7350 0.4400 6.9450
v 4.1650 0.4400 6.9450
v 4.1650 0.4400 7.0550
v 3.7350 0.4400 7.0550
v 3.7350 0.4850 6.9450
v 4.1650 0.4850 6.9450
v 4.1650 0.4850 7.0550
v 3.7350 0.4850 7.0550
v 4.1390 0.5200 7.3760
v 4.1710 0.5200 7.3760
v 4.1710 0.5200 7.4140
v 4.1390 0.5200 7.4140
v 4.1390 0.6700 7.3760
v 4.1710 0.6700 7.3760
v 4.1710 0.6700 7.4140
v 4.1390 0.6700 7.4140
v 3.7290 0.5200 7.3760
v 3.7610 0.5200 7.3760
v 3.7610 0.5200 7.4140
v 3.7290 0.5200 7.4140
v 3.7290 0.6700 7.3760
v 3.7610 0.6700 7.3760
v 3.7610 0.6700 7.4140
v 3.7290 0.6700 7.4140
v 3.7600 0.5200 7.3870
v 4.1400 0.5200 7.3870
v 4.1400 0.5200 7.4030
v 3.7600 0.5200 7.4030
v 3.7600 0.6700 7.3870
v 4.1400 0.6700 7.3870
v 4.1400 0.6700 7.4030
v 3.7600 0.6700 7.4030
v 4.1390 0.6700 7.3930
v 4.1710 0.6700 7.3930
v 4.1710 0.6700 7.4310
v 4.1390 0.6700 7.4310
v 4.1390 0.8300 7.3930
v 4.1710 0.8300 7.3930
v 4.1710 0.8300 7.4310
v 4.1390 0.8300 7.4310
v 3.7290 0.6700 7.3930
v 3.7610 0.6700 7.3930
v 3.7610 0.6700 7.4310
v 3.7290 0.6700 7.4310
v 3.7290 0.8300 7.3930
v 3.7610 0.8300 7.3930
v 3.7610 0.8300 7.4310
v 3.7290 0.8300 7.4310
v 3.7600 0.6700 7.4040
v 4.1400 0.6700 7.4040
v 4.1400 0.6700 7.4200
v 3.7600 0.6700 7.4200
v 3.7600 0.8300 7.4040
v 4.1400 0.8300 7.4040
v 4.1400 0.8300 7.4200
v 3.7600 0.8300 7.4200
v 4.1390 0.8300 7.4130
v 4.1710 0.8300 7.4130
v 4.1710 0.8300 7.4510
v 4.1390 0.8300 7.4510
v 4.1390 0.9700 7.4130
v 4.1710 0.9700 7.4130
v 4.1710 0.9700 7.4510
v 4.1390 0.9700 7.4510
v 3.7290 0.8300 7.4130
v 3.7610 0.8300 7.4130
v 3.7610 0.8300 7.4510
v 3.7290 0.8300 7.4510
v 3.7290 0.9700 7.4130
v 3.7610 0.9700 7.4130
v 3.7610 0.9700 7.4510
v 3.7290 0.9700 7.4510
v 3.7600 0.8300 7.4240
v 4.1400 0.8300 7.4240
v 4.1400 0.8300 7.4400
v 3.7600 0.8300 7.4400
v 3.7600 0.9700 7.4240
v 4.1400 0.9700 7.4240
v 4.1400 0.9700 7.4400
v 3.7600 0.9700 7.4400
v 3.7300 0.9550 7.4140
v 4.1700 0.9550 7.4140
v 4.1700 0.9550 7.4560
v 3.7300 0.9550 7.4560
v 3.7300 0.9900 7.4140
v 4.1700 0.9900 7.4140
v 4.1700 0.9900 7.4560
v 3.7300 0.9900 7.4560
v 3.8950 0.5000 7.3550
v 4.0050 0.5000 7.3550
v 4.0050 0.5000 7.4050
v 3.8950 0.5000 7.4050
v 3.8950 0.5900 7.3550
v 4.0050 0.5900 7.3550
v 4.0050 0.5900 7.4050
v 3.8950 0.5900 7.4050
v 4.1825 0.5000 7.0600
v 4.2275 0.5000 7.0600
v 4.2275 0.5000 7.3600
v 4.1825 0.5000 7.3600
v 4.1825 0.6700 7.0600
v 4.2275 0.6700 7.0600
v 4.2275 0.6700 7.3600
v 4.1825 0.6700 7.3600
v 4.1775 0.6700 7.0600
v 4.2325 0.6700 7.0600
v 4.2325 0.6700 7.3200
v 4.1775 0.6700 7.3200
v 4.1775 0.7050 7.0600
v 4.2325 0.7050 7.0600
v 4.2325 0.7050 7.3200
v 4.1775 0.7050 7.3200
v 3.6725 0.5000 7.0600
v 3.7175 0.5000 7.0600
v 3.7175 0.5000 7.3600
v 3.6725 0.5000 7.3600
v 3.6725 0.6700 7.0600
v 3.7175 0.6700 7.0600
v 3.7175 0.6700 7.3600
v 3.6725 0.6700 7.3600
v 3.6675 0.6700 7.0600
v 3.7225 0.6700 7.0600
v 3.7225 0.6700 7.3200
v 3.6675 0.6700 7.3200
v 3.6675 0.7050 7.0600
v 3.7225 0.7050 7.0600
v 3.7225 0.7050 7.3200
v 3.6675 0.7050 7.3200
v 4.7220 0.0550 7.1620
v 4.7780 0.0550 7.1620
v 4.7780 0.0550 7.2180
v 4.7220 0.0550 7.2180
v 4.4880 0.0450 7.1680
v 4.5320 0.0450 7.1680
v 4.5320 0.0450 7.2120
v 4.4880 0.0450 7.2120
v 4.5420 0.0000 7.1900
v 4.5326 0.0000 7.2126
v 4.5100 0.0000 7.2220
v 4.4874 0.0000 7.2126
v 4.4780 0.0000 7.1900
v 4.4874 0.0000 7.1674
v 4.5100 0.0000 7.1580
v 4.5326 0.0000 7.1674
v 4.5420 0.0450 7.1900
v 4.5326 0.0450 7.2126
v 4.5100 0.0450 7.2220
v 4.4874 0.0450 7.2126
v 4.4780 0.0450 7.1900
v 4.4874 0.0450 7.1674
v 4.5100 0.0450 7.1580
v 4.5326 0.0450 7.1674
v 4.7220 0.0550 7.1620
v 4.7780 0.0550 7.1620
v 4.7780 0.0550 7.2180
v 4.7220 0.0550 7.2180
v 4.6538 0.0450 6.9397
v 4.6978 0.0450 6.9397
v 4.6978 0.0450 6.9837
v 4.6538 0.0450 6.9837
v 4.7078 0.0000 6.9617
v 4.6985 0.0000 6.9844
v 4.6758 0.0000 6.9937
v 4.6532 0.0000 6.9844
v 4.6438 0.0000 6.9617
v 4.6532 0.0000 6.9391
v 4.6758 0.0000 6.9297
v 4.6985 0.0000 6.9391
v 4.7078 0.0450 6.9617
v 4.6985 0.0450 6.9844
v 4.6758 0.0450 6.9937
v 4.6532 0.0450 6.9844
v 4.6438 0.0450 6.9617
v 4.6532 0.0450 6.9391
v 4.6758 0.0450 6.9297
v 4.6985 0.0450 6.9391
v 4.7220 0.0550 7.1620
v 4.7780 0.0550 7.1620
v 4.7780 0.0550 7.2180
v 4.7220 0.0550 7.2180
v 4.9222 0.0450 7.0269
v 4.9662 0.0450 7.0269
v 4.9662 0.0450 7.0709
v 4.9222 0.0450 7.0709
v 4.9762 0.0000 7.0489
v 4.9668 0.0000 7.0716
v 4.9442 0.0000 7.0809
v 4.9215 0.0000 7.0716
v 4.9122 0.0000 7.0489
v 4.9215 0.0000 7.0263
v 4.9442 0.0000 7.0169
v 4.9668 0.0000 7.0263
v 4.9762 0.0450 7.0489
v 4.9668 0.0450 7.0716
v 4.9442 0.0450 7.0809
v 4.9215 0.0450 7.0716
v 4.9122 0.0450 7.0489
v 4.9215 0.0450 7.0263
v 4.9442 0.0450 7.0169
v 4.9668 0.0450 7.0263
v 4.7220 0.0550 7.1620
v 4.7780 0.0550 7.1620
v 4.7780 0.0550 7.2180
v 4.7220 0.0550 7.2180
v 4.9222 0.0450 7.3091
v 4.9662 0.0450 7.3091
v 4.9662 0.0450 7.3531
v 4.9222 0.0450 7.3531
v 4.9762 0.0000 7.3311
v 4.9668 0.0000 7.3537
v 4.9442 0.0000 7.3631
v 4.9215 0.0000 7.3537
v 4.9122 0.0000 7.3311
v 4.9215 0.0000 7.3084
v 4.9442 0.0000 7.2991
v 4.9668 0.0000 7.3084
v 4.9762 0.0450 7.3311
v 4.9668 0.0450 7.3537
v 4.9442 0.0450 7.3631
v 4.9215 0.0450 7.3537
v 4.9122 0.0450 7.3311
v 4.9215 0.0450 7.3084
v 4.9442 0.0450 7.2991
v 4.9668 0.0450 7.3084
v 4.7220 0.0550 7.1620
v 4.7780 0.0550 7.1620
v 4.7780 0.0550 7.2180
v 4.7220 0.0550 7.2180
v 4.6538 0.0450 7.3963
v 4.6978 0.0450 7.3963
v 4.6978 0.0450 7.4403
v 4.6538 0.0450 7.4403
v 4.7078 0.0000 7.4183
v 4.6985 0.0000 7.4409
v 4.6758 0.0000 7.4503
v 4.6532 0.0000 7.4409
v 4.6438 0.0000 7.4183
v 4.6532 0.0000 7.3956
v 4.6758 0.0000 7.3863
v 4.6985 0.0000 7.3956
v 4.7078 0.0450 7.4183
v 4.6985 0.0450 7.4409
v 4.6758 0.0450 7.4503
v 4.6532 0.0450 7.4409
v 4.6438 0.0450 7.4183
v 4.6532 0.0450 7.3956
v 4.6758 0.0450 7.3863
v 4.6985 0.0450 7.3956
v 4.7980 0.0500 7.1900
v 4.7888 0.0500 7.2182
v 4.7648 0.0500 7.2357
v 4.7352 0.0500 7.2357
v 4.7112 0.0500 7.2182
v 4.7020 0.0500 7.1900
v 4.7112 0.0500 7.1618
v 4.7352 0.0500 7.1443
v 4.7648 0.0500 7.1443
v 4.7888 0.0500 7.1618
v 4.7980 0.1100 7.1900
v 4.7888 0.1100 7.2182
v 4.7648 0.1100 7.2357
v 4.7352 0.1100 7.2357
v 4.7112 0.1100 7.2182
v 4.7020 0.1100 7.1900
v 4.7112 0.1100 7.1618
v 4.7352 0.1100 7.1443
v 4.7648 0.1100 7.1443
v 4.7888 0.1100 7.1618
v 4.7820 0.1100 7.1900
v 4.7759 0.1100 7.2088
v 4.7599 0.1100 7.2204
v 4.7401 0.1100 7.2204
v 4.7241 0.1100 7.2088
v 4.7180 0.1100 7.1900
v 4.7241 0.1100 7.1712
v 4.7401 0.1100 7.1596
v 4.7599 0.1100 7.1596
v 4.7759 0.1100 7.1712
v 4.7820 0.4100 7.1900
v 4.7759 0.4100 7.2088
v 4.7599 0.4100 7.2204
v 4.7401 0.4100 7.2204
v 4.7241 0.4100 7.2088
v 4.7180 0.4100 7.1900
v 4.7241 0.4100 7.1712
v 4.7401 0.4100 7.1596
v 4.7599 0.4100 7.1596
v 4.7759 0.4100 7.1712
v 4.8050 0.4100 7.1900
v 4.7945 0.4100 7.2223
v 4.7670 0.4100 7.2423
v 4.7330 0.4100 7.2423
v 4.7055 0.4100 7.2223
v 4.6950 0.4100 7.1900
v 4.7055 0.4100 7.1577
v 4.7330 0.4100 7.1377
v 4.7670 0.4100 7.1377
v 4.7945 0.4100 7.1577
v 4.8050 0.4500 7.1900
v 4.7945 0.4500 7.2223
v 4.7670 0.4500 7.2423
v 4.7330 0.4500 7.2423
v 4.7055 0.4500 7.2223
v 4.6950 0.4500 7.1900
v 4.7055 0.4500 7.1577
v 4.7330 0.4500 7.1377
v 4.7670 0.4500 7.1377
v 4.7945 0.4500 7.1577
v 4.5150 0.4500 6.9550
v 4.9850 0.4500 6.9550
v 4.9850 0.4500 7.4050
v 4.5150 0.4500 7.4050
v 4.5150 0.5050 6.9550
v 4.9850 0.5050 6.9550
v 4.9850 0.5050 7.4050
v 4.5150 0.5050 7.4050
v 4.5350 0.4400 6.9450
v 4.9650 0.4400 6.9450
v 4.9650 0.4400 7.0550
v 4.5350 0.4400 7.0550
v 4.5350 0.4850 6.9450
v 4.9650 0.4850 6.9450
v 4.9650 0.4850 7.0550
v 4.5350 0.4850 7.0550
v 4.9390 0.5200 7.3760
v 4.9710 0.5200 7.3760
v 4.9710 0.5200 7.4140
v 4.9390 0.5200 7.4140
v 4.9390 0.6700 7.3760
v 4.9710 0.6700 7.3760
v 4.9710 0.6700 7.4140
v 4.9390 0.6700 7.4140
v 4.5290 0.5200 7.3760
v 4.5610 0.5200 7.3760
v 4.5610 0.5200 7.4140
v 4.5290 0.5200 7.4140
v 4.5290 0.6700 7.3760
v 4.5610 0.6700 7.3760
v 4.5610 0.6700 7.4140
v 4.5290 0.6700 7.4140
v 4.5600 0.5200 7.3870
v 4.9400 0.5200 7.3870
v 4.9400 0.5200 7.4030
v 4.5600 0.5200 7.4030
v 4.5600 0.6700 7.3870
v 4.9400 0.6700 7.3870
v 4.9400 0.6700 7.4030
v 4.5600 0.6700 7.4030
v 4.9390 0.6700 7.3930
v 4.9710 0.6700 7.3930
v 4.9710 0.6700 7.4310
v 4.9390 0.6700 7.4310
v 4.9390 0.8300 7.3930
v 4.9710 0.8300 7.3930
v 4.9710 0.8300 7.4310
v 4.9390 0.8300 7.4310
v 4.5290 0.6700 7.3930
v 4.5610 0.6700 7.3930
v 4.5610 0.6700 7.4310
v 4.5290 0.6700 7.4310
v 4.5290 0.8300 7.3930
v 4.5610 0.8300 7.3930
v 4.5610 0.8300 7.4310
v 4.5290 0.8300 7.4310
v 4.5600 0.6700 7.4040
v 4.9400 0.6700 7.4040
v 4.9400 0.6700 7.4200
v 4.5600 0.6700 7.4200
v 4.5600 0.8300 7.4040
v 4.9400 0.8300 7.4040
v 4.9400 0.8300 7.4200
v 4.5600 0.8300 7.4200
v 4.9390 0.8300 7.4130
v 4.9710 0.8300 7.4130
v 4.9710 0.8300 7.4510
v 4.9390 0.8300 7.4510
v 4.9390 0.9700 7.4130
v 4.9710 0.9700 7.4130
v 4.9710 0.9700 7.4510
v 4.9390 0.9700 7.4510
v 4.5290 0.8300 7.4130
v 4.5610 0.8300 7.4130
v 4.5610 0.8300 7.4510
v 4.5290 0.8300 7.4510
v 4.5290 0.9700 7.4130
v 4.5610 0.9700 7.4130
v 4.5610 0.9700 7.4510
v 4.5290 0.9700 7.4510
v 4.5600 0.8300 7.4240
v 4.9400 0.8300 7.4240
v 4.9400 0.8300 7.4400
v 4.5600 0.8300 7.4400
v 4.5600 0.9700 7.4240
v 4.9400 0.9700 7.4240
v 4.9400 0.9700 7.4400
v 4.5600 0.9700 7.4400
v 4.5300 0.9550 7.4140
v 4.9700 0.9550 7.4140
v 4.9700 0.9550 7.4560
v 4.5300 0.9550 7.4560
v 4.5300 0.9900 7.4140
v 4.9700 0.9900 7.4140
v 4.9700 0.9900 7.4560
v 4.5300 0.9900 7.4560
v 4.6950 0.5000 7.3550
v 4.8050 0.5000 7.3550
v 4.8050 0.5000 7.4050
v 4.6950 0.5000 7.4050
v 4.6950 0.5900 7.3550
v 4.8050 0.5900 7.3550
v 4.8050 0.5900 7.4050
v 4.6950 0.5900 7.4050
v 4.9825 0.5000 7.0600
v 5.0275 0.5000 7.0600
v 5.0275 0.5000 7.3600
v 4.9825 0.5000 7.3600
v 4.9825 0.6700 7.0600
v 5.0275 0.6700 7.0600
v 5.0275 0.6700 7.3600
v 4.9825 0.6700 7.3600
v 4.9775 0.6700 7.0600
v 5.0325 0.6700 7.0600
v 5.0325 0.6700 7.3200
v 4.9775 0.6700 7.3200
v 4.9775 0.7050 7.0600
v 5.0325 0.7050 7.0600
v 5.0325 0.7050 7.3200
v 4.9775 0.7050 7.3200
v 4.4725 0.5000 7.0600
v 4.5175 0.5000 7.0600
v 4.5175 0.5000 7.3600
v 4.4725 0.5000 7.3600
v 4.4725 0.6700 7.0600
v 4.5175 0.6700 7.0600
v 4.5175 0.6700 7.3600
v 4.4725 0.6700 7.3600
v 4.4675 0.6700 7.0600
v 4.5225 0.6700 7.0600
v 4.5225 0.6700 7.3200
v 4.4675 0.6700 7.3200
v 4.4675 0.7050 7.0600
v 4.5225 0.7050 7.0600
v 4.5225 0.7050 7.3200
v 4.4675 0.7050 7.3200
v 8.3000 0.7100 8.2700
v 10.7000 0.7100 8.2700
v 10.7000 0.7100 8.8700
v 8.3000 0.7100 8.8700
v 8.3000 0.7500 8.2700
v 10.7000 0.7500 8.2700
v 10.7000 0.7500 8.8700
v 8.3000 0.7500 8.8700
v 8.3650 0.0000 8.3350
v 8.4150 0.0000 8.3350
v 8.4150 0.0000 8.3850
v 8.3650 0.0000 8.3850
v 8.3650 0.7100 8.3350
v 8.4150 0.7100 8.3350
v 8.4150 0.7100 8.3850
v 8.3650 0.7100 8.3850
v 10.5850 0.0000 8.3350
v 10.6350 0.0000 8.3350
v 10.6350 0.0000 8.3850
v 10.5850 0.0000 8.3850
v 10.5850 0.7100 8.3350
v 10.6350 0.7100 8.3350
v 10.6350 0.7100 8.3850
v 10.5850 0.7100 8.3850
v 8.3650 0.0000 8.7550
v 8.4150 0.0000 8.7550
v 8.4150 0.0000 8.8050
v 8.3650 0.0000 8.8050
v 8.3650 0.7100 8.7550
v 8.4150 0.7100 8.7550
v 8.4150 0.7100 8.8050
v 8.3650 0.7100 8.8050
v 10.5850 0.0000 8.7550
v 10.6350 0.0000 8.7550
v 10.6350 0.0000 8.8050
v 10.5850 0.0000 8.8050
v 10.5850 0.7100 8.7550
v 10.6350 0.7100 8.7550
v 10.6350 0.7100 8.8050
v 10.5850 0.7100 8.8050
v 8.6720 0.0550 7.7920
v 8.7280 0.0550 7.7920
v 8.7280 0.0550 7.8480
v 8.6720 0.0550 7.8480
v 8.4380 0.0450 7.7980
v 8.4820 0.0450 7.7980
v 8.4820 0.0450 7.8420
v 8.4380 0.0450 7.8420
v 8.4920 0.0000 7.8200
v 8.4826 0.0000 7.8426
v 8.4600 0.0000 7.8520
v 8.4374 0.0000 7.8426
v 8.4280 0.0000 7.8200
v 8.4374 0.0000 7.7974
v 8.4600 0.0000 7.7880
v 8.4826 0.0000 7.7974
v 8.4920 0.0450 7.8200
v 8.4826 0.0450 7.8426
v 8.4600 0.0450 7.8520
v 8.4374 0.0450 7.8426
v 8.4280 0.0450 7.8200
v 8.4374 0.0450 7.7974
v 8.4600 0.0450 7.7880
v 8.4826 0.0450 7.7974
v 8.6720 0.0550 7.7920
v 8.7280 0.0550 7.7920
v 8.7280 0.0550 7.8480
v 8.6720 0.0550 7.8480
v 8.6038 0.0450 7.5697
v 8.6478 0.0450 7.5697
v 8.6478 0.0450 7.6137
v 8.6038 0.0450 7.6137
v 8.6578 0.0000 7.5917
v 8.6485 0.0000 7.6144
v 8.6258 0.0000 7.6237
v 8.6032 0.0000 7.6144
v 8.5938 0.0000 7.5917
v 8.6032 0.0000 7.5691
v 8.6258 0.0000 7.5597
v 8.6485 0.0000 7.5691
v 8.6578 0.0450 7.5917
v 8.6485 0.0450 7.6144
v 8.6258 0.0450 7.6237
v 8.6032 0.0450 7.6144
v 8.5938 0.0450 7.5917
v 8.6032 0.0450 7.5691
v 8.6258 0.0450 7.5597
v 8.6485 0.0450 7.5691
v 8.6720 0.0550 7.7920
v 8.7280 0.0550 7.7920
v 8.7280 0.0550 7.8480
v 8.6720 0.0550 7.8480
v 8.8722 0.0450 7.6569
v 8.9162 0.0450 7.6569
v 8.9162 0.0450 7.7009
v 8.8722 0.0450 7.7009
v 8.9262 0.0000 7.6789
v 8.9168 0.0000 7.7016
v 8.8942 0.0000 7.7109
v 8.8715 0.0000 7.7016
v 8.8622 0.0000 7.6789
v 8.8715 0.0000 7.6563
v 8.8942 0.0000 7.6469
v 8.9168 0.0000 7.6563
v 8.9262 0.0450 7.6789
v 8.9168 0.0450 7.7016
v 8.8942 0.0450 7.7109
v 8.8715 0.0450 7.7016
v 8.8622 0.0450 7.6789
v 8.8715 0.0450 7.6563
v 8.8942 0.0450 7.6469
v 8.9168 0.0450 7.6563
v 8.6720 0.0550 7.7920
v 8.7280 0.0550 7.7920
v 8.7280 0.0550 7.8480
v 8.6720 0.0550 7.8480
v 8.8722 0.0450 7.9391
v 8.9162 0.0450 7.9391
v 8.9162 0.0450 7.9831
v 8.8722 0.0450 7.9831
v 8.9262 0.0000 7.9611
v 8.9168 0.0000 7.9837
v 8.8942 0.0000 7.9931
v 8.8715 0.0000 7.9837
v 8.8622 0.0000 7.9611
v 8.8715 0.0000 7.9384
v 8.8942 0.0000 7.9291
v 8.9168 0.0000 7.9384
v 8.9262 0.0450 7.9611
v 8.9168 0.0450 7.9837
v 8.8942 0.0450 7.9931
v 8.8715 0.0450 7.9837
v 8.8622 0.0450 7.9611
v 8.8715 0.0450 7.9384
v 8.8942 0.0450 7.9291
v 8.9168 0.0450 7.9384
v 8.6720 0.0550 7.7920
v 8.7280 0.0550 7.7920
v 8.7280 0.0550 7.8480
v 8.6720 0.0550 7.8480
v 8.6038 0.0450 8.0263
v 8.6478 0.0450 8.0263
v 8.6478 0.0450 8.0703
v 8.6038 0.0450 8.0703
v 8.6578 0.0000 8.0483
v 8.6485 0.0000 8.0709
v 8.6258 0.0000 8.0803
v 8.6032 0.0000 8.0709
v 8.5938 0.0000 8.0483
v 8.6032 0.0000 8.0256
v 8.6258 0.0000 8.0163
v 8.6485 0.0000 8.0256
v 8.6578 0.0450 8.0483
v 8.6485 0.0450 8.0709
v 8.6258 0.0450 8.0803
v 8.6032 0.0450 8.0709
v 8.5938 0.0450 8.0483
v 8.6032 0.0450 8.0256
v 8.6258 0.0450 8.0163
v 8.6485 0.0450 8.0256
v 8.7480 0.0500 7.8200
v 8.7388 0.0500 7.8482
v 8.7148 0.0500 7.8657
v 8.6852 0.0500 7.8657
v 8.6612 0.0500 7.8482
v 8.6520 0.0500 7.8200
v 8.6612 0.0500 7.7918
v 8.6852 0.0500 7.7743
v 8.7148 0.0500 7.7743
v 8.7388 0.0500 7.7918
v 8.7480 0.1100 7.8200
v 8.7388 0.1100 7.8482
v 8.7148 0.1100 7.8657
v 8.6852 0.1100 7.8657
v 8.6612 0.1100 7.8482
v 8.6520 0.1100 7.8200
v 8.6612 0.1100 7.7918
v 8.6852 0.1100 7.7743
v 8.7148 0.1100 7.7743
v 8.7388 0.1100 7.7918
v 8.7320 0.1100 7.8200
v 8.7259 0.1100 7.8388
v 8.7099 0.1100 7.8504
v 8.6901 0.1100 7.8504
v 8.6741 0.1100 7.8388
v 8.6680 0.1100 7.8200
v 8.6741 0.1100 7.8012
v 8.6901 0.1100 7.7896
v 8.7099 0.1100 7.7896
v 8.7259 0.1100 7.8012
v 8.7320 0.4100 7.8200
v 8.7259 0.4100 7.8388
v 8.7099 0.4100 7.8504
v 8.6901 0.4100 7.8504
v 8.6741 0.4100 7.8388
v 8.6680 0.4100 7.8200
v 8.6741 0.4100 7.8012
v 8.6901 0.4100 7.7896
v 8.7099 0.4100 7.7896
v 8.7259 0.4100 7.8012
v 8.7550 0.4100 7.8200
v 8.7445 0.4100 7.8523
v 8.7170 0.4100 7.8723
v 8.6830 0.4100 7.8723
v 8.6555 0.4100 7.8523
v 8.6450 0.4100 7.8200
v 8.6555 0.4100 7.7877
v 8.6830 0.4100 7.7677
v 8.7170 0.4100 7.7677
v 8.7445 0.4100 7.7877
v 8.7550 0.4500 7.8200
v 8.7445 0.4500 7.8523
v 8.7170 0.4500 7.8723
v 8.6830 0.4500 7.8723
v 8.6555 0.4500 7.8523
v 8.6450 0.4500 7.8200
v 8.6555 0.4500 7.7877
v 8.6830 0.4500 7.7677
v 8.7170 0.4500 7.7677
v 8.7445 0.4500 7.7877
v 8.4650 0.4500 7.5850
v 8.9350 0.4500 7.5850
v 8.9350 0.4500 8.0350
v 8.4650 0.4500 8.0350
v 8.4650 0.5050 7.5850
v 8.9350 0.5050 7.5850
v 8.9350 0.5050 8.0350
v 8.4650 0.5050 8.0350
v 8.4850 0.4400 7.5750
v 8.9150 0.4400 7.5750
v 8.9150 0.4400 7.6850
v 8.4850 0.4400 7.6850
v 8.4850 0.4850 7.5750
v 8.9150 0.4850 7.5750
v 8.9150 0.4850 7.6850
v 8.4850 0.4850 7.6850
v 8.8890 0.5200 8.0060
v 8.9210 0.5200 8.0060
v 8.9210 0.5200 8.0440
v 8.8890 0.5200 8.0440
v 8.8890 0.6700 8.0060
v 8.9210 0.6700 8.0060
v 8.9210 0.6700 8.0440
v 8.8890 0.6700 8.0440
v 8.4790 0.5200 8.0060
v 8.5110 0.5200 8.0060
v 8.5110 0.5200 8.0440
v 8.4790 0.5200 8.0440
v 8.4790 0.6700 8.0060
v 8.5110 0.6700 8.0060
v 8.5110 0.6700 8.0440
v 8.4790 0.6700 8.0440
v 8.5100 0.5200 8.0170
v 8.8900 0.5200 8.0170
v 8.8900 0.5200 8.0330
v 8.5100 0.5200 8.0330
v 8.5100 0.6700 8.0170
v 8.8900 0.6700 8.0170
v 8.8900 0.6700 8.0330
v 8.5100 0.6700 8.0330
v 8.8890 0.6700 8.0230
v 8.9210 0.6700 8.0230
v 8.9210 0.6700 8.0610
v 8.8890 0.6700 8.0610
v 8.8890 0.8300 8.0230
v 8.9210 0.8300 8.0230
v 8.9210 0.8300 8.0610
v 8.8890 0.8300 8.0610
v 8.4790 0.6700 8.0230
v 8.5110 0.6700 8.0230
v 8.5110 0.6700 8.0610
v 8.4790 0.6700 8.0610
v 8.4790 0.8300 8.0230
v 8.5110 0.8300 8.0230
v 8.5110 0.8300 8.0610
v 8.4790 0.8300 8.0610
v 8.5100 0.6700 8.0340
v 8.8900 0.6700 8.0340
v 8.8900 0.6700 8.0500
v 8.5100 0.6700 8.0500
v 8.5100 0.8300 8.0340
v 8.8900 0.8300 8.0340
v 8.8900 0.8300 8.0500
v 8.5100 0.8300 8.0500
v 8.8890 0.8300 8.0430
v 8.9210 0.8300 8.0430
v 8.9210 0.8300 8.0810
v 8.8890 0.8300 8.0810
v 8.8890 0.9700 8.0430
v 8.9210 0.9700 8.0430
v 8.9210 0.9700 8.0810
v 8.8890 0.9700 8.0810
v 8.4790 0.8300 8.0430
v 8.5110 0.8300 8.0430
v 8.5110 0.8300 8.0810
v 8.4790 0.8300 8.0810
v 8.4790 0.9700 8.0430
v 8.5110 0.9700 8.0430
v 8.5110 0.9700 8.0810
v 8.4790 0.9700 8.0810
v 8.5100 0.8300 8.0540
v 8.8900 0.8300 8.0540
v 8.8900 0.8300 8.0700
v 8.5100 0.8300 8.0700
v 8.5100 0.9700 8.0540
v 8.8900 0.9700 8.0540
v 8.8900 0.9700 8.0700
v 8.5100 0.9700 8.0700
v 8.4800 0.9550 8.0440
v 8.9200 0.9550 8.0440
v 8.9200 0.9550 8.0860
v 8.4800 0.9550 8.0860
v 8.4800 0.9900 8.0440
v 8.9200 0.9900 8.0440
v 8.9200 0.9900 8.0860
v 8.4800 0.9900 8.0860
v 8.6450 0.5000 7.9850
v 8.7550 0.5000 7.9850
v 8.7550 0.5000 8.0350
v 8.6450 0.5000 8.0350
v 8.6450 0.5900 7.9850
v 8.7550 0.5900 7.9850
v 8.7550 0.5900 8.0350
v 8.6450 0.5900 8.0350
v 8.9325 0.5000 7.6900
v 8.9775 0.5000 7.6900
v 8.9775 0.5000 7.9900
v 8.9325 0.5000 7.9900
v 8.9325 0.6700 7.6900
v 8.9775 0.6700 7.6900
v 8.9775 0.6700 7.9900
v 8.9325 0.6700 7.9900
v 8.9275 0.6700 7.6900
v 8.9825 0.6700 7.6900
v 8.9825 0.6700 7.9500
v 8.9275 0.6700 7.9500
v 8.9275 0.7050 7.6900
v 8.9825 0.7050 7.6900
v 8.9825 0.7050 7.9500
v 8.9275 0.7050 7.9500
v 8.4225 0.5000 7.6900
v 8.4675 0.5000 7.6900
v 8.4675 0.5000 7.9900
v 8.4225 0.5000 7.9900
v 8.4225 0.6700 7.6900
v 8.4675 0.6700 7.6900
v 8.4675 0.6700 7.9900
v 8.4225 0.6700 7.9900
v 8.4175 0.6700 7.6900
v 8.4725 0.6700 7.6900
v 8.4725 0.6700 7.9500
v 8.4175 0.6700 7.9500
v 8.4175 0.7050 7.6900
v 8.4725 0.7050 7.6900
v 8.4725 0.7050 7.9500
v 8.4175 0.7050 7.9500
v 9.4720 0.0550 7.7920
v 9.5280 0.0550 7.7920
v 9.5280 0.0550 7.8480
v 9.4720 0.0550 7.8480
v 9.2380 0.0450 7.7980
v 9.2820 0.0450 7.7980
v 9.2820 0.0450 7.8420
v 9.2380 0.0450 7.8420
v 9.2920 0.0000 7.8200
v 9.2826 0.0000 7.8426
v 9.2600 0.0000 7.8520
v 9.2374 0.0000 7.8426
v 9.2280 0.0000 7.8200
v 9.2374 0.0000 7.7974
v 9.2600 0.0000 7.7880
v 9.2826 0.0000 7.7974
v 9.2920 0.0450 7.8200
v 9.2826 0.0450 7.8426
v 9.2600 0.0450 7.8520
v 9.2374 0.0450 7.8426
v 9.2280 0.0450 7.8200
v 9.2374 0.0450 7.7974
v 9.2600 0.0450 7.7880
v 9.2826 0.0450 7.7974
v 9.4720 0.0550 7.7920
v 9.5280 0.0550 7.7920
v 9.5280 0.0550 7.8480
v 9.4720 0.0550 7.8480
v 9.4038 0.0450 7.5697
v 9.4478 0.0450 7.5697
v 9.4478 0.0450 7.6137
v 9.4038 0.0450 7.6137
v 9.4578 0.0000 7.5917
v 9.4485 0.0000 7.6144
v 9.4258 0.0000 7.6237
v 9.4032 0.0000 7.6144
v 9.3938 0.0000 7.5917
v 9.4032 0.0000 7.5691
v 9.4258 0.0000 7.5597
v 9.4485 0.0000 7.5691
v 9.4578 0.0450 7.5917
v 9.4485 0.0450 7.6144
v 9.4258 0.0450 7.6237
v 9.4032 0.0450 7.6144
v 9.3938 0.0450 7.5917
v 9.4032 0.0450 7.5691
v 9.4258 0.0450 7.5597
v 9.4485 0.0450 7.5691
v 9.4720 0.0550 7.7920
v 9.5280 0.0550 7.7920
v 9.5280 0.0550 7.8480
v 9.4720 0.0550 7.8480
v 9.6722 0.0450 7.6569
v 9.7162 0.0450 7.6569
v 9.7162 0.0450 7.7009
v 9.6722 0.0450 7.7009
v 9.7262 0.0000 7.6789
v 9.7168 0.0000 7.7016
v 9.6942 0.0000 7.7109
v 9.6715 0.0000 7.7016
v 9.6622 0.0000 7.6789
v 9.6715 0.0000 7.6563
v 9.6942 0.0000 7.6469
v 9.7168 0.0000 7.6563
v 9.7262 0.0450 7.6789
v 9.7168 0.0450 7.7016
v 9.6942 0.0450 7.7109
v 9.6715 0.0450 7.7016
v 9.6622 0.0450 7.6789
v 9.6715 0.0450 7.6563
v 9.6942 0.0450 7.6469
v 9.7168 0.0450 7.6563
v 9.4720 0.0550 7.7920
v 9.5280 0.0550 7.7920
v 9.5280 0.0550 7.8480
v 9.4720 0.0550 7.8480
v 9.6722 0.0450 7.9391
v 9.7162 0.0450 7.9391
v 9.7162 0.0450 7.9831
v 9.6722 0.0450 7.9831
v 9.7262 0.0000 7.9611
v 9.7168 0.0000 7.9837
v 9.6942 0.0000 7.9931
v 9.6715 0.0000 7.9837
v 9.6622 0.0000 7.9611
v 9.6715 0.0000 7.9384
v 9.6942 0.0000 7.9291
v 9.7168 0.0000 7.9384
v 9.7262 0.0450 7.9611
v 9.7168 0.0450 7.9837
v 9.6942 0.0450 7.9931
v 9.6715 0.0450 7.9837
v 9.6622 0.0450 7.9611
v 9.6715 0.0450 7.9384
v 9.6942 0.0450 7.9291
v 9.7168 0.0450 7.9384
v 9.4720 0.0550 7.7920
v 9.5280 0.0550 7.7920
v 9.5280 0.0550 7.8480
v 9.4720 0.0550 7.8480
v 9.4038 0.0450 8.0263
v 9.4478 0.0450 8.0263
v 9.4478 0.0450 8.0703
v 9.4038 0.0450 8.0703
v 9.4578 0.0000 8.0483
v 9.4485 0.0000 8.0709
v 9.4258 0.0000 8.0803
v 9.4032 0.0000 8.0709
v 9.3938 0.0000 8.0483
v 9.4032 0.0000 8.0256
v 9.4258 0.0000 8.0163
v 9.4485 0.0000 8.0256
v 9.4578 0.0450 8.0483
v 9.4485 0.0450 8.0709
v 9.4258 0.0450 8.0803
v 9.4032 0.0450 8.0709
v 9.3938 0.0450 8.0483
v 9.4032 0.0450 8.0256
v 9.4258 0.0450 8.0163
v 9.4485 0.0450 8.0256
v 9.5480 0.0500 7.8200
v 9.5388 0.0500 7.8482
v 9.5148 0.0500 7.8657
v 9.4852 0.0500 7.8657
v 9.4612 0.0500 7.8482
v 9.4520 0.0500 7.8200
v 9.4612 0.0500 7.7918
v 9.4852 0.0500 7.7743
v 9.5148 0.0500 7.7743
v 9.5388 0.0500 7.7918
v 9.5480 0.1100 7.8200
v 9.5388 0.1100 7.8482
v 9.5148 0.1100 7.8657
v 9.4852 0.1100 7.8657
v 9.4612 0.1100 7.8482
v 9.4520 0.1100 7.8200
v 9.4612 0.1100 7.7918
v 9.4852 0.1100 7.7743
v 9.5148 0.1100 7.7743
v 9.5388 0.1100 7.7918
v 9.5320 0.1100 7.8200
v 9.5259 0.1100 7.8388
v 9.5099 0.1100 7.8504
v 9.4901 0.1100 7.8504
v 9.4741 0.1100 7.8388
v 9.4680 0.1100 7.8200
v 9.4741 0.1100 7.8012
v 9.4901 0.1100 7.7896
v 9.5099 0.1100 7.7896
v 9.5259 0.1100 7.8012
v 9.5320 0.4100 7.8200
v 9.5259 0.4100 7.8388
v 9.5099 0.4100 7.8504
v 9.4901 0.4100 7.8504
v 9.4741 0.4100 7.8388
v 9.4680 0.4100 7.8200
v 9.4741 0.4100 7.8012
v 9.4901 0.4100 7.7896
v 9.5099 0.4100 7.7896
v 9.5259 0.4100 7.8012
v 9.5550 0.4100 7.8200
v 9.5445 0.4100 7.8523
v 9.5170 0.4100 7.8723
v 9.4830 0.4100 7.8723
v 9.4555 0.4100 7.8523
v 9.4450 0.4100 7.8200
v 9.4555 0.4100 7.7877
v 9.4830 0.4100 7.7677
v 9.5170 0.4100 7.7677
v 9.5445 0.4100 7.7877
v 9.5550 0.4500 7.8200
v 9.5445 0.4500 7.8523
v 9.5170 0.4500 7.8723
v 9.4830 0.4500 7.8723
v 9.4555 0.4500 7.8523
v 9.4450 0.4500 7.8200
v 9.4555 0.4500 7.7877
v 9.4830 0.4500 7.7677
v 9.5170 0.4500 7.7677
v 9.5445 0.4500 7.7877
v 9.2650 0.4500 7.5850
v 9.7350 0.4500 7.5850
v 9.7350 0.4500 8.0350
v 9.2650 0.4500 8.0350
v 9.2650 0.5050 7.5850
v 9.7350 0.5050 7.5850
v 9.7350 0.5050 8.0350
v 9.2650 0.5050 8.0350
v 9.2850 0.4400 7.5750
v 9.7150 0.4400 7.5750
v 9.7150 0.4400 7.6850
v 9.2850 0.4400 7.6850
v 9.2850 0.4850 7.5750
v 9.7150 0.4850 7.5750
v 9.7150 0.4850 7.6850
v 9.2850 0.4850 7.6850
v 9.6890 0.5200 8.0060
v 9.7210 0.5200 8.0060
v 9.7210 0.5200 8.0440
v 9.6890 0.5200 8.0440
v 9.6890 0.6700 8.0060
v 9.7210 0.6700 8.0060
v 9.7210 0.6700 8.0440
v 9.6890 0.6700 8.0440
v 9.2790 0.5200 8.0060
v 9.3110 0.5200 8.0060
v 9.3110 0.5200 8.0440
v 9.2790 0.5200 8.0440
v 9.2790 0.6700 8.0060
v 9.3110 0.6700 8.0060
v 9.3110 0.6700 8.0440
v 9.2790 0.6700 8.0440
v 9.3100 0.5200 8.0170
v 9.6900 0.5200 8.0170
v 9.6900 0.5200 8.0330
v 9.3100 0.5200 8.0330
v 9.3100 0.6700 8.0170
v 9.6900 0.6700 8.0170
v 9.6900 0.6700 8.0330
v 9.3100 0.6700 8.0330
v 9.6890 0.6700 8.0230
v 9.7210 0.6700 8.0230
v 9.7210 0.6700 8.0610
v 9.6890 0.6700 8.0610
v 9.6890 0.8300 8.0230
v 9.7210 0.8300 8.0230
v 9.7210 0.8300 8.0610
v 9.6890 0.8300 8.0610
v 9.2790 0.6700 8.0230
v 9.3110 0.6700 8.0230
v 9.3110 0.6700 8.0610
v 9.2790 0.6700 8.0610
v 9.2790 0.8300 8.0230
v 9.3110 0.8300 8.0230
v 9.3110 0.8300 8.0610
v 9.2790 0.8300 8.0610
v 9.3100 0.6700 8.0340
v 9.6900 0.6700 8.0340
v 9.6900 0.6700 8.0500
v 9.3100 0.6700 8.0500
v 9.3100 0.8300 8.0340
v 9.6900 0.8300 8.0340
v 9.6900 0.8300 8.0500
v 9.3100 0.8300 8.0500
v 9.6890 0.8300 8.0430
v 9.7210 0.8300 8.0430
v 9.7210 0.8300 8.0810
v 9.6890 0.8300 8.0810
v 9.6890 0.9700 8.0430
v 9.7210 0.9700 8.0430
v 9.7210 0.9700 8.0810
v 9.6890 0.9700 8.0810
v 9.2790 0.8300 8.0430
v 9.3110 0.8300 8.0430
v 9.3110 0.8300 8.0810
v 9.2790 0.8300 8.0810
v 9.2790 0.9700 8.0430
v 9.3110 0.9700 8.0430
v 9.3110 0.9700 8.0810
v 9.2790 0.9700 8.0810
v 9.3100 0.8300 8.0540
v 9.6900 0.8300 8.0540
v 9.6900 0.8300 8.0700
v 9.3100 0.8300 8.0700
v 9.3100 0.9700 8.0540
v 9.6900 0.9700 8.0540
v 9.6900 0.9700 8.0700
v 9.3100 0.9700 8.0700
v 9.2800 0.9550 8.0440
v 9.7200 0.9550 8.0440
v 9.7200 0.9550 8.0860
v 9.2800 0.9550 8.0860
v 9.2800 0.9900 8.0440
v 9.7200 0.9900 8.0440
v 9.7200 0.9900 8.0860
v 9.2800 0.9900 8.0860
v 9.4450 0.5000 7.9850
v 9.5550 0.5000 7.9850
v 9.5550 0.5000 8.0350
v 9.4450 0.5000 8.0350
v 9.4450 0.5900 7.9850
v 9.5550 0.5900 7.9850
v 9.5550 0.5900 8.0350
v 9.4450 0.5900 8.0350
v 9.7325 0.5000 7.6900
v 9.7775 0.5000 7.6900
v 9.7775 0.5000 7.9900
v 9.7325 0.5000 7.9900
v 9.7325 0.6700 7.6900
v 9.7775 0.6700 7.6900
v 9.7775 0.6700 7.9900
v 9.7325 0.6700 7.9900
v 9.7275 0.6700 7.6900
v 9.7825 0.6700 7.6900
v 9.7825 0.6700 7.9500
v 9.7275 0.6700 7.9500
v 9.7275 0.7050 7.6900
v 9.7825 0.7050 7.6900
v 9.7825 0.7050 7.9500
v 9.7275 0.7050 7.9500
v 9.2225 0.5000 7.6900
v 9.2675 0.5000 7.6900
v 9.2675 0.5000 7.9900
v 9.2225 0.5000 7.9900
v 9.2225 0.6700 7.6900
v 9.2675 0.6700 7.6900
v 9.2675 0.6700 7.9900
v 9.2225 0.6700 7.9900
v 9.2175 0.6700 7.6900
v 9.2725 0.6700 7.6900
v 9.2725 0.6700 7.9500
v 9.2175 0.6700 7.9500
v 9.2175 0.7050 7.6900
v 9.2725 0.7050 7.6900
v 9.2725 0.7050 7.9500
v 9.2175 0.7050 7.9500
v 10.2720 0.0550 7.7920
v 10.3280 0.0550 7.7920
v 10.3280 0.0550 7.8480
v 10.2720 0.0550 7.8480
v 10.0380 0.0450 7.7980
v 10.0820 0.0450 7.7980
v 10.0820 0.0450 7.8420
v 10.0380 0.0450 7.8420
v 10.0920 0.0000 7.8200
v 10.0826 0.0000 7.8426
v 10.0600 0.0000 7.8520
v 10.0374 0.0000 7.8426
v 10.0280 0.0000 7.8200
v 10.0374 0.0000 7.7974
v 10.0600 0.0000 7.7880
v 10.0826 0.0000 7.7974
v 10.0920 0.0450 7.8200
v 10.0826 0.0450 7.8426
v 10.0600 0.0450 7.8520
v 10.0374 0.0450 7.8426
v 10.0280 0.0450 7.8200
v 10.0374 0.0450 7.7974
v 10.0600 0.0450 7.7880
v 10.0826 0.0450 7.7974
v 10.2720 0.0550 7.7920
v 10.3280 0.0550 7.7920
v 10.3280 0.0550 7.8480
v 10.2720 0.0550 7.8480
v 10.2038 0.0450 7.5697
v 10.2478 0.0450 7.5697
v 10.2478 0.0450 7.6137
v 10.2038 0.0450 7.6137
v 10.2578 0.0000 7.5917
v 10.2485 0.0000 7.6144
v 10.2258 0.0000 7.6237
v 10.2032 0.0000 7.6144
v 10.1938 0.0000 7.5917
v 10.2032 0.0000 7.5691
v 10.2258 0.0000 7.5597
v 10.2485 0.0000 7.5691
v 10.2578 0.0450 7.5917
v 10.2485 0.0450 7.6144
v 10.2258 0.0450 7.6237
v 10.2032 0.0450 7.6144
v 10.1938 0.0450 7.5917
v 10.2032 0.0450 7.5691
v 10.2258 0.0450 7.5597
v 10.2485 0.0450 7.5691
v 10.2720 0.0550 7.7920
v 10.3280 0.0550 7.7920
v 10.3280 0.0550 7.8480
v 10.2720 0.0550 7.8480
v 10.4722 0.0450 7.6569
v 10.5162 0.0450 7.6569
v 10.5162 0.0450 7.7009
v 10.4722 0.0450 7.7009
v 10.5262 0.0000 7.6789
v 10.5168 0.0000 7.7016
v 10.4942 0.0000 7.7109
v 10.4715 0.0000 7.7016
v 10.4622 0.0000 7.6789
v 10.4715 0.0000 7.6563
v 10.4942 0.0000 7.6469
v 10.5168 0.0000 7.6563
v 10.5262 0.0450 7.6789
v 10.5168 0.0450 7.7016
v 10.4942 0.0450 7.7109
v 10.4715 0.0450 7.7016
v 10.4622 0.0450 7.6789
v 10.4715 0.0450 7.6563
v 10.4942 0.0450 7.6469
v 10.5168 0.0450 7.6563
v 10.2720 0.0550 7.7920
v 10.3280 0.0550 7.7920
v 10.3280 0.0550 7.8480
v 10.2720 0.0550 7.8480
v 10.4722 0.0450 7.9391
v 10.5162 0.0450 7.9391
v 10.5162 0.0450 7.9831
v 10.4722 0.0450 7.9831
v 10.5262 0.0000 7.9611
v 10.5168 0.0000 7.9837
v 10.4942 0.0000 7.9931
v 10.4715 0.0000 7.9837
v 10.4622 0.0000 7.9611
v 10.4715 0.0000 7.9384
v 10.4942 0.0000 7.9291
v 10.5168 0.0000 7.9384
v 10.5262 0.0450 7.9611
v 10.5168 0.0450 7.9837
v 10.4942 0.0450 7.9931
v 10.4715 0.0450 7.9837
v 10.4622 0.0450 7.9611
v 10.4715 0.0450 7.9384
v 10.4942 0.0450 7.9291
v 10.5168 0.0450 7.9384
v 10.2720 0.0550 7.7920
v 10.3280 0.0550 7.7920
v 10.3280 0.0550 7.8480
v 10.2720 0.0550 7.8480
v 10.2038 0.0450 8.0263
v 10.2478 0.0450 8.0263
v 10.2478 0.0450 8.0703
v 10.2038 0.0450 8.0703
v 10.2578 0.0000 8.0483
v 10.2485 0.0000 8.0709
v 10.2258 0.0000 8.0803
v 10.2032 0.0000 8.0709
v 10.1938 0.0000 8.0483
v 10.2032 0.0000 8.0256
v 10.2258 0.0000 8.0163
v 10.2485 0.0000 8.0256
v 10.2578 0.0450 8.0483
v 10.2485 0.0450 8.0709
v 10.2258 0.0450 8.0803
v 10.2032 0.0450 8.0709
v 10.1938 0.0450 8.0483
v 10.2032 0.0450 8.0256
v 10.2258 0.0450 8.0163
v 10.2485 0.0450 8.0256
v 10.3480 0.0500 7.8200
v 10.3388 0.0500 7.8482
v 10.3148 0.0500 7.8657
v 10.2852 0.0500 7.8657
v 10.2612 0.0500 7.8482
v 10.2520 0.0500 7.8200
v 10.2612 0.0500 7.7918
v 10.2852 0.0500 7.7743
v 10.3148 0.0500 7.7743
v 10.3388 0.0500 7.7918
v 10.3480 0.1100 7.8200
v 10.3388 0.1100 7.8482
v 10.3148 0.1100 7.8657
v 10.2852 0.1100 7.8657
v 10.2612 0.1100 7.8482
v 10.2520 0.1100 7.8200
v 10.2612 0.1100 7.7918
v 10.2852 0.1100 7.7743
v 10.3148 0.1100 7.7743
v 10.3388 0.1100 7.7918
v 10.3320 0.1100 7.8200
v 10.3259 0.1100 7.8388
v 10.3099 0.1100 7.8504
v 10.2901 0.1100 7.8504
v 10.2741 0.1100 7.8388
v 10.2680 0.1100 7.8200
v 10.2741 0.1100 7.8012
v 10.2901 0.1100 7.7896
v 10.3099 0.1100 7.7896
v 10.3259 0.1100 7.8012
v 10.3320 0.4100 7.8200
v 10.3259 0.4100 7.8388
v 10.3099 0.4100 7.8504
v 10.2901 0.4100 7.8504
v 10.2741 0.4100 7.8388
v 10.2680 0.4100 7.8200
v 10.2741 0.4100 7.8012
v 10.2901 0.4100 7.7896
v 10.3099 0.4100 7.7896
v 10.3259 0.4100 7.8012
v 10.3550 0.4100 7.8200
v 10.3445 0.4100 7.8523
v 10.3170 0.4100 7.8723
v 10.2830 0.4100 7.8723
v 10.2555 0.4100 7.8523
v 10.2450 0.4100 7.8200
v 10.2555 0.4100 7.7877
v 10.2830 0.4100 7.7677
v 10.3170 0.4100 7.7677
v 10.3445 0.4100 7.7877
v 10.3550 0.4500 7.8200
v 10.3445 0.4500 7.8523
v 10.3170 0.4500 7.8723
v 10.2830 0.4500 7.8723
v 10.2555 0.4500 7.8523
v 10.2450 0.4500 7.8200
v 10.2555 0.4500 7.7877
v 10.2830 0.4500 7.7677
v 10.3170 0.4500 7.7677
v 10.3445 0.4500 7.7877
v 10.0650 0.4500 7.5850
v 10.5350 0.4500 7.5850
v 10.5350 0.4500 8.0350
v 10.0650 0.4500 8.0350
v 10.0650 0.5050 7.5850
v 10.5350 0.5050 7.5850
v 10.5350 0.5050 8.0350
v 10.0650 0.5050 8.0350
v 10.0850 0.4400 7.5750
v 10.5150 0.4400 7.5750
v 10.5150 0.4400 7.6850
v 10.0850 0.4400 7.6850
v 10.0850 0.4850 7.5750
v 10.5150 0.4850 7.5750
v 10.5150 0.4850 7.6850
v 10.0850 0.4850 7.6850
v 10.4890 0.5200 8.0060
v 10.5210 0.5200 8.0060
v 10.5210 0.5200 8.0440
v 10.4890 0.5200 8.0440
v 10.4890 0.6700 8.0060
v 10.5210 0.6700 8.0060
v 10.5210 0.6700 8.0440
v 10.4890 0.6700 8.0440
v 10.0790 0.5200 8.0060
v 10.1110 0.5200 8.0060
v 10.1110 0.5200 8.0440
v 10.0790 0.5200 8.0440
v 10.0790 0.6700 8.0060
v 10.1110 0.6700 8.0060
v 10.1110 0.6700 8.0440
v 10.0790 0.6700 8.0440
v 10.1100 0.5200 8.0170
v 10.4900 0.5200 8.0170
v 10.4900 0.5200 8.0330
v 10.1100 0.5200 8.0330
v 10.1100 0.6700 8.0170
v 10.4900 0.6700 8.0170
v 10.4900 0.6700 8.0330
v 10.1100 0.6700 8.0330
v 10.4890 0.6700 8.0230
v 10.5210 0.6700 8.0230
v 10.5210 0.6700 8.0610
v 10.4890 0.6700 8.0610
v 10.4890 0.8300 8.0230
v 10.5210 0.8300 8.0230
v 10.5210 0.8300 8.0610
v 10.4890 0.8300 8.0610
v 10.0790 0.6700 8.0230
v 10.1110 0.6700 8.0230
v 10.1110 0.6700 8.0610
v 10.0790 0.6700 8.0610
v 10.0790 0.8300 8.0230
v 10.1110 0.8300 8.0230
v 10.1110 0.8300 8.0610
v 10.0790 0.8300 8.0610
v 10.1100 0.6700 8.0340
v 10.4900 0.6700 8.0340
v 10.4900 0.6700 8.0500
v 10.1100 0.6700 8.0500
v 10.1100 0.8300 8.0340
v 10.4900 0.8300 8.0340
v 10.4900 0.8300 8.0500
v 10.1100 0.8300 8.0500
v 10.4890 0.8300 8.0430
v 10.5210 0.8300 8.0430
v 10.5210 0.8300 8.0810
v 10.4890 0.8300 8.0810
v 10.4890 0.9700 8.0430
v 10.5210 0.9700 8.0430
v 10.5210 0.9700 8.0810
v 10.4890 0.9700 8.0810
v 10.0790 0.8300 8.0430
v 10.1110 0.8300 8.0430
v 10.1110 0.8300 8.0810
v 10.0790 0.8300 8.0810
v 10.0790 0.9700 8.0430
v 10.1110 0.9700 8.0430
v 10.1110 0.9700 8.0810
v 10.0790 0.9700 8.0810
v 10.1100 0.8300 8.0540
v 10.4900 0.8300 8.0540
v 10.4900 0.8300 8.0700
v 10.1100 0.8300 8.0700
v 10.1100 0.9700 8.0540
v 10.4900 0.9700 8.0540
v 10.4900 0.9700 8.0700
v 10.1100 0.9700 8.0700
v 10.0800 0.9550 8.0440
v 10.5200 0.9550 8.0440
v 10.5200 0.9550 8.0860
v 10.0800 0.9550 8.0860
v 10.0800 0.9900 8.0440
v 10.5200 0.9900 8.0440
v 10.5200 0.9900 8.0860
v 10.0800 0.9900 8.0860
v 10.2450 0.5000 7.9850
v 10.3550 0.5000 7.9850
v 10.3550 0.5000 8.0350
v 10.2450 0.5000 8.0350
v 10.2450 0.5900 7.9850
v 10.3550 0.5900 7.9850
v 10.3550 0.5900 8.0350
v 10.2450 0.5900 8.0350
v 10.5325 0.5000 7.6900
v 10.5775 0.5000 7.6900
v 10.5775 0.5000 7.9900
v 10.5325 0.5000 7.9900
v 10.5325 0.6700 7.6900
v 10.5775 0.6700 7.6900
v 10.5775 0.6700 7.9900
v 10.5325 0.6700 7.9900
v 10.5275 0.6700 7.6900
v 10.5825 0.6700 7.6900
v 10.5825 0.6700 7.9500
v 10.5275 0.6700 7.9500
v 10.5275 0.7050 7.6900
v 10.5825 0.7050 7.6900
v 10.5825 0.7050 7.9500
v 10.5275 0.7050 7.9500
v 10.0225 0.5000 7.6900
v 10.0675 0.5000 7.6900
v 10.0675 0.5000 7.9900
v 10.0225 0.5000 7.9900
v 10.0225 0.6700 7.6900
v 10.0675 0.6700 7.6900
v 10.0675 0.6700 7.9900
v 10.0225 0.6700 7.9900
v 10.0175 0.6700 7.6900
v 10.0725 0.6700 7.6900
v 10.0725 0.6700 7.9500
v 10.0175 0.6700 7.9500
v 10.0175 0.7050 7.6900
v 10.0725 0.7050 7.6900
v 10.0725 0.7050 7.9500
v 10.0175 0.7050 7.9500
v 9.9100 0.7100 2.6500
v 13.7100 0.7100 2.6500
v 13.7100 0.7100 3.8500
v 9.9100 0.7100 3.8500
v 9.9100 0.7500 2.6500
v 13.7100 0.7500 2.6500
v 13.7100 0.7500 3.8500
v 9.9100 0.7500 3.8500
v 9.9750 0.0000 2.7150
v 10.0250 0.0000 2.7150
v 10.0250 0.0000 2.7650
v 9.9750 0.0000 2.7650
v 9.9750 0.7100 2.7150
v 10.0250 0.7100 2.7150
v 10.0250 0.7100 2.7650
v 9.9750 0.7100 2.7650
v 13.5950 0.0000 2.7150
v 13.6450 0.0000 2.7150
v 13.6450 0.0000 2.7650
v 13.5950 0.0000 2.7650
v 13.5950 0.7100 2.7150
v 13.6450 0.7100 2.7150
v 13.6450 0.7100 2.7650
v 13.5950 0.7100 2.7650
v 9.9750 0.0000 3.7350
v 10.0250 0.0000 3.7350
v 10.0250 0.0000 3.7850
v 9.9750 0.0000 3.7850
v 9.9750 0.7100 3.7350
v 10.0250 0.7100 3.7350
v 10.0250 0.7100 3.7850
v 9.9750 0.7100 3.7850
v 13.5950 0.0000 3.7350
v 13.6450 0.0000 3.7350
v 13.6450 0.0000 3.7850
v 13.5950 0.0000 3.7850
v 13.5950 0.7100 3.7350
v 13.6450 0.7100 3.7350
v 13.6450 0.7100 3.7850
v 13.5950 0.7100 3.7850
v 10.3570 0.0550 2.2020
v 10.4130 0.0550 2.2020
v 10.4130 0.0550 2.2580
v 10.3570 0.0550 2.2580
v 10.6030 0.0450 2.2080
v 10.6470 0.0450 2.2080
v 10.6470 0.0450 2.2520
v 10.6030 0.0450 2.2520
v 10.6570 0.0000 2.2300
v 10.6476 0.0000 2.2526
v 10.6250 0.0000 2.2620
v 10.6024 0.0000 2.2526
v 10.5930 0.0000 2.2300
v 10.6024 0.0000 2.2074
v 10.6250 0.0000 2.1980
v 10.6476 0.0000 2.2074
v 10.6570 0.0450 2.2300
v 10.6476 0.0450 2.2526
v 10.6250 0.0450 2.2620
v 10.6024 0.0450 2.2526
v 10.5930 0.0450 2.2300
v 10.6024 0.0450 2.2074
v 10.6250 0.0450 2.1980
v 10.6476 0.0450 2.2074
v 10.3570 0.0550 2.2020
v 10.4130 0.0550 2.2020
v 10.4130 0.0550 2.2580
v 10.3570 0.0550 2.2580
v 10.4372 0.0450 2.4363
v 10.4812 0.0450 2.4363
v 10.4812 0.0450 2.4803
v 10.4372 0.0450 2.4803
v 10.4912 0.0000 2.4583
v 10.4818 0.0000 2.4809
v 10.4592 0.0000 2.4903
v 10.4365 0.0000 2.4809
v 10.4272 0.0000 2.4583
v 10.4365 0.0000 2.4356
v 10.4592 0.0000 2.4263
v 10.4818 0.0000 2.4356
v 10.4912 0.0450 2.4583
v 10.4818 0.0450 2.4809
v 10.4592 0.0450 2.4903
v 10.4365 0.0450 2.4809
v 10.4272 0.0450 2.4583
v 10.4365 0.0450 2.4356
v 10.4592 0.0450 2.4263
v 10.4818 0.0450 2.4356
v 10.3570 0.0550 2.2020
v 10.4130 0.0550 2.2020
v 10.4130 0.0550 2.2580
v 10.3570 0.0550 2.2580
v 10.1688 0.0450 2.3491
v 10.2128 0.0450 2.3491
v 10.2128 0.0450 2.3931
v 10.1688 0.0450 2.3931
v 10.2228 0.0000 2.3711
v 10.2135 0.0000 2.3937
v 10.1908 0.0000 2.4031
v 10.1682 0.0000 2.3937
v 10.1588 0.0000 2.3711
v 10.1682 0.0000 2.3484
v 10.1908 0.0000 2.3391
v 10.2135 0.0000 2.3484
v 10.2228 0.0450 2.3711
v 10.2135 0.0450 2.3937
v 10.1908 0.0450 2.4031
v 10.1682 0.0450 2.3937
v 10.1588 0.0450 2.3711
v 10.1682 0.0450 2.3484
v 10.1908 0.0450 2.3391
v 10.2135 0.0450 2.3484
v 10.3570 0.0550 2.2020
v 10.4130 0.0550 2.2020
v 10.4130 0.0550 2.2580
v 10.3570 0.0550 2.2580
v 10.1688 0.0450 2.0669
v 10.2128 0.0450 2.0669
v 10.2128 0.0450 2.1109
v 10.1688 0.0450 2.1109
v 10.2228 0.0000 2.0889
v 10.2135 0.0000 2.1116
v 10.1908 0.0000 2.1209
v 10.1682 0.0000 2.1116
v 10.1588 0.0000 2.0889
v 10.1682 0.0000 2.0663
v 10.1908 0.0000 2.0569
v 10.2135 0.0000 2.0663
v 10.2228 0.0450 2.0889
v 10.2135 0.0450 2.1116
v 10.1908 0.0450 2.1209
v 10.1682 0.0450 2.1116
v 10.1588 0.0450 2.0889
v 10.1682 0.0450 2.0663
v 10.1908 0.0450 2.0569
v 10.2135 0.0450 2.0663
v 10.3570 0.0550 2.2020
v 10.4130 0.0550 2.2020
v 10.4130 0.0550 2.2580
v 10.3570 0.0550 2.2580
v 10.4372 0.0450 1.9797
v 10.4812 0.0450 1.9797
v 10.4812 0.0450 2.0237
v 10.4372 0.0450 2.0237
v 10.4912 0.0000 2.0017
v 10.4818 0.0000 2.0244
v 10.4592 0.0000 2.0337
v 10.4365 0.0000 2.0244
v 10.4272 0.0000 2.0017
v 10.4365 0.0000 1.9791
v 10.4592 0.0000 1.9697
v 10.4818 0.0000 1.9791
v 10.4912 0.0450 2.0017
v 10.4818 0.0450 2.0244
v 10.4592 0.0450 2.0337
v 10.4365 0.0450 2.0244
v 10.4272 0.0450 2.0017
v 10.4365 0.0450 1.9791
v 10.4592 0.0450 1.9697
v 10.4818 0.0450 1.9791
v 10.4330 0.0500 2.2300
v 10.4238 0.0500 2.2582
v 10.3998 0.0500 2.2757
v 10.3702 0.0500 2.2757
v 10.3462 0.0500 2.2582
v 10.3370 0.0500 2.2300
v 10.3462 0.0500 2.2018
v 10.3702 0.0500 2.1843
v 10.3998 0.0500 2.1843
v 10.4238 0.0500 2.2018
v 10.4330 0.1100 2.2300
v 10.4238 0.1100 2.2582
v 10.3998 0.1100 2.2757
v 10.3702 0.1100 2.2757
v 10.3462 0.1100 2.2582
v 10.3370 0.1100 2.2300
v 10.3462 0.1100 2.2018
v 10.3702 0.1100 2.1843
v 10.3998 0.1100 2.1843
v 10.4238 0.1100 2.2018
v 10.4170 0.1100 2.2300
v 10.4109 0.1100 2.2488
v 10.3949 0.1100 2.2604
v 10.3751 0.1100 2.2604
v 10.3591 0.1100 2.2488
v 10.3530 0.1100 2.2300
v 10.3591 0.1100 2.2112
v 10.3751 0.1100 2.1996
v 10.3949 0.1100 2.1996
v 10.4109 0.1100 2.2112
v 10.4170 0.4100 2.2300
v 10.4109 0.4100 2.2488
v 10.3949 0.4100 2.2604
v 10.3751 0.4100 2.2604
v 10.3591 0.4100 2.2488
v 10.3530 0.4100 2.2300
v 10.3591 0.4100 2.2112
v 10.3751 0.4100 2.1996
v 10.3949 0.4100 2.1996
v 10.4109 0.4100 2.2112
v 10.4400 0.4100 2.2300
v 10.4295 0.4100 2.2623
v 10.4020 0.4100 2.2823
v 10.3680 0.4100 2.2823
v 10.3405 0.4100 2.2623
v 10.3300 0.4100 2.2300
v 10.3405 0.4100 2.1977
v 10.3680 0.4100 2.1777
v 10.4020 0.4100 2.1777
v 10.4295 0.4100 2.1977
v 10.4400 0.4500 2.2300
v 10.4295 0.4500 2.2623
v 10.4020 0.4500 2.2823
v 10.3680 0.4500 2.2823
v 10.3405 0.4500 2.2623
v 10.3300 0.4500 2.2300
v 10.3405 0.4500 2.1977
v 10.3680 0.4500 2.1777
v 10.4020 0.4500 2.1777
v 10.4295 0.4500 2.1977
v 10.1500 0.4500 2.0150
v 10.6200 0.4500 2.0150
v 10.6200 0.4500 2.4650
v 10.1500 0.4500 2.4650
v 10.1500 0.5050 2.0150
v 10.6200 0.5050 2.0150
v 10.6200 0.5050 2.4650
v 10.1500 0.5050 2.4650
v 10.1700 0.4400 2.3650
v 10.6000 0.4400 2.3650
v 10.6000 0.4400 2.4750
v 10.1700 0.4400 2.4750
v 10.1700 0.4850 2.3650
v 10.6000 0.4850 2.3650
v 10.6000 0.4850 2.4750
v 10.1700 0.4850 2.4750
v 10.1640 0.5200 2.0060
v 10.1960 0.5200 2.0060
v 10.1960 0.5200 2.0440
v 10.1640 0.5200 2.0440
v 10.1640 0.6700 2.0060
v 10.1960 0.6700 2.0060
v 10.1960 0.6700 2.0440
v 10.1640 0.6700 2.0440
v 10.5740 0.5200 2.0060
v 10.6060 0.5200 2.0060
v 10.6060 0.5200 2.0440
v 10.5740 0.5200 2.0440
v 10.5740 0.6700 2.0060
v 10.6060 0.6700 2.0060
v 10.6060 0.6700 2.0440
v 10.5740 0.6700 2.0440
v 10.1950 0.5200 2.0170
v 10.5750 0.5200 2.0170
v 10.5750 0.5200 2.0330
v 10.1950 0.5200 2.0330
v 10.1950 0.6700 2.0170
v 10.5750 0.6700 2.0170
v 10.5750 0.6700 2.0330
v 10.1950 0.6700 2.0330
v 10.1640 0.6700 1.9890
v 10.1960 0.6700 1.9890
v 10.1960 0.6700 2.0270
v 10.1640 0.6700 2.0270
v 10.1640 0.8300 1.9890
v 10.1960 0.8300 1.9890
v 10.1960 0.8300 2.0270
v 10.1640 0.8300 2.0270
v 10.5740 0.6700 1.9890
v 10.6060 0.6700 1.9890
v 10.6060 0.6700 2.0270
v 10.5740 0.6700 2.0270
v 10.5740 0.8300 1.9890
v 10.6060 0.8300 1.9890
v 10.6060 0.8300 2.0270
v 10.5740 0.8300 2.0270
v 10.1950 0.6700 2.0000
v 10.5750 0.6700 2.0000
v 10.5750 0.6700 2.0160
v 10.1950 0.6700 2.0160
v 10.1950 0.8300 2.0000
v 10.5750 0.8300 2.0000
v 10.5750 0.8300 2.0160
v 10.1950 0.8300 2.0160
v 10.1640 0.8300 1.9690
v 10.1960 0.8300 1.9690
v 10.1960 0.8300 2.0070
v 10.1640 0.8300 2.0070
v 10.1640 0.9700 1.9690
v 10.1960 0.9700 1.9690
v 10.1960 0.9700 2.0070
v 10.1640 0.9700 2.0070
v 10.5740 0.8300 1.9690
v 10.6060 0.8300 1.9690
v 10.6060 0.8300 2.0070
v 10.5740 0.8300 2.0070
v 10.5740 0.9700 1.9690
v 10.6060 0.9700 1.9690
v 10.6060 0.9700 2.0070
v 10.5740 0.9700 2.0070
v 10.1950 0.8300 1.9800
v 10.5750 0.8300 1.9800
v 10.5750 0.8300 1.9960
v 10.1950 0.8300 1.9960
v 10.1950 0.9700 1.9800
v 10.5750 0.9700 1.9800
v 10.5750 0.9700 1.9960
v 10.1950 0.9700 1.9960
v 10.1650 0.9550 1.9640
v 10.6050 0.9550 1.9640
v 10.6050 0.9550 2.0060
v 10.1650 0.9550 2.0060
v 10.1650 0.9900 1.9640
v 10.6050 0.9900 1.9640
v 10.6050 0.9900 2.0060
v 10.1650 0.9900 2.0060
v 10.3300 0.5000 2.0150
v 10.4400 0.5000 2.0150
v 10.4400 0.5000 2.0650
v 10.3300 0.5000 2.0650
v 10.3300 0.5900 2.0150
v 10.4400 0.5900 2.0150
v 10.4400 0.5900 2.0650
v 10.3300 0.5900 2.0650
v 10.1075 0.5000 2.0600
v 10.1525 0.5000 2.0600
v 10.1525 0.5000 2.3600
v 10.1075 0.5000 2.3600
v 10.1075 0.6700 2.0600
v 10.1525 0.6700 2.0600
v 10.1525 0.6700 2.3600
v 10.1075 0.6700 2.3600
v 10.1025 0.6700 2.1000
v 10.1575 0.6700 2.1000
v 10.1575 0.6700 2.3600
v 10.1025 0.6700 2.3600
v 10.1025 0.7050 2.1000
v 10.1575 0.7050 2.1000
v 10.1575 0.7050 2.3600
v 10.1025 0.7050 2.3600
v 10.6175 0.5000 2.0600
v 10.6625 0.5000 2.0600
v 10.6625 0.5000 2.3600
v 10.6175 0.5000 2.3600
v 10.6175 0.6700 2.0600
v 10.6625 0.6700 2.0600
v 10.6625 0.6700 2.3600
v 10.6175 0.6700 2.3600
v 10.6125 0.6700 2.1000
v 10.6675 0.6700 2.1000
v 10.6675 0.6700 2.3600
v 10.6125 0.6700 2.3600
v 10.6125 0.7050 2.1000
v 10.6675 0.7050 2.1000
v 10.6675 0.7050 2.3600
v 10.6125 0.7050 2.3600
v 10.3570 0.0550 4.2420
v 10.4130 0.0550 4.2420
v 10.4130 0.0550 4.2980
v 10.3570 0.0550 4.2980
v 10.1230 0.0450 4.2480
v 10.1670 0.0450 4.2480
v 10.1670 0.0450 4.2920
v 10.1230 0.0450 4.2920
v 10.1770 0.0000 4.2700
v 10.1676 0.0000 4.2926
v 10.1450 0.0000 4.3020
v 10.1224 0.0000 4.2926
v 10.1130 0.0000 4.2700
v 10.1224 0.0000 4.2474
v 10.1450 0.0000 4.2380
v 10.1676 0.0000 4.2474
v 10.1770 0.0450 4.2700
v 10.1676 0.0450 4.2926
v 10.1450 0.0450 4.3020
v 10.1224 0.0450 4.2926
v 10.1130 0.0450 4.2700
v 10.1224 0.0450 4.2474
v 10.1450 0.0450 4.2380
v 10.1676 0.0450 4.2474
v 10.3570 0.0550 4.2420
v 10.4130 0.0550 4.2420
v 10.4130 0.0550 4.2980
v 10.3570 0.0550 4.2980
v 10.2888 0.0450 4.0197
v 10.3328 0.0450 4.0197
v 10.3328 0.0450 4.0637
v 10.2888 0.0450 4.0637
v 10.3428 0.0000 4.0417
v 10.3335 0.0000 4.0644
v 10.3108 0.0000 4.0737
v 10.2882 0.0000 4.0644
v 10.2788 0.0000 4.0417
v 10.2882 0.0000 4.0191
v 10.3108 0.0000 4.0097
v 10.3335 0.0000 4.0191
v 10.3428 0.0450 4.0417
v 10.3335 0.0450 4.0644
v 10.3108 0.0450 4.0737
v 10.2882 0.0450 4.0644
v 10.2788 0.0450 4.0417
v 10.2882 0.0450 4.0191
v 10.3108 0.0450 4.0097
v 10.3335 0.0450 4.0191
v 10.3570 0.0550 4.2420
v 10.4130 0.0550 4.2420
v 10.4130 0.0550 4.2980
v 10.3570 0.0550 4.2980
v 10.5572 0.0450 4.1069
v 10.6012 0.0450 4.1069
v 10.6012 0.0450 4.1509
v 10.5572 0.0450 4.1509
v 10.6112 0.0000 4.1289
v 10.6018 0.0000 4.1516
v 10.5792 0.0000 4.1609
v 10.5565 0.0000 4.1516
v 10.5472 0.0000 4.1289
v 10.5565 0.0000 4.1063
v 10.5792 0.0000 4.0969
v 10.6018 0.0000 4.1063
v 10.6112 0.0450 4.1289
v 10.6018 0.0450 4.1516
v 10.5792 0.0450 4.1609
v 10.5565 0.0450 4.1516
v 10.5472 0.0450 4.1289
v 10.5565 0.0450 4.1063
v 10.5792 0.0450 4.0969
v 10.6018 0.0450 4.1063
v 10.3570 0.0550 4.2420
v 10.4130 0.0550 4.2420
v 10.4130 0.0550 4.2980
v 10.3570 0.0550 4.2980
v 10.5572 0.0450 4.3891
v 10.6012 0.0450 4.3891
v 10.6012 0.0450 4.4331
v 10.5572 0.0450 4.4331
v 10.6112 0.0000 4.4111
v 10.6018 0.0000 4.4337
v 10.5792 0.0000 4.4431
v 10.5565 0.0000 4.4337
v 10.5472 0.0000 4.4111
v 10.5565 0.0000 4.3884
v 10.5792 0.0000 4.3791
v 10.6018 0.0000 4.3884
v 10.6112 0.0450 4.4111
v 10.6018 0.0450 4.4337
v 10.5792 0.0450 4.4431
v 10.5565 0.0450 4.4337
v 10.5472 0.0450 4.4111
v 10.5565 0.0450 4.3884
v 10.5792 0.0450 4.3791
v 10.6018 0.0450 4.3884
v 10.3570 0.0550 4.2420
v 10.4130 0.0550 4.2420
v 10.4130 0.0550 4.2980
v 10.3570 0.0550 4.2980
v 10.2888 0.0450 4.4763
v 10.3328 0.0450 4.4763
v 10.3328 0.0450 4.5203
v 10.2888 0.0450 4.5203
v 10.3428 0.0000 4.4983
v 10.3335 0.0000 4.5209
v 10.3108 0.0000 4.5303
v 10.2882 0.0000 4.5209
v 10.2788 0.0000 4.4983
v 10.2882 0.0000 4.4756
v 10.3108 0.0000 4.4663
v 10.3335 0.0000 4.4756
v 10.3428 0.0450 4.4983
v 10.3335 0.0450 4.5209
v 10.3108 0.0450 4.5303
v 10.2882 0.0450 4.5209
v 10.2788 0.0450 4.4983
v 10.2882 0.0450 4.4756
v 10.3108 0.0450 4.4663
v 10.3335 0.0450 4.4756
v 10.4330 0.0500 4.2700
v 10.4238 0.0500 4.2982
v 10.3998 0.0500 4.3157
v 10.3702 0.0500 4.3157
v 10.3462 0.0500 4.2982
v 10.3370 0.0500 4.2700
v 10.3462 0.0500 4.2418
v 10.3702 0.0500 4.2243
v 10.3998 0.0500 4.2243
v 10.4238 0.0500 4.2418
v 10.4330 0.1100 4.2700
v 10.4238 0.1100 4.2982
v 10.3998 0.1100 4.3157
v 10.3702 0.1100 4.3157
v 10.3462 0.1100 4.2982
v 10.3370 0.1100 4.2700
v 10.3462 0.1100 4.2418
v 10.3702 0.1100 4.2243
v 10.3998 0.1100 4.2243
v 10.4238 0.1100 4.2418
v 10.4170 0.1100 4.2700
v 10.4109 0.1100 4.2888
v 10.3949 0.1100 4.3004
v 10.3751 0.1100 4.3004
v 10.3591 0.1100 4.2888
v 10.3530 0.1100 4.2700
v 10.3591 0.1100 4.2512
v 10.3751 0.1100 4.2396
v 10.3949 0.1100 4.2396
v 10.4109 0.1100 4.2512
v 10.4170 0.4100 4.2700
v 10.4109 0.4100 4.2888
v 10.3949 0.4100 4.3004
v 10.3751 0.4100 4.3004
v 10.3591 0.4100 4.2888
v 10.3530 0.4100 4.2700
v 10.3591 0.4100 4.2512
v 10.3751 0.4100 4.2396
v 10.3949 0.4100 4.2396
v 10.4109 0.4100 4.2512
v 10.4400 0.4100 4.2700
v 10.4295 0.4100 4.3023
v 10.4020 0.4100 4.3223
v 10.3680 0.4100 4.3223
v 10.3405 0.4100 4.3023
v 10.3300 0.4100 4.2700
v 10.3405 0.4100 4.2377
v 10.3680 0.4100 4.2177
v 10.4020 0.4100 4.2177
v 10.4295 0.4100 4.2377
v 10.4400 0.4500 4.2700
v 10.4295 0.4500 4.3023
v 10.4020 0.4500 4.3223
v 10.3680 0.4500 4.3223
v 10.3405 0.4500 4.3023
v 10.3300 0.4500 4.2700
v 10.3405 0.4500 4.2377
v 10.3680 0.4500 4.2177
v 10.4020 0.4500 4.2177
v 10.4295 0.4500 4.2377
v 10.1500 0.4500 4.0350
v 10.6200 0.4500 4.0350
v 10.6200 0.4500 4.4850
v 10.1500 0.4500 4.4850
v 10.1500 0.5050 4.0350
v 10.6200 0.5050 4.0350
v 10.6200 0.5050 4.4850
v 10.1500 0.5050 4.4850
v 10.1700 0.4400 4.0250
v 10.6000 0.4400 4.0250
v 10.6000 0.4400 4.1350
v 10.1700 0.4400 4.1350
v 10.1700 0.4850 4.0250
v 10.6000 0.4850 4.0250
v 10.6000 0.4850 4.1350
v 10.1700 0.4850 4.1350
v 10.5740 0.5200 4.4560
v 10.6060 0.5200 4.4560
v 10.6060 0.5200 4.4940
v 10.5740 0.5200 4.4940
v 10.5740 0.6700 4.4560
v 10.6060 0.6700 4.4560
v 10.6060 0.6700 4.4940
v 10.5740 0.6700 4.4940
v 10.1640 0.5200 4.4560
v 10.1960 0.5200 4.4560
v 10.1960 0.5200 4.4940
v 10.1640 0.5200 4.4940
v 10.1640 0.6700 4.4560
v 10.1960 0.6700 4.4560
v 10.1960 0.6700 4.4940
v 10.1640 0.6700 4.4940
v 10.1950 0.5200 4.4670
v 10.5750 0.5200 4.4670
v 10.5750 0.5200 4.4830
v 10.1950 0.5200 4.4830
v 10.1950 0.6700 4.4670
v 10.5750 0.6700 4.4670
v 10.5750 0.6700 4.4830
v 10.1950 0.6700 4.4830
v 10.5740 0.6700 4.4730
v 10.6060 0.6700 4.4730
v 10.6060 0.6700 4.5110
v 10.5740 0.6700 4.5110
v 10.5740 0.8300 4.4730
v 10.6060 0.8300 4.4730
v 10.6060 0.8300 4.5110
v 10.5740 0.8300 4.5110
v 10.1640 0.6700 4.4730
v 10.1960 0.6700 4.4730
v 10.1960 0.6700 4.5110
v 10.1640 0.6700 4.5110
v 10.1640 0.8300 4.4730
v 10.1960 0.8300 4.4730
v 10.1960 0.8300 4.5110
v 10.1640 0.8300 4.5110
v 10.1950 0.6700 4.4840
v 10.5750 0.6700 4.4840
v 10.5750 0.6700 4.5000
v 10.1950 0.6700 4.5000
v 10.1950 0.8300 4.4840
v 10.5750 0.8300 4.4840
v 10.5750 0.8300 4.5000
v 10.1950 0.8300 4.5000
v 10.5740 0.8300 4.4930
v 10.6060 0.8300 4.4930
v 10.6060 0.8300 4.5310
v 10.5740 0.8300 4.5310
v 10.5740 0.9700 4.4930
v 10.6060 0.9700 4.4930
v 10.6060 0.9700 4.5310
v 10.5740 0.9700 4.5310
v 10.1640 0.8300 4.4930
v 10.1960 0.8300 4.4930
v 10.1960 0.8300 4.5310
v 10.1640 0.8300 4.5310
v 10.1640 0.9700 4.4930
v 10.1960 0.9700 4.4930
v 10.1960 0.9700 4.5310
v 10.1640 0.9700 4.5310
v 10.1950 0.8300 4.5040
v 10.5750 0.8300 4.5040
v 10.5750 0.8300 4.5200
v 10.1950 0.8300 4.5200
v 10.1950 0.9700 4.5040
v 10.5750 0.9700 4.5040
v 10.5750 0.9700 4.5200
v 10.1950 0.9700 4.5200
v 10.1650 0.9550 4.4940
v 10.6050 0.9550 4.4940
v 10.6050 0.9550 4.5360
v 10.1650 0.9550 4.5360
v 10.1650 0.9900 4.4940
v 10.6050 0.9900 4.4940
v 10.6050 0.9900 4.5360
v 10.1650 0.9900 4.5360
v 10.3300 0.5000 4.4350
v 10.4400 0.5000 4.4350
v 10.4400 0.5000 4.4850
v 10.3300 0.5000 4.4850
v 10.3300 0.5900 4.4350
v 10.4400 0.5900 4.4350
v 10.4400 0.5900 4.4850
v 10.3300 0.5900 4.4850
v 10.6175 0.5000 4.1400
v 10.6625 0.5000 4.1400
v 10.6625 0.5000 4.4400
v 10.6175 0.5000 4.4400
v 10.6175 0.6700 4.1400
v 10.6625 0.6700 4.1400
v 10.6625 0.6700 4.4400
v 10.6175 0.6700 4.4400
v 10.6125 0.6700 4.1400
v 10.6675 0.6700 4.1400
v 10.6675 0.6700 4.4000
v 10.6125 0.6700 4.4000
v 10.6125 0.7050 4.1400
v 10.6675 0.7050 4.1400
v 10.6675 0.7050 4.4000
v 10.6125 0.7050 4.4000
v 10.1075 0.5000 4.1400
v 10.1525 0.5000 4.1400
v 10.1525 0.5000 4.4400
v 10.1075 0.5000 4.4400
v 10.1075 0.6700 4.1400
v 10.1525 0.6700 4.1400
v 10.1525 0.6700 4.4400
v 10.1075 0.6700 4.4400
v 10.1025 0.6700 4.1400
v 10.1575 0.6700 4.1400
v 10.1575 0.6700 4.4000
v 10.1025 0.6700 4.4000
v 10.1025 0.7050 4.1400
v 10.1575 0.7050 4.1400
v 10.1575 0.7050 4.4000
v 10.1025 0.7050 4.4000
v 11.3070 0.0550 2.2020
v 11.3630 0.0550 2.2020
v 11.3630 0.0550 2.2580
v 11.3070 0.0550 2.2580
v 11.5530 0.0450 2.2080
v 11.5970 0.0450 2.2080
v 11.5970 0.0450 2.2520
v 11.5530 0.0450 2.2520
v 11.6070 0.0000 2.2300
v 11.5976 0.0000 2.2526
v 11.5750 0.0000 2.2620
v 11.5524 0.0000 2.2526
v 11.5430 0.0000 2.2300
v 11.5524 0.0000 2.2074
v 11.5750 0.0000 2.1980
v 11.5976 0.0000 2.2074
v 11.6070 0.0450 2.2300
v 11.5976 0.0450 2.2526
v 11.5750 0.0450 2.2620
v 11.5524 0.0450 2.2526
v 11.5430 0.0450 2.2300
v 11.5524 0.0450 2.2074
v 11.5750 0.0450 2.1980
v 11.5976 0.0450 2.2074
v 11.3070 0.0550 2.2020
v 11.3630 0.0550 2.2020
v 11.3630 0.0550 2.2580
v 11.3070 0.0550 2.2580
v 11.3872 0.0450 2.4363
v 11.4312 0.0450 2.4363
v 11.4312 0.0450 2.4803
v 11.3872 0.0450 2.4803
v 11.4412 0.0000 2.4583
v 11.4318 0.0000 2.4809
v 11.4092 0.0000 2.4903
v 11.3865 0.0000 2.4809
v 11.3772 0.0000 2.4583
v 11.3865 0.0000 2.4356
v 11.4092 0.0000 2.4263
v 11.4318 0.0000 2.4356
v 11.4412 0.0450 2.4583
v 11.4318 0.0450 2.4809
v 11.4092 0.0450 2.4903
v 11.3865 0.0450 2.4809
v 11.3772 0.0450 2.4583
v 11.3865 0.0450 2.4356
v 11.4092 0.0450 2.4263
v 11.4318 0.0450 2.4356
v 11.3070 0.0550 2.2020
v 11.3630 0.0550 2.2020
v 11.3630 0.0550 2.2580
v 11.3070 0.0550 2.2580
v 11.1188 0.0450 2.3491
v 11.1628 0.0450 2.3491
v 11.1628 0.0450 2.3931
v 11.1188 0.0450 2.3931
v 11.1728 0.0000 2.3711
v 11.1635 0.0000 2.3937
v 11.1408 0.0000 2.4031
v 11.1182 0.0000 2.3937
v 11.1088 0.0000 2.3711
v 11.1182 0.0000 2.3484
v 11.1408 0.0000 2.3391
v 11.1635 0.0000 2.3484
v 11.1728 0.0450 2.3711
v 11.1635 0.0450 2.3937
v 11.1408 0.0450 2.4031
v 11.1182 0.0450 2.3937
v 11.1088 0.0450 2.3711
v 11.1182 0.0450 2.3484
v 11.1408 0.0450 2.3391
v 11.1635 0.0450 2.3484
v 11.3070 0.0550 2.2020
v 11.3630 0.0550 2.2020
v 11.3630 0.0550 2.2580
v 11.3070 0.0550 2.2580
v 11.1188 0.0450 2.0669
v 11.1628 0.0450 2.0669
v 11.1628 0.0450 2.1109
v 11.1188 0.0450 2.1109
v 11.1728 0.0000 2.0889
v 11.1635 0.0000 2.1116
v 11.1408 0.0000 2.1209
v 11.1182 0.0000 2.1116
v 11.1088 0.0000 2.0889
v 11.1182 0.0000 2.0663
v 11.1408 0.0000 2.0569
v 11.1635 0.0000 2.0663
v 11.1728 0.0450 2.0889
v 11.1635 0.0450 2.1116
v 11.1408 0.0450 2.1209
v 11.1182 0.0450 2.1116
v 11.1088 0.0450 2.0889
v 11.1182 0.0450 2.0663
v 11.1408 0.0450 2.0569
v 11.1635 0.0450 2.0663
v 11.3070 0.0550 2.2020
v 11.3630 0.0550 2.2020
v 11.3630 0.0550 2.2580
v 11.3070 0.0550 2.2580
v 11.3872 0.0450 1.9797
v 11.4312 0.0450 1.9797
v 11.4312 0.0450 2.0237
v 11.3872 0.0450 2.0237
v 11.4412 0.0000 2.0017
v 11.4318 0.0000 2.0244
v 11.4092 0.0000 2.0337
v 11.3865 0.0000 2.0244
v 11.3772 0.0000 2.0017
v 11.3865 0.0000 1.9791
v 11.4092 0.0000 1.9697
v 11.4318 0.0000 1.9791
v 11.4412 0.0450 2.0017
v 11.4318 0.0450 2.0244
v 11.4092 0.0450 2.0337
v 11.3865 0.0450 2.0244
v 11.3772 0.0450 2.0017
v 11.3865 0.0450 1.9791
v 11.4092 0.0450 1.9697
v 11.4318 0.0450 1.9791
v 11.3830 0.0500 2.2300
v 11.3738 0.0500 2.2582
v 11.3498 0.0500 2.2757
v 11.3202 0.0500 2.2757
v 11.2962 0.0500 2.2582
v 11.2870 0.0500 2.2300
v 11.2962 0.0500 2.2018
v 11.3202 0.0500 2.1843
v 11.3498 0.0500 2.1843
v 11.3738 0.0500 2.2018
v 11.3830 0.1100 2.2300
v 11.3738 0.1100 2.2582
v 11.3498 0.1100 2.2757
v 11.3202 0.1100 2.2757
v 11.2962 0.1100 2.2582
v 11.2870 0.1100 2.2300
v 11.2962 0.1100 2.2018
v 11.3202 0.1100 2.1843
v 11.3498 0.1100 2.1843
v 11.3738 0.1100 2.2018
v 11.3670 0.1100 2.2300
v 11.3609 0.1100 2.2488
v 11.3449 0.1100 2.2604
v 11.3251 0.1100 2.2604
v 11.3091 0.1100 2.2488
v 11.3030 0.1100 2.2300
v 11.3091 0.1100 2.2112
v 11.3251 0.1100 2.1996
v 11.3449 0.1100 2.1996
v 11.3609 0.1100 2.2112
v 11.3670 0.4100 2.2300
v 11.3609 0.4100 2.2488
v 11.3449 0.4100 2.2604
v 11.3251 0.4100 2.2604
v 11.3091 0.4100 2.2488
v 11.3030 0.4100 2.2300
v 11.3091 0.4100 2.2112
v 11.3251 0.4100 2.1996
v 11.3449 0.4100 2.1996
v 11.3609 0.4100 2.2112
v 11.3900 0.4100 2.2300
v 11.3795 0.4100 2.2623
v 11.3520 0.4100 2.2823
v 11.3180 0.4100 2.2823
v 11.2905 0.4100 2.2623
v 11.2800 0.4100 2.2300
v 11.2905 0.4100 2.1977
v 11.3180 0.4100 2.1777
v 11.3520 0.4100 2.1777
v 11.3795 0.4100 2.1977
v 11.3900 0.4500 2.2300
v 11.3795 0.4500 2.2623
v 11.3520 0.4500 2.2823
v 11.3180 0.4500 2.2823
v 11.2905 0.4500 2.2623
v 11.2800 0.4500 2.2300
v 11.2905 0.4500 2.1977
v 11.3180 0.4500 2.1777
v 11.3520 0.4500 2.1777
v 11.3795 0.4500 2.1977
v 11.1000 0.4500 2.0150
v 11.5700 0.4500 2.0150
v 11.5700 0.4500 2.4650
v 11.1000 0.4500 2.4650
v 11.1000 0.5050 2.0150
v 11.5700 0.5050 2.0150
v 11.5700 0.5050 2.4650
v 11.1000 0.5050 2.4650
v 11.1200 0.4400 2.3650
v 11.5500 0.4400 2.3650
v 11.5500 0.4400 2.4750
v 11.1200 0.4400 2.4750
v 11.1200 0.4850 2.3650
v 11.5500 0.4850 2.3650
v 11.5500 0.4850 2.4750
v 11.1200 0.4850 2.4750
v 11.1140 0.5200 2.0060
v 11.1460 0.5200 2.0060
v 11.1460 0.5200 2.0440
v 11.1140 0.5200 2.0440
v 11.1140 0.6700 2.0060
v 11.1460 0.6700 2.0060
v 11.1460 0.6700 2.0440
v 11.1140 0.6700 2.0440
v 11.5240 0.5200 2.0060
v 11.5560 0.5200 2.0060
v 11.5560 0.5200 2.0440
v 11.5240 0.5200 2.0440
v 11.5240 0.6700 2.0060
v 11.5560 0.6700 2.0060
v 11.5560 0.6700 2.0440
v 11.5240 0.6700 2.0440
v 11.1450 0.5200 2.0170
v 11.5250 0.5200 2.0170
v 11.5250 0.5200 2.0330
v 11.1450 0.5200 2.0330
v 11.1450 0.6700 2.0170
v 11.5250 0.6700 2.0170
v 11.5250 0.6700 2.0330
v 11.1450 0.6700 2.0330
v 11.1140 0.6700 1.9890
v 11.1460 0.6700 1.9890
v 11.1460 0.6700 2.0270
v 11.1140 0.6700 2.0270
v 11.1140 0.8300 1.9890
v 11.1460 0.8300 1.9890
v 11.1460 0.8300 2.0270
v 11.1140 0.8300 2.0270
v 11.5240 0.6700 1.9890
v 11.5560 0.6700 1.9890
v 11.5560 0.6700 2.0270
v 11.5240 0.6700 2.0270
v 11.5240 0.8300 1.9890
v 11.5560 0.8300 1.9890
v 11.5560 0.8300 2.0270
v 11.5240 0.8300 2.0270
v 11.1450 0.6700 2.0000
v 11.5250 0.6700 2.0000
v 11.5250 0.6700 2.0160
v 11.1450 0.6700 2.0160
v 11.1450 0.8300 2.0000
v 11.5250 0.8300 2.0000
v 11.5250 0.8300 2.0160
v 11.1450 0.8300 2.0160
v 11.1140 0.8300 1.9690
v 11.1460 0.8300 1.9690
v 11.1460 0.8300 2.0070
v 11.1140 0.8300 2.0070
v 11.1140 0.9700 1.9690
v 11.1460 0.9700 1.9690
v 11.1460 0.9700 2.0070
v 11.1140 0.9700 2.0070
v 11.5240 0.8300 1.9690
v 11.5560 0.8300 1.9690
v 11.5560 0.8300 2.0070
v 11.5240 0.8300 2.0070
v 11.5240 0.9700 1.9690
v 11.5560 0.9700 1.9690
v 11.5560 0.9700 2.0070
v 11.5240 0.9700 2.0070
v 11.1450 0.8300 1.9800
v 11.5250 0.8300 1.9800
v 11.5250 0.8300 1.9960
v 11.1450 0.8300 1.9960
v 11.1450 0.9700 1.9800
v 11.5250 0.9700 1.9800
v 11.5250 0.9700 1.9960
v 11.1450 0.9700 1.9960
v 11.1150 0.9550 1.9640
v 11.5550 0.9550 1.9640
v 11.5550 0.9550 2.0060
v 11.1150 0.9550 2.0060
v 11.1150 0.9900 1.9640
v 11.5550 0.9900 1.9640
v 11.5550 0.9900 2.0060
v 11.1150 0.9900 2.0060
v 11.2800 0.5000 2.0150
v 11.3900 0.5000 2.0150
v 11.3900 0.5000 2.0650
v 11.2800 0.5000 2.0650
v 11.2800 0.5900 2.0150
v 11.3900 0.5900 2.0150
v 11.3900 0.5900 2.0650
v 11.2800 0.5900 2.0650
v 11.0575 0.5000 2.0600
v 11.1025 0.5000 2.0600
v 11.1025 0.5000 2.3600
v 11.0575 0.5000 2.3600
v 11.0575 0.6700 2.0600
v 11.1025 0.6700 2.0600
v 11.1025 0.6700 2.3600
v 11.0575 0.6700 2.3600
v 11.0525 0.6700 2.1000
v 11.1075 0.6700 2.1000
v 11.1075 0.6700 2.3600
v 11.0525 0.6700 2.3600
v 11.0525 0.7050 2.1000
v 11.1075 0.7050 2.1000
v 11.1075 0.7050 2.3600
v 11.0525 0.7050 2.3600
v 11.5675 0.5000 2.0600
v 11.6125 0.5000 2.0600
v 11.6125 0.5000 2.3600
v 11.5675 0.5000 2.3600
v 11.5675 0.6700 2.0600
v 11.6125 0.6700 2.0600
v 11.6125 0.6700 2.3600
v 11.5675 0.6700 2.3600
v 11.5625 0.6700 2.1000
v 11.6175 0.6700 2.1000
v 11.6175 0.6700 2.3600
v 11.5625 0.6700 2.3600
v 11.5625 0.7050 2.1000
v 11.6175 0.7050 2.1000
v 11.6175 0.7050 2.3600
v 11.5625 0.7050 2.3600
v 11.3070 0.0550 4.2420
v 11.3630 0.0550 4.2420
v 11.3630 0.0550 4.2980
v 11.3070 0.0550 4.2980
v 11.0730 0.0450 4.2480
v 11.1170 0.0450 4.2480
v 11.1170 0.0450 4.2920
v 11.0730 0.0450 4.2920
v 11.1270 0.0000 4.2700
v 11.1176 0.0000 4.2926
v 11.0950 0.0000 4.3020
v 11.0724 0.0000 4.2926
v 11.0630 0.0000 4.2700
v 11.0724 0.0000 4.2474
v 11.0950 0.0000 4.2380
v 11.1176 0.0000 4.2474
v 11.1270 0.0450 4.2700
v 11.1176 0.0450 4.2926
v 11.0950 0.0450 4.3020
v 11.0724 0.0450 4.2926
v 11.0630 0.0450 4.2700
v 11.0724 0.0450 4.2474
v 11.0950 0.0450 4.2380
v 11.1176 0.0450 4.2474
v 11.3070 0.0550 4.2420
v 11.3630 0.0550 4.2420
v 11.3630 0.0550 4.2980
v 11.3070 0.0550 4.2980
v 11.2388 0.0450 4.0197
v 11.2828 0.0450 4.0197
v 11.2828 0.0450 4.0637
v 11.2388 0.0450 4.0637
v 11.2928 0.0000 4.0417
v 11.2835 0.0000 4.0644
v 11.2608 0.0000 4.0737
v 11.2382 0.0000 4.0644
v 11.2288 0.0000 4.0417
v 11.2382 0.0000 4.0191
v 11.2608 0.0000 4.0097
v 11.2835 0.0000 4.0191
v 11.2928 0.0450 4.0417
v 11.2835 0.0450 4.0644
v 11.2608 0.0450 4.0737
v 11.2382 0.0450 4.0644
v 11.2288 0.0450 4.0417
v 11.2382 0.0450 4.0191
v 11.2608 0.0450 4.0097
v 11.2835 0.0450 4.0191
v 11.3070 0.0550 4.2420
v 11.3630 0.0550 4.2420
v 11.3630 0.0550 4.2980
v 11.3070 0.0550 4.2980
v 11.5072 0.0450 4.1069
v 11.5512 0.0450 4.1069
v 11.5512 0.0450 4.1509
v 11.5072 0.0450 4.1509
v 11.5612 0.0000 4.1289
v 11.5518 0.0000 4.1516
v 11.5292 0.0000 4.1609
v 11.5065 0.0000 4.1516
v 11.4972 0.0000 4.1289
v 11.5065 0.0000 4.1063
v 11.5292 0.0000 4.0969
v 11.5518 0.0000 4.1063
v 11.5612 0.0450 4.1289
v 11.5518 0.0450 4.1516
v 11.5292 0.0450 4.1609
v 11.5065 0.0450 4.1516
v 11.4972 0.0450 4.1289
v 11.5065 0.0450 4.1063
v 11.5292 0.0450 4.0969
v 11.5518 0.0450 4.1063
v 11.3070 0.0550 4.2420
v 11.3630 0.0550 4.2420
v 11.3630 0.0550 4.2980
v 11.3070 0.0550 4.2980
v 11.5072 0.0450 4.3891
v 11.5512 0.0450 4.3891
v 11.5512 0.0450 4.4331
v 11.5072 0.0450 4.4331
v 11.5612 0.0000 4.4111
v 11.5518 0.0000 4.4337
v 11.5292 0.0000 4.4431
v 11.5065 0.0000 4.4337
v 11.4972 0.0000 4.4111
v 11.5065 0.0000 4.3884
v 11.5292 0.0000 4.3791
v 11.5518 0.0000 4.3884
v 11.5612 0.0450 4.4111
v 11.5518 0.0450 4.4337
v 11.5292 0.0450 4.4431
v 11.5065 0.0450 4.4337
v 11.4972 0.0450 4.4111
v 11.5065 0.0450 4.3884
v 11.5292 0.0450 4.3791
v 11.5518 0.0450 4.3884
v 11.3070 0.0550 4.2420
v 11.3630 0.0550 4.2420
v 11.3630 0.0550 4.2980
v 11.3070 0.0550 4.2980
v 11.2388 0.0450 4.4763
v 11.2828 0.0450 4.4763
v 11.2828 0.0450 4.5203
v 11.2388 0.0450 4.5203
v 11.2928 0.0000 4.4983
v 11.2835 0.0000 4.5209
v 11.2608 0.0000 4.5303
v 11.2382 0.0000 4.5209
v 11.2288 0.0000 4.4983
v 11.2382 0.0000 4.4756
v 11.2608 0.0000 4.4663
v 11.2835 0.0000 4.4756
v 11.2928 0.0450 4.4983
v 11.2835 0.0450 4.5209
v 11.2608 0.0450 4.5303
v 11.2382 0.0450 4.5209
v 11.2288 0.0450 4.4983
v 11.2382 0.0450 4.4756
v 11.2608 0.0450 4.4663
v 11.2835 0.0450 4.4756
v 11.3830 0.0500 4.2700
v 11.3738 0.0500 4.2982
v 11.3498 0.0500 4.3157
v 11.3202 0.0500 4.3157
v 11.2962 0.0500 4.2982
v 11.2870 0.0500 4.2700
v 11.2962 0.0500 4.2418
v 11.3202 0.0500 4.2243
v 11.3498 0.0500 4.2243
v 11.3738 0.0500 4.2418
v 11.3830 0.1100 4.2700
v 11.3738 0.1100 4.2982
v 11.3498 0.1100 4.3157
v 11.3202 0.1100 4.3157
v 11.2962 0.1100 4.2982
v 11.2870 0.1100 4.2700
v 11.2962 0.1100 4.2418
v 11.3202 0.1100 4.2243
v 11.3498 0.1100 4.2243
v 11.3738 0.1100 4.2418
v 11.3670 0.1100 4.2700
v 11.3609 0.1100 4.2888
v 11.3449 0.1100 4.3004
v 11.3251 0.1100 4.3004
v 11.3091 0.1100 4.2888
v 11.3030 0.1100 4.2700
v 11.3091 0.1100 4.2512
v 11.3251 0.1100 4.2396
v 11.3449 0.1100 4.2396
v 11.3609 0.1100 4.2512
v 11.3670 0.4100 4.2700
v 11.3609 0.4100 4.2888
v 11.3449 0.4100 4.3004
v 11.3251 0.4100 4.3004
v 11.3091 0.4100 4.2888
v 11.3030 0.4100 4.2700
v 11.3091 0.4100 4.2512
v 11.3251 0.4100 4.2396
v 11.3449 0.4100 4.2396
v 11.3609 0.4100 4.2512
v 11.3900 0.4100 4.2700
v 11.3795 0.4100 4.3023
v 11.3520 0.4100 4.3223
v 11.3180 0.4100 4.3223
v 11.2905 0.4100 4.3023
v 11.2800 0.4100 4.2700
v 11.2905 0.4100 4.2377
v 11.3180 0.4100 4.2177
v 11.3520 0.4100 4.2177
v 11.3795 0.4100 4.2377
v 11.3900 0.4500 4.2700
v 11.3795 0.4500 4.3023
v 11.3520 0.4500 4.3223
v 11.3180 0.4500 4.3223
v 11.2905 0.4500 4.3023
v 11.2800 0.4500 4.2700
v 11.2905 0.4500 4.2377
v 11.3180 0.4500 4.2177
v 11.3520 0.4500 4.2177
v 11.3795 0.4500 4.2377
v 11.1000 0.4500 4.0350
v 11.5700 0.4500 4.0350
v 11.5700 0.4500 4.4850
v 11.1000 0.4500 4.4850
v 11.1000 0.5050 4.0350
v 11.5700 0.5050 4.0350
v 11.5700 0.5050 4.4850
v 11.1000 0.5050 4.4850
v 11.1200 0.4400 4.0250
v 11.5500 0.4400 4.0250
v 11.5500 0.4400 4.1350
v 11.1200 0.4400 4.1350
v 11.1200 0.4850 4.0250
v 11.5500 0.4850 4.0250
v 11.5500 0.4850 4.1350
v 11.1200 0.4850 4.1350
v 11.5240 0.5200 4.4560
v 11.5560 0.5200 4.4560
v 11.5560 0.5200 4.4940
v 11.5240 0.5200 4.4940
v 11.5240 0.6700 4.4560
v 11.5560 0.6700 4.4560
v 11.5560 0.6700 4.4940
v 11.5240 0.6700 4.4940
v 11.1140 0.5200 4.4560
v 11.1460 0.5200 4.4560
v 11.1460 0.5200 4.4940
v 11.1140 0.5200 4.4940
v 11.1140 0.6700 4.4560
v 11.1460 0.6700 4.4560
v 11.1460 0.6700 4.4940
v 11.1140 0.6700 4.4940
v 11.1450 0.5200 4.4670
v 11.5250 0.5200 4.4670
v 11.5250 0.5200 4.4830
v 11.1450 0.5200 4.4830
v 11.1450 0.6700 4.4670
v 11.5250 0.6700 4.4670
v 11.5250 0.6700 4.4830
v 11.1450 0.6700 4.4830
v 11.5240 0.6700 4.4730
v 11.5560 0.6700 4.4730
v 11.5560 0.6700 4.5110
v 11.5240 0.6700 4.5110
v 11.5240 0.8300 4.4730
v 11.5560 0.8300 4.4730
v 11.5560 0.8300 4.5110
v 11.5240 0.8300 4.5110
v 11.1140 0.6700 4.4730
v 11.1460 0.6700 4.4730
v 11.1460 0.6700 4.5110
v 11.1140 0.6700 4.5110
v 11.1140 0.8300 4.4730
v 11.1460 0.8300 4.4730
v 11.1460 0.8300 4.5110
v 11.1140 0.8300 4.5110
v 11.1450 0.6700 4.4840
v 11.5250 0.6700 4.4840
v 11.5250 0.6700 4.5000
v 11.1450 0.6700 4.5000
v 11.1450 0.8300 4.4840
v 11.5250 0.8300 4.4840
v 11.5250 0.8300 4.5000
v 11.1450 0.8300 4.5000
v 11.5240 0.8300 4.4930
v 11.5560 0.8300 4.4930
v 11.5560 0.8300 4.5310
v 11.5240 0.8300 4.5310
v 11.5240 0.9700 4.4930
v 11.5560 0.9700 4.4930
v 11.5560 0.9700 4.5310
v 11.5240 0.9700 4.5310
v 11.1140 0.8300 4.4930
v 11.1460 0.8300 4.4930
v 11.1460 0.8300 4.5310
v 11.1140 0.8300 4.5310
v 11.1140 0.9700 4.4930
v 11.1460 0.9700 4.4930
v 11.1460 0.9700 4.5310
v 11.1140 0.9700 4.5310
v 11.1450 0.8300 4.5040
v 11.5250 0.8300 4.5040
v 11.5250 0.8300 4.5200
v 11.1450 0.8300 4.5200
v 11.1450 0.9700 4.5040
v 11.5250 0.9700 4.5040
v 11.5250 0.9700 4.5200
v 11.1450 0.9700 4.5200
v 11.1150 0.9550 4.4940
v 11.5550 0.9550 4.4940
v 11.5550 0.9550 4.5360
v 11.1150 0.9550 4.5360
v 11.1150 0.9900 4.4940
v 11.5550 0.9900 4.4940
v 11.5550 0.9900 4.5360
v 11.1150 0.9900 4.5360
v 11.2800 0.5000 4.4350
v 11.3900 0.5000 4.4350
v 11.3900 0.5000 4.4850
v 11.2800 0.5000 4.4850
v 11.2800 0.5900 4.4350
v 11.3900 0.5900 4.4350
v 11.3900 0.5900 4.4850
v 11.2800 0.5900 4.4850
v 11.5675 0.5000 4.1400
v 11.6125 0.5000 4.1400
v 11.6125 0.5000 4.4400
v 11.5675 0.5000 4.4400
v 11.5675 0.6700 4.1400
v 11.6125 0.6700 4.1400
v 11.6125 0.6700 4.4400
v 11.5675 0.6700 4.4400
v 11.5625 0.6700 4.1400
v 11.6175 0.6700 4.1400
v 11.6175 0.6700 4.4000
v 11.5625 0.6700 4.4000
v 11.5625 0.7050 4.1400
v 11.6175 0.7050 4.1400
v 11.6175 0.7050 4.4000
v 11.5625 0.7050 4.4000
v 11.0575 0.5000 4.1400
v 11.1025 0.5000 4.1400
v 11.1025 0.5000 4.4400
v 11.0575 0.5000 4.4400
v 11.0575 0.6700 4.1400
v 11.1025 0.6700 4.1400
v 11.1025 0.6700 4.4400
v 11.0575 0.6700 4.4400
v 11.0525 0.6700 4.1400
v 11.1075 0.6700 4.1400
v 11.1075 0.6700 4.4000
v 11.0525 0.6700 4.4000
v 11.0525 0.7050 4.1400
v 11.1075 0.7050 4.1400
v 11.1075 0.7050 4.4000
v 11.0525 0.7050 4.4000
v 12.2570 0.0550 2.2020
v 12.3130 0.0550 2.2020
v 12.3130 0.0550 2.2580
v 12.2570 0.0550 2.2580
v 12.5030 0.0450 2.2080
v 12.5470 0.0450 2.2080
v 12.5470 0.0450 2.2520
v 12.5030 0.0450 2.2520
v 12.5570 0.0000 2.2300
v 12.5476 0.0000 2.2526
v 12.5250 0.0000 2.2620
v 12.5024 0.0000 2.2526
v 12.4930 0.0000 2.2300
v 12.5024 0.0000 2.2074
v 12.5250 0.0000 2.1980
v 12.5476 0.0000 2.2074
v 12.5570 0.0450 2.2300
v 12.5476 0.0450 2.2526
v 12.5250 0.0450 2.2620
v 12.5024 0.0450 2.2526
v 12.4930 0.0450 2.2300
v 12.5024 0.0450 2.2074
v 12.5250 0.0450 2.1980
v 12.5476 0.0450 2.2074
v 12.2570 0.0550 2.2020
v 12.3130 0.0550 2.2020
v 12.3130 0.0550 2.2580
v 12.2570 0.0550 2.2580
v 12.3372 0.0450 2.4363
v 12.3812 0.0450 2.4363
v 12.3812 0.0450 2.4803
v 12.3372 0.0450 2.4803
v 12.3912 0.0000 2.4583
v 12.3818 0.0000 2.4809
v 12.3592 0.0000 2.4903
v 12.3365 0.0000 2.4809
v 12.3272 0.0000 2.4583
v 12.3365 0.0000 2.4356
v 12.3592 0.0000 2.4263
v 12.3818 0.0000 2.4356
v 12.3912 0.0450 2.4583
v 12.3818 0.0450 2.4809
v 12.3592 0.0450 2.4903
v 12.3365 0.0450 2.4809
v 12.3272 0.0450 2.4583
v 12.3365 0.0450 2.4356
v 12.3592 0.0450 2.4263
v 12.3818 0.0450 2.4356
v 12.2570 0.0550 2.2020
v 12.3130 0.0550 2.2020
v 12.3130 0.0550 2.2580
v 12.2570 0.0550 2.2580
v 12.0688 0.0450 2.3491
v 12.1128 0.0450 2.3491
v 12.1128 0.0450 2.3931
v 12.0688 0.0450 2.3931
v 12.1228 0.0000 2.3711
v 12.1135 0.0000 2.3937
v 12.0908 0.0000 2.4031
v 12.0682 0.0000 2.3937
v 12.0588 0.0000 2.3711
v 12.0682 0.0000 2.3484
v 12.0908 0.0000 2.3391
v 12.1135 0.0000 2.3484
v 12.1228 0.0450 2.3711
v 12.1135 0.0450 2.3937
v 12.0908 0.0450 2.4031
v 12.0682 0.0450 2.3937
v 12.0588 0.0450 2.3711
v 12.0682 0.0450 2.3484
v 12.0908 0.0450 2.3391
v 12.1135 0.0450 2.3484
v 12.2570 0.0550 2.2020
v 12.3130 0.0550 2.2020
v 12.3130 0.0550 2.2580
v 12.2570 0.0550 2.2580
v 12.0688 0.0450 2.0669
v 12.1128 0.0450 2.0669
v 12.1128 0.0450 2.1109
v 12.0688 0.0450 2.1109
v 12.1228 0.0000 2.0889
v 12.1135 0.0000 2.1116
v 12.0908 0.0000 2.1209
v 12.0682 0.0000 2.1116
v 12.0588 0.0000 2.0889
v 12.0682 0.0000 2.0663
v 12.0908 0.0000 2.0569
v 12.1135 0.0000 2.0663
v 12.1228 0.0450 2.0889
v 12.1135 0.0450 2.1116
v 12.0908 0.0450 2.1209
v 12.0682 0.0450 2.1116
v 12.0588 0.0450 2.0889
v 12.0682 0.0450 2.0663
v 12.0908 0.0450 2.0569
v 12.1135 0.0450 2.0663
v 12.2570 0.0550 2.2020
v 12.3130 0.0550 2.2020
v 12.3130 0.0550 2.2580
v 12.2570 0.0550 2.2580
v 12.3372 0.0450 1.9797
v 12.3812 0.0450 1.9797
v 12.3812 0.0450 2.0237
v 12.3372 0.0450 2.0237
v 12.3912 0.0000 2.0017
v 12.3818 0.0000 2.0244
v 12.3592 0.0000 2.0337
v 12.3365 0.0000 2.0244
v 12.3272 0.0000 2.0017
v 12.3365 0.0000 1.9791
v 12.3592 0.0000 1.9697
v 12.3818 0.0000 1.9791
v 12.3912 0.0450 2.0017
v 12.3818 0.0450 2.0244
v 12.3592 0.0450 2.0337
v 12.3365 0.0450 2.0244
v 12.3272 0.0450 2.0017
v 12.3365 0.0450 1.9791
v 12.3592 0.0450 1.9697
v 12.3818 0.0450 1.9791
v 12.3330 0.0500 2.2300
v 12.3238 0.0500 2.2582
v 12.2998 0.0500 2.2757
v 12.2702 0.0500 2.2757
v 12.2462 0.0500 2.2582
v 12.2370 0.0500 2.2300
v 12.2462 0.0500 2.2018
v 12.2702 0.0500 2.1843
v 12.2998 0.0500 2.1843
v 12.3238 0.0500 2.2018
v 12.3330 0.1100 2.2300
v 12.3238 0.1100 2.2582
v 12.2998 0.1100 2.2757
v 12.2702 0.1100 2.2757
v 12.2462 0.1100 2.2582
v 12.2370 0.1100 2.2300
v 12.2462 0.1100 2.2018
v 12.2702 0.1100 2.1843
v 12.2998 0.1100 2.1843
v 12.3238 0.1100 2.2018
v 12.3170 0.1100 2.2300
v 12.3109 0.1100 2.2488
v 12.2949 0.1100 2.2604
v 12.2751 0.1100 2.2604
v 12.2591 0.1100 2.2488
v 12.2530 0.1100 2.2300
v 12.2591 0.1100 2.2112
v 12.2751 0.1100 2.1996
v 12.2949 0.1100 2.1996
v 12.3109 0.1100 2.2112
v 12.3170 0.4100 2.2300
v 12.3109 0.4100 2.2488
v 12.2949 0.4100 2.2604
v 12.2751 0.4100 2.2604
v 12.2591 0.4100 2.2488
v 12.2530 0.4100 2.2300
v 12.2591 0.4100 2.2112
v 12.2751 0.4100 2.1996
v 12.2949 0.4100 2.1996
v 12.3109 0.4100 2.2112
v 12.3400 0.4100 2.2300
v 12.3295 0.4100 2.2623
v 12.3020 0.4100 2.2823
v 12.2680 0.4100 2.2823
v 12.2405 0.4100 2.2623
v 12.2300 0.4100 2.2300
v 12.2405 0.4100 2.1977
v 12.2680 0.4100 2.1777
v 12.3020 0.4100 2.1777
v 12.3295 0.4100 2.1977
v 12.3400 0.4500 2.2300
v 12.3295 0.4500 2.2623
v 12.3020 0.4500 2.2823
v 12.2680 0.4500 2.2823
v 12.2405 0.4500 2.2623
v 12.2300 0.4500 2.2300
v 12.2405 0.4500 2.1977
v 12.2680 0.4500 2.1777
v 12.3020 0.4500 2.1777
v 12.3295 0.4500 2.1977
v 12.0500 0.4500 2.0150
v 12.5200 0.4500 2.0150
v 12.5200 0.4500 2.4650
v 12.0500 0.4500 2.4650
v 12.0500 0.5050 2.0150
v 12.5200 0.5050 2.0150
v 12.5200 0.5050 2.4650
v 12.0500 0.5050 2.4650
v 12.0700 0.4400 2.3650
v 12.5000 0.4400 2.3650
v 12.5000 0.4400 2.4750
v 12.0700 0.4400 2.4750
v 12.0700 0.4850 2.3650
v 12.5000 0.4850 2.3650
v 12.5000 0.4850 2.4750
v 12.0700 0.4850 2.4750
v 12.0640 0.5200 2.0060
v 12.0960 0.5200 2.0060
v 12.0960 0.5200 2.0440
v 12.0640 0.5200 2.0440
v 12.0640 0.6700 2.0060
v 12.0960 0.6700 2.0060
v 12.0960 0.6700 2.0440
v 12.0640 0.6700 2.0440
v 12.4740 0.5200 2.0060
v 12.5060 0.5200 2.0060
v 12.5060 0.5200 2.0440
v 12.4740 0.5200 2.0440
v 12.4740 0.6700 2.0060
v 12.5060 0.6700 2.0060
v 12.5060 0.6700 2.0440
v 12.4740 0.6700 2.0440
v 12.0950 0.5200 2.0170
v 12.4750 0.5200 2.0170
v 12.4750 0.5200 2.0330
v 12.0950 0.5200 2.0330
v 12.0950 0.6700 2.0170
v 12.4750 0.6700 2.0170
v 12.4750 0.6700 2.0330
v 12.0950 0.6700 2.0330
v 12.0640 0.6700 1.9890
v 12.0960 0.6700 1.9890
v 12.0960 0.6700 2.0270
v 12.0640 0.6700 2.0270
v 12.0640 0.8300 1.9890
v 12.0960 0.8300 1.9890
v 12.0960 0.8300 2.0270
v 12.0640 0.8300 2.0270
v 12.4740 0.6700 1.9890
v 12.5060 0.6700 1.9890
v 12.5060 0.6700 2.0270
v 12.4740 0.6700 2.0270
v 12.4740 0.8300 1.9890
v 12.5060 0.8300 1.9890
v 12.5060 0.8300 2.0270
v 12.4740 0.8300 2.0270
v 12.0950 0.6700 2.0000
v 12.4750 0.6700 2.0000
v 12.4750 0.6700 2.0160
v 12.0950 0.6700 2.0160
v 12.0950 0.8300 2.0000
v 12.4750 0.8300 2.0000
v 12.4750 0.8300 2.0160
v 12.0950 0.8300 2.0160
v 12.0640 0.8300 1.9690
v 12.0960 0.8300 1.9690
v 12.0960 0.8300 2.0070
v 12.0640 0.8300 2.0070
v 12.0640 0.9700 1.9690
v 12.0960 0.9700 1.9690
v 12.0960 0.9700 2.0070
v 12.0640 0.9700 2.0070
v 12.4740 0.8300 1.9690
v 12.5060 0.8300 1.9690
v 12.5060 0.8300 2.0070
v 12.4740 0.8300 2.0070
v 12.4740 0.9700 1.9690
v 12.5060 0.9700 1.9690
v 12.5060 0.9700 2.0070
v 12.4740 0.9700 2.0070
v 12.0950 0.8300 1.9800
v 12.4750 0.8300 1.9800
v 12.4750 0.8300 1.9960
v 12.0950 0.8300 1.9960
v 12.0950 0.9700 1.9800
v 12.4750 0.9700 1.9800
v 12.4750 0.9700 1.9960
v 12.0950 0.9700 1.9960
v 12.0650 0.9550 1.9640
v 12.5050 0.9550 1.9640
v 12.5050 0.9550 2.0060
v 12.0650 0.9550 2.0060
v 12.0650 0.9900 1.9640
v 12.5050 0.9900 1.9640
v 12.5050 0.9900 2.0060
v 12.0650 0.9900 2.0060
v 12.2300 0.5000 2.0150
v 12.3400 0.5000 2.0150
v 12.3400 0.5000 2.0650
v 12.2300 0.5000 2.0650
v 12.2300 0.5900 2.0150
v 12.3400 0.5900 2.0150
v 12.3400 0.5900 2.0650
v 12.2300 0.5900 2.0650
v 12.0075 0.5000 2.0600
v 12.0525 0.5000 2.0600
v 12.0525 0.5000 2.3600
v 12.0075 0.5000 2.3600
v 12.0075 0.6700 2.0600
v 12.0525 0.6700 2.0600
v 12.0525 0.6700 2.3600
v 12.0075 0.6700 2.3600
v 12.0025 0.6700 2.1000
v 12.0575 0.6700 2.1000
v 12.0575 0.6700 2.3600
v 12.0025 0.6700 2.3600
v 12.0025 0.7050 2.1000
v 12.0575 0.7050 2.1000
v 12.0575 0.7050 2.3600
v 12.0025 0.7050 2.3600
v 12.5175 0.5000 2.0600
v 12.5625 0.5000 2.0600
v 12.5625 0.5000 2.3600
v 12.5175 0.5000 2.3600
v 12.5175 0.6700 2.0600
v 12.5625 0.6700 2.0600
v 12.5625 0.6700 2.3600
v 12.5175 0.6700 2.3600
v 12.5125 0.6700 2.1000
v 12.5675 0.6700 2.1000
v 12.5675 0.6700 2.3600
v 12.5125 0.6700 2.3600
v 12.5125 0.7050 2.1000
v 12.5675 0.7050 2.1000
v 12.5675 0.7050 2.3600
v 12.5125 0.7050 2.3600
v 12.2570 0.0550 4.2420
v 12.3130 0.0550 4.2420
v 12.3130 0.0550 4.2980
v 12.2570 0.0550 4.2980
v 12.0230 0.0450 4.2480
v 12.0670 0.0450 4.2480
v 12.0670 0.0450 4.2920
v 12.0230 0.0450 4.2920
v 12.0770 0.0000 4.2700
v 12.0676 0.0000 4.2926
v 12.0450 0.0000 4.3020
v 12.0224 0.0000 4.2926
v 12.0130 0.0000 4.2700
v 12.0224 0.0000 4.2474
v 12.0450 0.0000 4.2380
v 12.0676 0.0000 4.2474
v 12.0770 0.0450 4.2700
v 12.0676 0.0450 4.2926
v 12.0450 0.0450 4.3020
v 12.0224 0.0450 4.2926
v 12.0130 0.0450 4.2700
v 12.0224 0.0450 4.2474
v 12.0450 0.0450 4.2380
v 12.0676 0.0450 4.2474
v 12.2570 0.0550 4.2420
v 12.3130 0.0550 4.2420
v 12.3130 0.0550 4.2980
v 12.2570 0.0550 4.2980
v 12.1888 0.0450 4.0197
v 12.2328 0.0450 4.0197
v 12.2328 0.0450 4.0637
v 12.1888 0.0450 4.0637
v 12.2428 0.0000 4.0417
v 12.2335 0.0000 4.0644
v 12.2108 0.0000 4.0737
v 12.1882 0.0000 4.0644
v 12.1788 0.0000 4.0417
v 12.1882 0.0000 4.0191
v 12.2108 0.0000 4.0097
v 12.2335 0.0000 4.0191
v 12.2428 0.0450 4.0417
v 12.2335 0.0450 4.0644
v 12.2108 0.0450 4.0737
v 12.1882 0.0450 4.0644
v 12.1788 0.0450 4.0417
v 12.1882 0.0450 4.0191
v 12.2108 0.0450 4.0097
v 12.2335 0.0450 4.0191
v 12.2570 0.0550 4.2420
v 12.3130 0.0550 4.2420
v 12.3130 0.0550 4.2980
v 12.2570 0.0550 4.2980
v 12.4572 0.0450 4.1069
v 12.5012 0.0450 4.1069
v 12.5012 0.0450 4.1509
v 12.4572 0.0450 4.1509
v 12.5112 0.0000 4.1289
v 12.5018 0.0000 4.1516
v 12.4792 0.0000 4.1609
v 12.4565 0.0000 4.1516
v 12.4472 0.0000 4.1289
v 12.4565 0.0000 4.1063
v 12.4792 0.0000 4.0969
v 12.5018 0.0000 4.1063
v 12.5112 0.0450 4.1289
v 12.5018 0.0450 4.1516
v 12.4792 0.0450 4.1609
v 12.4565 0.0450 4.1516
v 12.4472 0.0450 4.1289
v 12.4565 0.0450 4.1063
v 12.4792 0.0450 4.0969
v 12.5018 0.0450 4.1063
v 12.2570 0.0550 4.2420
v 12.3130 0.0550 4.2420
v 12.3130 0.0550 4.2980
v 12.2570 0.0550 4.2980
v 12.4572 0.0450 4.3891
v 12.5012 0.0450 4.3891
v 12.5012 0.0450 4.4331
v 12.4572 0.0450 4.4331
v 12.5112 0.0000 4.4111
v 12.5018 0.0000 4.4337
v 12.4792 0.0000 4.4431
v 12.4565 0.0000 4.4337
v 12.4472 0.0000 4.4111
v 12.4565 0.0000 4.3884
v 12.4792 0.0000 4.3791
v 12.5018 0.0000 4.3884
v 12.5112 0.0450 4.4111
v 12.5018 0.0450 4.4337
v 12.4792 0.0450 4.4431
v 12.4565 0.0450 4.4337
v 12.4472 0.0450 4.4111
v 12.4565 0.0450 4.3884
v 12.4792 0.0450 4.3791
v 12.5018 0.0450 4.3884
v 12.2570 0.0550 4.2420
v 12.3130 0.0550 4.2420
v 12.3130 0.0550 4.2980
v 12.2570 0.0550 4.2980
v 12.1888 0.0450 4.4763
v 12.2328 0.0450 4.4763
v 12.2328 0.0450 4.5203
v 12.1888 0.0450 4.5203
v 12.2428 0.0000 4.4983
v 12.2335 0.0000 4.5209
v 12.2108 0.0000 4.5303
v 12.1882 0.0000 4.5209
v 12.1788 0.0000 4.4983
v 12.1882 0.0000 4.4756
v 12.2108 0.0000 4.4663
v 12.2335 0.0000 4.4756
v 12.2428 0.0450 4.4983
v 12.2335 0.0450 4.5209
v 12.2108 0.0450 4.5303
v 12.1882 0.0450 4.5209
v 12.1788 0.0450 4.4983
v 12.1882 0.0450 4.4756
v 12.2108 0.0450 4.4663
v 12.2335 0.0450 4.4756
v 12.3330 0.0500 4.2700
v 12.3238 0.0500 4.2982
v 12.2998 0.0500 4.3157
v 12.2702 0.0500 4.3157
v 12.2462 0.0500 4.2982
v 12.2370 0.0500 4.2700
v 12.2462 0.0500 4.2418
v 12.2702 0.0500 4.2243
v 12.2998 0.0500 4.2243
v 12.3238 0.0500 4.2418
v 12.3330 0.1100 4.2700
v 12.3238 0.1100 4.2982
v 12.2998 0.1100 4.3157
v 12.2702 0.1100 4.3157
v 12.2462 0.1100 4.2982
v 12.2370 0.1100 4.2700
v 12.2462 0.1100 4.2418
v 12.2702 0.1100 4.2243
v 12.2998 0.1100 4.2243
v 12.3238 0.1100 4.2418
v 12.3170 0.1100 4.2700
v 12.3109 0.1100 4.2888
v 12.2949 0.1100 4.3004
v 12.2751 0.1100 4.3004
v 12.2591 0.1100 4.2888
v 12.2530 0.1100 4.2700
v 12.2591 0.1100 4.2512
v 12.2751 0.1100 4.2396
v 12.2949 0.1100 4.2396
v 12.3109 0.1100 4.2512
v 12.3170 0.4100 4.2700
v 12.3109 0.4100 4.2888
v 12.2949 0.4100 4.3004
v 12.2751 0.4100 4.3004
v 12.2591 0.4100 4.2888
v 12.2530 0.4100 4.2700
v 12.2591 0.4100 4.2512
v 12.2751 0.4100 4.2396
v 12.2949 0.4100 4.2396
v 12.3109 0.4100 4.2512
v 12.3400 0.4100 4.2700
v 12.3295 0.4100 4.3023
v 12.3020 0.4100 4.3223
v 12.2680 0.4100 4.3223
v 12.2405 0.4100 4.3023
v 12.2300 0.4100 4.2700
v 12.2405 0.4100 4.2377
v 12.2680 0.4100 4.2177
v 12.3020 0.4100 4.2177
v 12.3295 0.4100 4.2377
v 12.3400 0.4500 4.2700
v 12.3295 0.4500 4.3023
v 12.3020 0.4500 4.3223
v 12.2680 0.4500 4.3223
v 12.2405 0.4500 4.3023
v 12.2300 0.4500 4.2700
v 12.2405 0.4500 4.2377
v 12.2680 0.4500 4.2177
v 12.3020 0.4500 4.2177
v 12.3295 0.4500 4.2377
v 12.0500 0.4500 4.0350
v 12.5200 0.4500 4.0350
v 12.5200 0.4500 4.4850
v 12.0500 0.4500 4.4850
v 12.0500 0.5050 4.0350
v 12.5200 0.5050 4.0350
v 12.5200 0.5050 4.4850
v 12.0500 0.5050 4.4850
v 12.0700 0.4400 4.0250
v 12.5000 0.4400 4.0250
v 12.5000 0.4400 4.1350
v 12.0700 0.4400 4.1350
v 12.0700 0.4850 4.0250
v 12.5000 0.4850 4.0250
v 12.5000 0.4850 4.1350
v 12.0700 0.4850 4.1350
v 12.4740 0.5200 4.4560
v 12.5060 0.5200 4.4560
v 12.5060 0.5200 4.4940
v 12.4740 0.5200 4.4940
v 12.4740 0.6700 4.4560
v 12.5060 0.6700 4.4560
v 12.5060 0.6700 4.4940
v 12.4740 0.6700 4.4940
v 12.0640 0.5200 4.4560
v 12.0960 0.5200 4.4560
v 12.0960 0.5200 4.4940
v 12.0640 0.5200 4.4940
v 12.0640 0.6700 4.4560
v 12.0960 0.6700 4.4560
v 12.0960 0.6700 4.4940
v 12.0640 0.6700 4.4940
v 12.0950 0.5200 4.4670
v 12.4750 0.5200 4.4670
v 12.4750 0.5200 4.4830
v 12.0950 0.5200 4.4830
v 12.0950 0.6700 4.4670
v 12.4750 0.6700 4.4670
v 12.4750 0.6700 4.4830
v 12.0950 0.6700 4.4830
v 12.4740 0.6700 4.4730
v 12.5060 0.6700 4.4730
v 12.5060 0.6700 4.5110
v 12.4740 0.6700 4.5110
v 12.4740 0.8300 4.4730
v 12.5060 0.8300 4.4730
v 12.5060 0.8300 4.5110
v 12.4740 0.8300 4.5110
v 12.0640 0.6700 4.4730
v 12.0960 0.6700 4.4730
v 12.0960 0.6700 4.5110
v 12.0640 0.6700 4.5110
v 12.0640 0.8300 4.4730
v 12.0960 0.8300 4.4730
v 12.0960 0.8300 4.5110
v 12.0640 0.8300 4.5110
v 12.0950 0.6700 4.4840
v 12.4750 0.6700 4.4840
v 12.4750 0.6700 4.5000
v 12.0950 0.6700 4.5000
v 12.0950 0.8300 4.4840
v 12.4750 0.8300 4.4840
v 12.4750 0.8300 4.5000
v 12.0950 0.8300 4.5000
v 12.4740 0.8300 4.4930
v 12.5060 0.8300 4.4930
v 12.5060 0.8300 4.5310
v 12.4740 0.8300 4.5310
v 12.4740 0.9700 4.4930
v 12.5060 0.9700 4.4930
v 12.5060 0.9700 4.5310
v 12.4740 0.9700 4.5310
v 12.0640 0.8300 4.4930
v 12.0960 0.8300 4.4930
v 12.0960 0.8300 4.5310
v 12.0640 0.8300 4.5310
v 12.0640 0.9700 4.4930
v 12.0960 0.9700 4.4930
v 12.0960 0.9700 4.5310
v 12.0640 0.9700 4.5310
v 12.0950 0.8300 4.5040
v 12.4750 0.8300 4.5040
v 12.4750 0.8300 4.5200
v 12.0950 0.8300 4.5200
v 12.0950 0.9700 4.5040
v 12.4750 0.9700 4.5040
v 12.4750 0.9700 4.5200
v 12.0950 0.9700 4.5200
v 12.0650 0.9550 4.4940
v 12.5050 0.9550 4.4940
v 12.5050 0.9550 4.5360
v 12.0650 0.9550 4.5360
v 12.0650 0.9900 4.4940
v 12.5050 0.9900 4.4940
v 12.5050 0.9900 4.5360
v 12.0650 0.9900 4.5360
v 12.2300 0.5000 4.4350
v 12.3400 0.5000 4.4350
v 12.3400 0.5000 4.4850
v 12.2300 0.5000 4.4850
v 12.2300 0.5900 4.4350
v 12.3400 0.5900 4.4350
v 12.3400 0.5900 4.4850
v 12.2300 0.5900 4.4850
v 12.5175 0.5000 4.1400
v 12.5625 0.5000 4.1400
v 12.5625 0.5000 4.4400
v 12.5175 0.5000 4.4400
v 12.5175 0.6700 4.1400
v 12.5625 0.6700 4.1400
v 12.5625 0.6700 4.4400
v 12.5175 0.6700 4.4400
v 12.5125 0.6700 4.1400
v 12.5675 0.6700 4.1400
v 12.5675 0.6700 4.4000
v 12.5125 0.6700 4.4000
v 12.5125 0.7050 4.1400
v 12.5675 0.7050 4.1400
v 12.5675 0.7050 4.4000
v 12.5125 0.7050 4.4000
v 12.0075 0.5000 4.1400
v 12.0525 0.5000 4.1400
v 12.0525 0.5000 4.4400
v 12.0075 0.5000 4.4400
v 12.0075 0.6700 4.1400
v 12.0525 0.6700 4.1400
v 12.0525 0.6700 4.4400
v 12.0075 0.6700 4.4400
v 12.0025 0.6700 4.1400
v 12.0575 0.6700 4.1400
v 12.0575 0.6700 4.4000
v 12.0025 0.6700 4.4000
v 12.0025 0.7050 4.1400
v 12.0575 0.7050 4.1400
v 12.0575 0.7050 4.4000
v 12.0025 0.7050 4.4000
v 13.2070 0.0550 2.2020
v 13.2630 0.0550 2.2020
v 13.2630 0.0550 2.2580
v 13.2070 0.0550 2.2580
v 13.4530 0.0450 2.2080
v 13.4970 0.0450 2.2080
v 13.4970 0.0450 2.2520
v 13.4530 0.0450 2.2520
v 13.5070 0.0000 2.2300
v 13.4976 0.0000 2.2526
v 13.4750 0.0000 2.2620
v 13.4524 0.0000 2.2526
v 13.4430 0.0000 2.2300
v 13.4524 0.0000 2.2074
v 13.4750 0.0000 2.1980
v 13.4976 0.0000 2.2074
v 13.5070 0.0450 2.2300
v 13.4976 0.0450 2.2526
v 13.4750 0.0450 2.2620
v 13.4524 0.0450 2.2526
v 13.4430 0.0450 2.2300
v 13.4524 0.0450 2.2074
v 13.4750 0.0450 2.1980
v 13.4976 0.0450 2.2074
v 13.2070 0.0550 2.2020
v 13.2630 0.0550 2.2020
v 13.2630 0.0550 2.2580
v 13.2070 0.0550 2.2580
v 13.2872 0.0450 2.4363
v 13.3312 0.0450 2.4363
v 13.3312 0.0450 2.4803
v 13.2872 0.0450 2.4803
v 13.3412 0.0000 2.4583
v 13.3318 0.0000 2.4809
v 13.3092 0.0000 2.4903
v 13.2865 0.0000 2.4809
v 13.2772 0.0000 2.4583
v 13.2865 0.0000 2.4356
v 13.3092 0.0000 2.4263
v 13.3318 0.0000 2.4356
v 13.3412 0.0450 2.4583
v 13.3318 0.0450 2.4809
v 13.3092 0.0450 2.4903
v 13.2865 0.0450 2.4809
v 13.2772 0.0450 2.4583
v 13.2865 0.0450 2.4356
v 13.3092 0.0450 2.4263
v 13.3318 0.0450 2.4356
v 13.2070 0.0550 2.2020
v 13.2630 0.0550 2.2020
v 13.2630 0.0550 2.2580
v 13.2070 0.0550 2.2580
v 13.0188 0.0450 2.3491
v 13.0628 0.0450 2.3491
v 13.0628 0.0450 2.3931
v 13.0188 0.0450 2.3931
v 13.0728 0.0000 2.3711
v 13.0635 0.0000 2.3937
v 13.0408 0.0000 2.4031
v 13.0182 0.0000 2.3937
v 13.0088 0.0000 2.3711
v 13.0182 0.0000 2.3484
v 13.0408 0.0000 2.3391
v 13.0635 0.0000 2.3484
v 13.0728 0.0450 2.3711
v 13.0635 0.0450 2.3937
v 13.0408 0.0450 2.4031
v 13.0182 0.0450 2.3937
v 13.0088 0.0450 2.3711
v 13.0182 0.0450 2.3484
v 13.0408 0.0450 2.3391
v 13.0635 0.0450 2.3484
v 13.2070 0.0550 2.2020
v 13.2630 0.0550 2.2020
v 13.2630 0.0550 2.2580
v 13.2070 0.0550 2.2580
v 13.0188 0.0450 2.0669
v 13.0628 0.0450 2.0669
v 13.0628 0.0450 2.1109
v 13.0188 0.0450 2.1109
v 13.0728 0.0000 2.0889
v 13.0635 0.0000 2.1116
v 13.0408 0.0000 2.1209
v 13.0182 0.0000 2.1116
v 13.0088 0.0000 2.0889
v 13.0182 0.0000 2.0663
v 13.0408 0.0000 2.0569
v 13.0635 0.0000 2.0663
v 13.0728 0.0450 2.0889
v 13.0635 0.0450 2.1116
v 13.0408 0.0450 2.1209
v 13.0182 0.0450 2.1116
v 13.0088 0.0450 2.0889
v 13.0182 0.0450 2.0663
v 13.0408 0.0450 2.0569
v 13.0635 0.0450 2.0663
v 13.2070 0.0550 2.2020
v 13.2630 0.0550 2.2020
v 13.2630 0.0550 2.2580
v 13.2070 0.0550 2.2580
v 13.2872 0.0450 1.9797
v 13.3312 0.0450 1.9797
v 13.3312 0.0450 2.0237
v 13.2872 0.0450 2.0237
v 13.3412 0.0000 2.0017
v 13.3318 0.0000 2.0244
v 13.3092 0.0000 2.0337
v 13.2865 0.0000 2.0244
v 13.2772 0.0000 2.0017
v 13.2865 0.0000 1.9791
v 13.3092 0.0000 1.9697
v 13.3318 0.0000 1.9791
v 13.3412 0.0450 2.0017
v 13.3318 0.0450 2.0244
v 13.3092 0.0450 2.0337
v 13.2865 0.0450 2.0244
v 13.2772 0.0450 2.0017
v 13.2865 0.0450 1.9791
v 13.3092 0.0450 1.9697
v 13.3318 0.0450 1.9791
v 13.2830 0.0500 2.2300
v 13.2738 0.0500 2.2582
v 13.2498 0.0500 2.2757
v 13.2202 0.0500 2.2757
v 13.1962 0.0500 2.2582
v 13.1870 0.0500 2.2300
v 13.1962 0.0500 2.2018
v 13.2202 0.0500 2.1843
v 13.2498 0.0500 2.1843
v 13.2738 0.0500 2.2018
v 13.2830 0.1100 2.2300
v 13.2738 0.1100 2.2582
v 13.2498 0.1100 2.2757
v 13.2202 0.1100 2.2757
v 13.1962 0.1100 2.2582
v 13.1870 0.1100 2.2300
v 13.1962 0.1100 2.2018
v 13.2202 0.1100 2.1843
v 13.2498 0.1100 2.1843
v 13.2738 0.1100 2.2018
v 13.2670 0.1100 2.2300
v 13.2609 0.1100 2.2488
v 13.2449 0.1100 2.2604
v 13.2251 0.1100 2.2604
v 13.2091 0.1100 2.2488
v 13.2030 0.1100 2.2300
v 13.2091 0.1100 2.2112
v 13.2251 0.1100 2.1996
v 13.2449 0.1100 2.1996
v 13.2609 0.1100 2.2112
v 13.2670 0.4100 2.2300
v 13.2609 0.4100 2.2488
v 13.2449 0.4100 2.2604
v 13.2251 0.4100 2.2604
v 13.2091 0.4100 2.2488
v 13.2030 0.4100 2.2300
v 13.2091 0.4100 2.2112
v 13.2251 0.4100 2.1996
v 13.2449 0.4100 2.1996
v 13.2609 0.4100 2.2112
v 13.2900 0.4100 2.2300
v 13.2795 0.4100 2.2623
v 13.2520 0.4100 2.2823
v 13.2180 0.4100 2.2823
v 13.1905 0.4100 2.2623
v 13.1800 0.4100 2.2300
v 13.1905 0.4100 2.1977
v 13.2180 0.4100 2.1777
v 13.2520 0.4100 2.1777
v 13.2795 0.4100 2.1977
v 13.2900 0.4500 2.2300
v 13.2795 0.4500 2.2623
v 13.2520 0.4500 2.2823
v 13.2180 0.4500 2.2823
v 13.1905 0.4500 2.2623
v 13.1800 0.4500 2.2300
v 13.1905 0.4500 2.1977
v 13.2180 0.4500 2.1777
v 13.2520 0.4500 2.1777
v 13.2795 0.4500 2.1977
v 13.0000 0.4500 2.0150
v 13.4700 0.4500 2.0150
v 13.4700 0.4500 2.4650
v 13.0000 0.4500 2.4650
v 13.0000 0.5050 2.0150
v 13.4700 0.5050 2.0150
v 13.4700 0.5050 2.4650
v 13.0000 0.5050 2.4650
v 13.0200 0.4400 2.3650
v 13.4500 0.4400 2.3650
v 13.4500 0.4400 2.4750
v 13.0200 0.4400 2.4750
v 13.0200 0.4850 2.3650
v 13.4500 0.4850 2.3650
v 13.4500 0.4850 2.4750
v 13.0200 0.4850 2.4750
v 13.0140 0.5200 2.0060
v 13.0460 0.5200 2.0060
v 13.0460 0.5200 2.0440
v 13.0140 0.5200 2.0440
v 13.0140 0.6700 2.0060
v 13.0460 0.6700 2.0060
v 13.0460 0.6700 2.0440
v 13.0140 0.6700 2.0440
v 13.4240 0.5200 2.0060
v 13.4560 0.5200 2.0060
v 13.4560 0.5200 2.0440
v 13.4240 0.5200 2.0440
v 13.4240 0.6700 2.0060
v 13.4560 0.6700 2.0060
v 13.4560 0.6700 2.0440
v 13.4240 0.6700 2.0440
v 13.0450 0.5200 2.0170
v 13.4250 0.5200 2.0170
v 13.4250 0.5200 2.0330
v 13.0450 0.5200 2.0330
v 13.0450 0.6700 2.0170
v 13.4250 0.6700 2.0170
v 13.4250 0.6700 2.0330
v 13.0450 0.6700 2.0330
v 13.0140 0.6700 1.9890
v 13.0460 0.6700 1.9890
v 13.0460 0.6700 2.0270
v 13.0140 0.6700 2.0270
v 13.0140 0.8300 1.9890
v 13.0460 0.8300 1.9890
v 13.0460 0.8300 2.0270
v 13.0140 0.8300 2.0270
v 13.4240 0.6700 1.9890
v 13.4560 0.6700 1.9890
v 13.4560 0.6700 2.0270
v 13.4240 0.6700 2.0270
v 13.4240 0.8300 1.9890
v 13.4560 0.8300 1.9890
v 13.4560 0.8300 2.0270
v 13.4240 0.8300 2.0270
v 13.0450 0.6700 2.0000
v 13.4250 0.6700 2.0000
v 13.4250 0.6700 2.0160
v 13.0450 0.6700 2.0160
v 13.0450 0.8300 2.0000
v 13.4250 0.8300 2.0000
v 13.4250 0.8300 2.0160
v 13.0450 0.8300 2.0160
v 13.0140 0.8300 1.9690
v 13.0460 0.8300 1.9690
v 13.0460 0.8300 2.0070
v 13.0140 0.8300 2.0070
v 13.0140 0.9700 1.9690
v 13.0460 0.9700 1.9690
v 13.0460 0.9700 2.0070
v 13.0140 0.9700 2.0070
v 13.4240 0.8300 1.9690
v 13.4560 0.8300 1.9690
v 13.4560 0.8300 2.0070
v 13.4240 0.8300 2.0070
v 13.4240 0.9700 1.9690
v 13.4560 0.9700 1.9690
v 13.4560 0.9700 2.0070
v 13.4240 0.9700 2.0070
v 13.0450 0.8300 1.9800
v 13.4250 0.8300 1.9800
v 13.4250 0.8300 1.9960
v 13.0450 0.8300 1.9960
v 13.0450 0.9700 1.9800
v 13.4250 0.9700 1.9800
v 13.4250 0.9700 1.9960
v 13.0450 0.9700 1.9960
v 13.0150 0.9550 1.9640
v 13.4550 0.9550 1.9640
v 13.4550 0.9550 2.0060
v 13.0150 0.9550 2.0060
v 13.0150 0.9900 1.9640
v 13.4550 0.9900 1.9640
v 13.4550 0.9900 2.0060
v 13.0150 0.9900 2.0060
v 13.1800 0.5000 2.0150
v 13.2900 0.5000 2.0150
v 13.2900 0.5000 2.0650
v 13.1800 0.5000 2.0650
v 13.1800 0.5900 2.0150
v 13.2900 0.5900 2.0150
v 13.2900 0.5900 2.0650
v 13.1800 0.5900 2.0650
v 12.9575 0.5000 2.0600
v 13.0025 0.5000 2.0600
v 13.0025 0.5000 2.3600
v 12.9575 0.5000 2.3600
v 12.9575 0.6700 2.0600
v 13.0025 0.6700 2.0600
v 13.0025 0.6700 2.3600
v 12.9575 0.6700 2.3600
v 12.9525 0.6700 2.1000
v 13.0075 0.6700 2.1000
v 13.0075 0.6700 2.3600
v 12.9525 0.6700 2.3600
v 12.9525 0.7050 2.1000
v 13.0075 0.7050 2.1000
v 13.0075 0.7050 2.3600
v 12.9525 0.7050 2.3600
v 13.4675 0.5000 2.0600
v 13.5125 0.5000 2.0600
v 13.5125 0.5000 2.3600
v 13.4675 0.5000 2.3600
v 13.4675 0.6700 2.0600
v 13.5125 0.6700 2.0600
v 13.5125 0.6700 2.3600
v 13.4675 0.6700 2.3600
v 13.4625 0.6700 2.1000
v 13.5175 0.6700 2.1000
v 13.5175 0.6700 2.3600
v 13.4625 0.6700 2.3600
v 13.4625 0.7050 2.1000
v 13.5175 0.7050 2.1000
v 13.5175 0.7050 2.3600
v 13.4625 0.7050 2.3600
v 13.2070 0.0550 4.2420
v 13.2630 0.0550 4.2420
v 13.2630 0.0550 4.2980
v 13.2070 0.0550 4.2980
v 12.9730 0.0450 4.2480
v 13.0170 0.0450 4.2480
v 13.0170 0.0450 4.2920
v 12.9730 0.0450 4.2920
v 13.0270 0.0000 4.2700
v 13.0176 0.0000 4.2926
v 12.9950 0.0000 4.3020
v 12.9724 0.0000 4.2926
v 12.9630 0.0000 4.2700
v 12.9724 0.0000 4.2474
v 12.9950 0.0000 4.2380
v 13.0176 0.0000 4.2474
v 13.0270 0.0450 4.2700
v 13.0176 0.0450 4.2926
v 12.9950 0.0450 4.3020
v 12.9724 0.0450 4.2926
v 12.9630 0.0450 4.2700
v 12.9724 0.0450 4.2474
v 12.9950 0.0450 4.2380
v 13.0176 0.0450 4.2474
v 13.2070 0.0550 4.2420
v 13.2630 0.0550 4.2420
v 13.2630 0.0550 4.2980
v 13.2070 0.0550 4.2980
v 13.1388 0.0450 4.0197
v 13.1828 0.0450 4.0197
v 13.1828 0.0450 4.0637
v 13.1388 0.0450 4.0637
v 13.1928 0.0000 4.0417
v 13.1835 0.0000 4.0644
v 13.1608 0.0000 4.0737
v 13.1382 0.0000 4.0644
v 13.1288 0.0000 4.0417
v 13.1382 0.0000 4.0191
v 13.1608 0.0000 4.0097
v 13.1835 0.0000 4.0191
v 13.1928 0.0450 4.0417
v 13.1835 0.0450 4.0644
v 13.1608 0.0450 4.0737
v 13.1382 0.0450 4.0644
v 13.1288 0.0450 4.0417
v 13.1382 0.0450 4.0191
v 13.1608 0.0450 4.0097
v 13.1835 0.0450 4.0191
v 13.2070 0.0550 4.2420
v 13.2630 0.0550 4.2420
v 13.2630 0.0550 4.2980
v 13.2070 0.0550 4.2980
v 13.4072 0.0450 4.1069
v 13.4512 0.0450 4.1069
v 13.4512 0.0450 4.1509
v 13.4072 0.0450 4.1509
v 13.4612 0.0000 4.1289
v 13.4518 0.0000 4.1516
v 13.4292 0.0000 4.1609
v 13.4065 0.0000 4.1516
v 13.3972 0.0000 4.1289
v 13.4065 0.0000 4.1063
v 13.4292 0.0000 4.0969
v 13.4518 0.0000 4.1063
v 13.4612 0.0450 4.1289
v 13.4518 0.0450 4.1516
v 13.4292 0.0450 4.1609
v 13.4065 0.0450 4.1516
v 13.3972 0.0450 4.1289
v 13.4065 0.0450 4.1063
v 13.4292 0.0450 4.0969
v 13.4518 0.0450 4.1063
v 13.2070 0.0550 4.2420
v 13.2630 0.0550 4.2420
v 13.2630 0.0550 4.2980
v 13.2070 0.0550 4.2980
v 13.4072 0.0450 4.3891
v 13.4512 0.0450 4.3891
v 13.4512 0.0450 4.4331
v 13.4072 0.0450 4.4331
v 13.4612 0.0000 4.4111
v 13.4518 0.0000 4.4337
v 13.4292 0.0000 4.4431
v 13.4065 0.0000 4.4337
v 13.3972 0.0000 4.4111
v 13.4065 0.0000 4.3884
v 13.4292 0.0000 4.3791
v 13.4518 0.0000 4.3884
v 13.4612 0.0450 4.4111
v 13.4518 0.0450 4.4337
v 13.4292 0.0450 4.4431
v 13.4065 0.0450 4.4337
v 13.3972 0.0450 4.4111
v 13.4065 0.0450 4.3884
v 13.4292 0.0450 4.3791
v 13.4518 0.0450 4.3884
v 13.2070 0.0550 4.2420
v 13.2630 0.0550 4.2420
v 13.2630 0.0550 4.2980
v 13.2070 0.0550 4.2980
v 13.1388 0.0450 4.4763
v 13.1828 0.0450 4.4763
v 13.1828 0.0450 4.5203
v 13.1388 0.0450 4.5203
v 13.1928 0.0000 4.4983
v 13.1835 0.0000 4.5209
v 13.1608 0.0000 4.5303
v 13.1382 0.0000 4.5209
v 13.1288 0.0000 4.4983
v 13.1382 0.0000 4.4756
v 13.1608 0.0000 4.4663
v 13.1835 0.0000 4.4756
v 13.1928 0.0450 4.4983
v 13.1835 0.0450 4.5209
v 13.1608 0.0450 4.5303
v 13.1382 0.0450 4.5209
v 13.1288 0.0450 4.4983
v 13.1382 0.0450 4.4756
v 13.1608 0.0450 4.4663
v 13.1835 0.0450 4.4756
v 13.2830 0.0500 4.2700
v 13.2738 0.0500 4.2982
v 13.2498 0.0500 4.3157
v 13.2202 0.0500 4.3157
v 13.1962 0.0500 4.2982
v 13.1870 0.0500 4.2700
v 13.1962 0.0500 4.2418
v 13.2202 0.0500 4.2243
v 13.2498 0.0500 4.2243
v 13.2738 0.0500 4.2418
v 13.2830 0.1100 4.2700
v 13.2738 0.1100 4.2982
v 13.2498 0.1100 4.3157
v 13.2202 0.1100 4.3157
v 13.1962 0.1100 4.2982
v 13.1870 0.1100 4.2700
v 13.1962 0.1100 4.2418
v 13.2202 0.1100 4.2243
v 13.2498 0.1100 4.2243
v 13.2738 0.1100 4.2418
v 13.2670 0.1100 4.2700
v 13.2609 0.1100 4.2888
v 13.2449 0.1100 4.3004
v 13.2251 0.1100 4.3004
v 13.2091 0.1100 4.2888
v 13.2030 0.1100 4.2700
v 13.2091 0.1100 4.2512
v 13.2251 0.1100 4.2396
v 13.2449 0.1100 4.2396
v 13.2609 0.1100 4.2512
v 13.2670 0.4100 4.2700
v 13.2609 0.4100 4.2888
v 13.2449 0.4100 4.3004
v 13.2251 0.4100 4.3004
v 13.2091 0.4100 4.2888
v 13.2030 0.4100 4.2700
v 13.2091 0.4100 4.2512
v 13.2251 0.4100 4.2396
v 13.2449 0.4100 4.2396
v 13.2609 0.4100 4.2512
v 13.2900 0.4100 4.2700
v 13.2795 0.4100 4.3023
v 13.2520 0.4100 4.3223
v 13.2180 0.4100 4.3223
v 13.1905 0.4100 4.3023
v 13.1800 0.4100 4.2700
v 13.1905 0.4100 4.2377
v 13.2180 0.4100 4.2177
v 13.2520 0.4100 4.2177
v 13.2795 0.4100 4.2377
v 13.2900 0.4500 4.2700
v 13.2795 0.4500 4.3023
v 13.2520 0.4500 4.3223
v 13.2180 0.4500 4.3223
v 13.1905 0.4500 4.3023
v 13.1800 0.4500 4.2700
v 13.1905 0.4500 4.2377
v 13.2180 0.4500 4.2177
v 13.2520 0.4500 4.2177
v 13.2795 0.4500 4.2377
v 13.0000 0.4500 4.0350
v 13.4700 0.4500 4.0350
v 13.4700 0.4500 4.4850
v 13.0000 0.4500 4.4850
v 13.0000 0.5050 4.0350
v 13.4700 0.5050 4.0350
v 13.4700 0.5050 4.4850
v 13.0000 0.5050 4.4850
v 13.0200 0.4400 4.0250
v 13.4500 0.4400 4.0250
v 13.4500 0.4400 4.1350
v 13.0200 0.4400 4.1350
v 13.0200 0.4850 4.0250
v 13.4500 0.4850 4.0250
v 13.4500 0.4850 4.1350
v 13.0200 0.4850 4.1350
v 13.4240 0.5200 4.4560
v 13.4560 0.5200 4.4560
v 13.4560 0.5200 4.4940
v 13.4240 0.5200 4.4940
v 13.4240 0.6700 4.4560
v 13.4560 0.6700 4.4560
v 13.4560 0.6700 4.4940
v 13.4240 0.6700 4.4940
v 13.0140 0.5200 4.4560
v 13.0460 0.5200 4.4560
v 13.0460 0.5200 4.4940
v 13.0140 0.5200 4.4940
v 13.0140 0.6700 4.4560
v 13.0460 0.6700 4.4560
v 13.0460 0.6700 4.4940
v 13.0140 0.6700 4.4940
v 13.0450 0.5200 4.4670
v 13.4250 0.5200 4.4670
v 13.4250 0.5200 4.4830
v 13.0450 0.5200 4.4830
v 13.0450 0.6700 4.4670
v 13.4250 0.6700 4.4670
v 13.4250 0.6700 4.4830
v 13.0450 0.6700 4.4830
v 13.4240 0.6700 4.4730
v 13.4560 0.6700 4.4730
v 13.4560 0.6700 4.5110
v 13.4240 0.6700 4.5110
v 13.4240 0.8300 4.4730
v 13.4560 0.8300 4.4730
v 13.4560 0.8300 4.5110
v 13.4240 0.8300 4.5110
v 13.0140 0.6700 4.4730
v 13.0460 0.6700 4.4730
v 13.0460 0.6700 4.5110
v 13.0140 0.6700 4.5110
v 13.0140 0.8300 4.4730
v 13.0460 0.8300 4.4730
v 13.0460 0.8300 4.5110
v 13.0140 0.8300 4.5110
v 13.0450 0.6700 4.4840
v 13.4250 0.6700 4.4840
v 13.4250 0.6700 4.5000
v 13.0450 0.6700 4.5000
v 13.0450 0.8300 4.4840
v 13.4250 0.8300 4.4840
v 13.4250 0.8300 4.5000
v 13.0450 0.8300 4.5000
v 13.4240 0.8300 4.4930
v 13.4560 0.8300 4.4930
v 13.4560 0.8300 4.5310
v 13.4240 0.8300 4.5310
v 13.4240 0.9700 4.4930
v 13.4560 0.9700 4.4930
v 13.4560 0.9700 4.5310
v 13.4240 0.9700 4.5310
v 13.0140 0.8300 4.4930
v 13.0460 0.8300 4.4930
v 13.0460 0.8300 4.5310
v 13.0140 0.8300 4.5310
v 13.0140 0.9700 4.4930
v 13.0460 0.9700 4.4930
v 13.0460 0.9700 4.5310
v 13.0140 0.9700 4.5310
v 13.0450 0.8300 4.5040
v 13.4250 0.8300 4.5040
v 13.4250 0.8300 4.5200
v 13.0450 0.8300 4.5200
v 13.0450 0.9700 4.5040
v 13.4250 0.9700 4.5040
v 13.4250 0.9700 4.5200
v 13.0450 0.9700 4.5200
v 13.0150 0.9550 4.4940
v 13.4550 0.9550 4.4940
v 13.4550 0.9550 4.5360
v 13.0150 0.9550 4.5360
v 13.0150 0.9900 4.4940
v 13.4550 0.9900 4.4940
v 13.4550 0.9900 4.5360
v 13.0150 0.9900 4.5360
v 13.1800 0.5000 4.4350
v 13.2900 0.5000 4.4350
v 13.2900 0.5000 4.4850
v 13.1800 0.5000 4.4850
v 13.1800 0.5900 4.4350
v 13.2900 0.5900 4.4350
v 13.2900 0.5900 4.4850
v 13.1800 0.5900 4.4850
v 13.4675 0.5000 4.1400
v 13.5125 0.5000 4.1400
v 13.5125 0.5000 4.4400
v 13.4675 0.5000 4.4400
v 13.4675 0.6700 4.1400
v 13.5125 0.6700 4.1400
v 13.5125 0.6700 4.4400
v 13.4675 0.6700 4.4400
v 13.4625 0.6700 4.1400
v 13.5175 0.6700 4.1400
v 13.5175 0.6700 4.4000
v 13.4625 0.6700 4.4000
v 13.4625 0.7050 4.1400
v 13.5175 0.7050 4.1400
v 13.5175 0.7050 4.4000
v 13.4625 0.7050 4.4000
v 12.9575 0.5000 4.1400
v 13.0025 0.5000 4.1400
v 13.0025 0.5000 4.4400
v 12.9575 0.5000 4.4400
v 12.9575 0.6700 4.1400
v 13.0025 0.6700 4.1400
v 13.0025 0.6700 4.4400
v 12.9575 0.6700 4.4400
v 12.9525 0.6700 4.1400
v 13.0075 0.6700 4.1400
v 13.0075 0.6700 4.4000
v 12.9525 0.6700 4.4000
v 12.9525 0.7050 4.1400
v 13.0075 0.7050 4.1400
v 13.0075 0.7050 4.4000
v 12.9525 0.7050 4.4000
v 9.4620 0.0550 3.2220
v 9.5180 0.0550 3.2220
v 9.5180 0.0550 3.2780
v 9.4620 0.0550 3.2780
v 9.4680 0.0450 3.4680
v 9.5120 0.0450 3.4680
v 9.5120 0.0450 3.5120
v 9.4680 0.0450 3.5120
v 9.5220 0.0000 3.4900
v 9.5126 0.0000 3.5126
v 9.4900 0.0000 3.5220
v 9.4674 0.0000 3.5126
v 9.4580 0.0000 3.4900
v 9.4674 0.0000 3.4674
v 9.4900 0.0000 3.4580
v 9.5126 0.0000 3.4674
v 9.5220 0.0450 3.4900
v 9.5126 0.0450 3.5126
v 9.4900 0.0450 3.5220
v 9.4674 0.0450 3.5126
v 9.4580 0.0450 3.4900
v 9.4674 0.0450 3.4674
v 9.4900 0.0450 3.4580
v 9.5126 0.0450 3.4674
v 9.4620 0.0550 3.2220
v 9.5180 0.0550 3.2220
v 9.5180 0.0550 3.2780
v 9.4620 0.0550 3.2780
v 9.2397 0.0450 3.3022
v 9.2837 0.0450 3.3022
v 9.2837 0.0450 3.3462
v 9.2397 0.0450 3.3462
v 9.2937 0.0000 3.3242
v 9.2844 0.0000 3.3468
v 9.2617 0.0000 3.3562
v 9.2391 0.0000 3.3468
v 9.2297 0.0000 3.3242
v 9.2391 0.0000 3.3015
v 9.2617 0.0000 3.2922
v 9.2844 0.0000 3.3015
v 9.2937 0.0450 3.3242
v 9.2844 0.0450 3.3468
v 9.2617 0.0450 3.3562
v 9.2391 0.0450 3.3468
v 9.2297 0.0450 3.3242
v 9.2391 0.0450 3.3015
v 9.2617 0.0450 3.2922
v 9.2844 0.0450 3.3015
v 9.4620 0.0550 3.2220
v 9.5180 0.0550 3.2220
v 9.5180 0.0550 3.2780
v 9.4620 0.0550 3.2780
v 9.3269 0.0450 3.0338
v 9.3709 0.0450 3.0338
v 9.3709 0.0450 3.0778
v 9.3269 0.0450 3.0778
v 9.3809 0.0000 3.0558
v 9.3716 0.0000 3.0785
v 9.3489 0.0000 3.0878
v 9.3263 0.0000 3.0785
v 9.3169 0.0000 3.0558
v 9.3263 0.0000 3.0332
v 9.3489 0.0000 3.0238
v 9.3716 0.0000 3.0332
v 9.3809 0.0450 3.0558
v 9.3716 0.0450 3.0785
v 9.3489 0.0450 3.0878
v 9.3263 0.0450 3.0785
v 9.3169 0.0450 3.0558
v 9.3263 0.0450 3.0332
v 9.3489 0.0450 3.0238
v 9.3716 0.0450 3.0332
v 9.4620 0.0550 3.2220
v 9.5180 0.0550 3.2220
v 9.5180 0.0550 3.2780
v 9.4620 0.0550 3.2780
v 9.6091 0.0450 3.0338
v 9.6531 0.0450 3.0338
v 9.6531 0.0450 3.0778
v 9.6091 0.0450 3.0778
v 9.6631 0.0000 3.0558
v 9.6537 0.0000 3.0785
v 9.6311 0.0000 3.0878
v 9.6084 0.0000 3.0785
v 9.5991 0.0000 3.0558
v 9.6084 0.0000 3.0332
v 9.6311 0.0000 3.0238
v 9.6537 0.0000 3.0332
v 9.6631 0.0450 3.0558
v 9.6537 0.0450 3.0785
v 9.6311 0.0450 3.0878
v 9.6084 0.0450 3.0785
v 9.5991 0.0450 3.0558
v 9.6084 0.0450 3.0332
v 9.6311 0.0450 3.0238
v 9.6537 0.0450 3.0332
v 9.4620 0.0550 3.2220
v 9.5180 0.0550 3.2220
v 9.5180 0.0550 3.2780
v 9.4620 0.0550 3.2780
v 9.6963 0.0450 3.3022
v 9.7403 0.0450 3.3022
v 9.7403 0.0450 3.3462
v 9.6963 0.0450 3.3462
v 9.7503 0.0000 3.3242
v 9.7409 0.0000 3.3468
v 9.7183 0.0000 3.3562
v 9.6956 0.0000 3.3468
v 9.6863 0.0000 3.3242
v 9.6956 0.0000 3.3015
v 9.7183 0.0000 3.2922
v 9.7409 0.0000 3.3015
v 9.7503 0.0450 3.3242
v 9.7409 0.0450 3.3468
v 9.7183 0.0450 3.3562
v 9.6956 0.0450 3.3468
v 9.6863 0.0450 3.3242
v 9.6956 0.0450 3.3015
v 9.7183 0.0450 3.2922
v 9.7409 0.0450 3.3015
v 9.5380 0.0500 3.2500
v 9.5288 0.0500 3.2782
v 9.5048 0.0500 3.2957
v 9.4752 0.0500 3.2957
v 9.4512 0.0500 3.2782
v 9.4420 0.0500 3.2500
v 9.4512 0.0500 3.2218
v 9.4752 0.0500 3.2043
v 9.5048 0.0500 3.2043
v 9.5288 0.0500 3.2218
v 9.5380 0.1100 3.2500
v 9.5288 0.1100 3.2782
v 9.5048 0.1100 3.2957
v 9.4752 0.1100 3.2957
v 9.4512 0.1100 3.2782
v 9.4420 0.1100 3.2500
v 9.4512 0.1100 3.2218
v 9.4752 0.1100 3.2043
v 9.5048 0.1100 3.2043
v 9.5288 0.1100 3.2218
v 9.5220 0.1100 3.2500
v 9.5159 0.1100 3.2688
v 9.4999 0.1100 3.2804
v 9.4801 0.1100 3.2804
v 9.4641 0.1100 3.2688
v 9.4580 0.1100 3.2500
v 9.4641 0.1100 3.2312
v 9.4801 0.1100 3.2196
v 9.4999 0.1100 3.2196
v 9.5159 0.1100 3.2312
v 9.5220 0.4100 3.2500
v 9.5159 0.4100 3.2688
v 9.4999 0.4100 3.2804
v 9.4801 0.4100 3.2804
v 9.4641 0.4100 3.2688
v 9.4580 0.4100 3.2500
v 9.4641 0.4100 3.2312
v 9.4801 0.4100 3.2196
v 9.4999 0.4100 3.2196
v 9.5159 0.4100 3.2312
v 9.5450 0.4100 3.2500
v 9.5345 0.4100 3.2823
v 9.5070 0.4100 3.3023
v 9.4730 0.4100 3.3023
v 9.4455 0.4100 3.2823
v 9.4350 0.4100 3.2500
v 9.4455 0.4100 3.2177
v 9.4730 0.4100 3.1977
v 9.5070 0.4100 3.1977
v 9.5345 0.4100 3.2177
v 9.5450 0.4500 3.2500
v 9.5345 0.4500 3.2823
v 9.5070 0.4500 3.3023
v 9.4730 0.4500 3.3023
v 9.4455 0.4500 3.2823
v 9.4350 0.4500 3.2500
v 9.4455 0.4500 3.2177
v 9.4730 0.4500 3.1977
v 9.5070 0.4500 3.1977
v 9.5345 0.4500 3.2177
v 9.2750 0.4500 3.0150
v 9.7250 0.4500 3.0150
v 9.7250 0.4500 3.4850
v 9.2750 0.4500 3.4850
v 9.2750 0.5050 3.0150
v 9.7250 0.5050 3.0150
v 9.7250 0.5050 3.4850
v 9.2750 0.5050 3.4850
v 9.6250 0.4400 3.0350
v 9.7350 0.4400 3.0350
v 9.7350 0.4400 3.4650
v 9.6250 0.4400 3.4650
v 9.6250 0.4850 3.0350
v 9.7350 0.4850 3.0350
v 9.7350 0.4850 3.4650
v 9.6250 0.4850 3.4650
v 9.2660 0.5200 3.4390
v 9.3040 0.5200 3.4390
v 9.3040 0.5200 3.4710
v 9.2660 0.5200 3.4710
v 9.2660 0.6700 3.4390
v 9.3040 0.6700 3.4390
v 9.3040 0.6700 3.4710
v 9.2660 0.6700 3.4710
v 9.2660 0.5200 3.0290
v 9.3040 0.5200 3.0290
v 9.3040 0.5200 3.0610
v 9.2660 0.5200 3.0610
v 9.2660 0.6700 3.0290
v 9.3040 0.6700 3.0290
v 9.3040 0.6700 3.0610
v 9.2660 0.6700 3.0610
v 9.2770 0.5200 3.0600
v 9.2930 0.5200 3.0600
v 9.2930 0.5200 3.4400
v 9.2770 0.5200 3.4400
v 9.2770 0.6700 3.0600
v 9.2930 0.6700 3.0600
v 9.2930 0.6700 3.4400
v 9.2770 0.6700 3.4400
v 9.2490 0.6700 3.4390
v 9.2870 0.6700 3.4390
v 9.2870 0.6700 3.4710
v 9.2490 0.6700 3.4710
v 9.2490 0.8300 3.4390
v 9.2870 0.8300 3.4390
v 9.2870 0.8300 3.4710
v 9.2490 0.8300 3.4710
v 9.2490 0.6700 3.0290
v 9.2870 0.6700 3.0290
v 9.2870 0.6700 3.0610
v 9.2490 0.6700 3.0610
v 9.2490 0.8300 3.0290
v 9.2870 0.8300 3.0290
v 9.2870 0.8300 3.0610
v 9.2490 0.8300 3.0610
v 9.2600 0.6700 3.0600
v 9.2760 0.6700 3.0600
v 9.2760 0.6700 3.4400
v 9.2600 0.6700 3.4400
v 9.2600 0.8300 3.0600
v 9.2760 0.8300 3.0600
v 9.2760 0.8300 3.4400
v 9.2600 0.8300 3.4400
v 9.2290 0.8300 3.4390
v 9.2670 0.8300 3.4390
v 9.2670 0.8300 3.4710
v 9.2290 0.8300 3.4710
v 9.2290 0.9700 3.4390
v 9.2670 0.9700 3.4390
v 9.2670 0.9700 3.4710
v 9.2290 0.9700 3.4710
v 9.2290 0.8300 3.0290
v 9.2670 0.8300 3.0290
v 9.2670 0.8300 3.0610
v 9.2290 0.8300 3.0610
v 9.2290 0.9700 3.0290
v 9.2670 0.9700 3.0290
v 9.2670 0.9700 3.0610
v 9.2290 0.9700 3.0610
v 9.2400 0.8300 3.0600
v 9.2560 0.8300 3.0600
v 9.2560 0.8300 3.4400
v 9.2400 0.8300 3.4400
v 9.2400 0.9700 3.0600
v 9.2560 0.9700 3.0600
v 9.2560 0.9700 3.4400
v 9.2400 0.9700 3.4400
v 9.2240 0.9550 3.0300
v 9.2660 0.9550 3.0300
v 9.2660 0.9550 3.4700
v 9.2240 0.9550 3.4700
v 9.2240 0.9900 3.0300
v 9.2660 0.9900 3.0300
v 9.2660 0.9900 3.4700
v 9.2240 0.9900 3.4700
v 9.2750 0.5000 3.1950
v 9.3250 0.5000 3.1950
v 9.3250 0.5000 3.3050
v 9.2750 0.5000 3.3050
v 9.2750 0.5900 3.1950
v 9.3250 0.5900 3.1950
v 9.3250 0.5900 3.3050
v 9.2750 0.5900 3.3050
v 9.3200 0.5000 3.4825
v 9.6200 0.5000 3.4825
v 9.6200 0.5000 3.5275
v 9.3200 0.5000 3.5275
v 9.3200 0.6700 3.4825
v 9.6200 0.6700 3.4825
v 9.6200 0.6700 3.5275
v 9.3200 0.6700 3.5275
v 9.3600 0.6700 3.4775
v 9.6200 0.6700 3.4775
v 9.6200 0.6700 3.5325
v 9.3600 0.6700 3.5325
v 9.3600 0.7050 3.4775
v 9.6200 0.7050 3.4775
v 9.6200 0.7050 3.5325
v 9.3600 0.7050 3.5325
v 9.3200 0.5000 2.9725
v 9.6200 0.5000 2.9725
v 9.6200 0.5000 3.0175
v 9.3200 0.5000 3.0175
v 9.3200 0.6700 2.9725
v 9.6200 0.6700 2.9725
v 9.6200 0.6700 3.0175
v 9.3200 0.6700 3.0175
v 9.3600 0.6700 2.9675
v 9.6200 0.6700 2.9675
v 9.6200 0.6700 3.0225
v 9.3600 0.6700 3.0225
v 9.3600 0.7050 2.9675
v 9.6200 0.7050 2.9675
v 9.6200 0.7050 3.0225
v 9.3600 0.7050 3.0225
v 14.1020 0.0550 3.2220
v 14.1580 0.0550 3.2220
v 14.1580 0.0550 3.2780
v 14.1020 0.0550 3.2780
v 14.1080 0.0450 2.9880
v 14.1520 0.0450 2.9880
v 14.1520 0.0450 3.0320
v 14.1080 0.0450 3.0320
v 14.1620 0.0000 3.0100
v 14.1526 0.0000 3.0326
v 14.1300 0.0000 3.0420
v 14.1074 0.0000 3.0326
v 14.0980 0.0000 3.0100
v 14.1074 0.0000 2.9874
v 14.1300 0.0000 2.9780
v 14.1526 0.0000 2.9874
v 14.1620 0.0450 3.0100
v 14.1526 0.0450 3.0326
v 14.1300 0.0450 3.0420
v 14.1074 0.0450 3.0326
v 14.0980 0.0450 3.0100
v 14.1074 0.0450 2.9874
v 14.1300 0.0450 2.9780
v 14.1526 0.0450 2.9874
v 14.1020 0.0550 3.2220
v 14.1580 0.0550 3.2220
v 14.1580 0.0550 3.2780
v 14.1020 0.0550 3.2780
v 14.3363 0.0450 3.1538
v 14.3803 0.0450 3.1538
v 14.3803 0.0450 3.1978
v 14.3363 0.0450 3.1978
v 14.3903 0.0000 3.1758
v 14.3809 0.0000 3.1985
v 14.3583 0.0000 3.2078
v 14.3356 0.0000 3.1985
v 14.3263 0.0000 3.1758
v 14.3356 0.0000 3.1532
v 14.3583 0.0000 3.1438
v 14.3809 0.0000 3.1532
v 14.3903 0.0450 3.1758
v 14.3809 0.0450 3.1985
v 14.3583 0.0450 3.2078
v 14.3356 0.0450 3.1985
v 14.3263 0.0450 3.1758
v 14.3356 0.0450 3.1532
v 14.3583 0.0450 3.1438
v 14.3809 0.0450 3.1532
v 14.1020 0.0550 3.2220
v 14.1580 0.0550 3.2220
v 14.1580 0.0550 3.2780
v 14.1020 0.0550 3.2780
v 14.2491 0.0450 3.4222
v 14.2931 0.0450 3.4222
v 14.2931 0.0450 3.4662
v 14.2491 0.0450 3.4662
v 14.3031 0.0000 3.4442
v 14.2937 0.0000 3.4668
v 14.2711 0.0000 3.4762
v 14.2484 0.0000 3.4668
v 14.2391 0.0000 3.4442
v 14.2484 0.0000 3.4215
v 14.2711 0.0000 3.4122
v 14.2937 0.0000 3.4215
v 14.3031 0.0450 3.4442
v 14.2937 0.0450 3.4668
v 14.2711 0.0450 3.4762
v 14.2484 0.0450 3.4668
v 14.2391 0.0450 3.4442
v 14.2484 0.0450 3.4215
v 14.2711 0.0450 3.4122
v 14.2937 0.0450 3.4215
v 14.1020 0.0550 3.2220
v 14.1580 0.0550 3.2220
v 14.1580 0.0550 3.2780
v 14.1020 0.0550 3.2780
v 13.9669 0.0450 3.4222
v 14.0109 0.0450 3.4222
v 14.0109 0.0450 3.4662
v 13.9669 0.0450 3.4662
v 14.0209 0.0000 3.4442
v 14.0116 0.0000 3.4668
v 13.9889 0.0000 3.4762
v 13.9663 0.0000 3.4668
v 13.9569 0.0000 3.4442
v 13.9663 0.0000 3.4215
v 13.9889 0.0000 3.4122
v 14.0116 0.0000 3.4215
v 14.0209 0.0450 3.4442
v 14.0116 0.0450 3.4668
v 13.9889 0.0450 3.4762
v 13.9663 0.0450 3.4668
v 13.9569 0.0450 3.4442
v 13.9663 0.0450 3.4215
v 13.9889 0.0450 3.4122
v 14.0116 0.0450 3.4215
v 14.1020 0.0550 3.2220
v 14.1580 0.0550 3.2220
v 14.1580 0.0550 3.2780
v 14.1020 0.0550 3.2780
v 13.8797 0.0450 3.1538
v 13.9237 0.0450 3.1538
v 13.9237 0.0450 3.1978
v 13.8797 0.0450 3.1978
v 13.9337 0.0000 3.1758
v 13.9244 0.0000 3.1985
v 13.9017 0.0000 3.2078
v 13.8791 0.0000 3.1985
v 13.8697 0.0000 3.1758
v 13.8791 0.0000 3.1532
v 13.9017 0.0000 3.1438
v 13.9244 0.0000 3.1532
v 13.9337 0.0450 3.1758
v 13.9244 0.0450 3.1985
v 13.9017 0.0450 3.2078
v 13.8791 0.0450 3.1985
v 13.8697 0.0450 3.1758
v 13.8791 0.0450 3.1532
v 13.9017 0.0450 3.1438
v 13.9244 0.0450 3.1532
v 14.1780 0.0500 3.2500
v 14.1688 0.0500 3.2782
v 14.1448 0.0500 3.2957
v 14.1152 0.0500 3.2957
v 14.0912 0.0500 3.2782
v 14.0820 0.0500 3.2500
v 14.0912 0.0500 3.2218
v 14.1152 0.0500 3.2043
v 14.1448 0.0500 3.2043
v 14.1688 0.0500 3.2218
v 14.1780 0.1100 3.2500
v 14.1688 0.1100 3.2782
v 14.1448 0.1100 3.2957
v 14.1152 0.1100 3.2957
v 14.0912 0.1100 3.2782
v 14.0820 0.1100 3.2500
v 14.0912 0.1100 3.2218
v 14.1152 0.1100 3.2043
v 14.1448 0.1100 3.2043
v 14.1688 0.1100 3.2218
v 14.1620 0.1100 3.2500
v 14.1559 0.1100 3.2688
v 14.1399 0.1100 3.2804
v 14.1201 0.1100 3.2804
v 14.1041 0.1100 3.2688
v 14.0980 0.1100 3.2500
v 14.1041 0.1100 3.2312
v 14.1201 0.1100 3.2196
v 14.1399 0.1100 3.2196
v 14.1559 0.1100 3.2312
v 14.1620 0.4100 3.2500
v 14.1559 0.4100 3.2688
v 14.1399 0.4100 3.2804
v 14.1201 0.4100 3.2804
v 14.1041 0.4100 3.2688
v 14.0980 0.4100 3.2500
v 14.1041 0.4100 3.2312
v 14.1201 0.4100 3.2196
v 14.1399 0.4100 3.2196
v 14.1559 0.4100 3.2312
v 14.1850 0.4100 3.2500
v 14.1745 0.4100 3.2823
v 14.1470 0.4100 3.3023
v 14.1130 0.4100 3.3023
v 14.0855 0.4100 3.2823
v 14.0750 0.4100 3.2500
v 14.0855 0.4100 3.2177
v 14.1130 0.4100 3.1977
v 14.1470 0.4100 3.1977
v 14.1745 0.4100 3.2177
v 14.1850 0.4500 3.2500
v 14.1745 0.4500 3.2823
v 14.1470 0.4500 3.3023
v 14.1130 0.4500 3.3023
v 14.0855 0.4500 3.2823
v 14.0750 0.4500 3.2500
v 14.0855 0.4500 3.2177
v 14.1130 0.4500 3.1977
v 14.1470 0.4500 3.1977
v 14.1745 0.4500 3.2177
v 13.8950 0.4500 3.0150
v 14.3450 0.4500 3.0150
v 14.3450 0.4500 3.4850
v 13.8950 0.4500 3.4850
v 13.8950 0.5050 3.0150
v 14.3450 0.5050 3.0150
v 14.3450 0.5050 3.4850
v 13.8950 0.5050 3.4850
v 13.8850 0.4400 3.0350
v 13.9950 0.4400 3.0350
v 13.9950 0.4400 3.4650
v 13.8850 0.4400 3.4650
v 13.8850 0.4850 3.0350
v 13.9950 0.4850 3.0350
v 13.9950 0.4850 3.4650
v 13.8850 0.4850 3.4650
v 14.3160 0.5200 3.0290
v 14.3540 0.5200 3.0290
v 14.3540 0.5200 3.0610
v 14.3160 0.5200 3.0610
v 14.3160 0.6700 3.0290
v 14.3540 0.6700 3.0290
v 14.3540 0.6700 3.0610
v 14.3160 0.6700 3.0610
v 14.3160 0.5200 3.4390
v 14.3540 0.5200 3.4390
v 14.3540 0.5200 3.4710
v 14.3160 0.5200 3.4710
v 14.3160 0.6700 3.4390
v 14.3540 0.6700 3.4390
v 14.3540 0.6700 3.4710
v 14.3160 0.6700 3.4710
v 14.3270 0.5200 3.0600
v 14.3430 0.5200 3.0600
v 14.3430 0.5200 3.4400
v 14.3270 0.5200 3.4400
v 14.3270 0.6700 3.0600
v 14.3430 0.6700 3.0600
v 14.3430 0.6700 3.4400
v 14.3270 0.6700 3.4400
v 14.3330 0.6700 3.0290
v 14.3710 0.6700 3.0290
v 14.3710 0.6700 3.0610
v 14.3330 0.6700 3.0610
v 14.3330 0.8300 3.0290
v 14.3710 0.8300 3.0290
v 14.3710 0.8300 3.0610
v 14.3330 0.8300 3.0610
v 14.3330 0.6700 3.4390
v 14.3710 0.6700 3.4390
v 14.3710 0.6700 3.4710
v 14.3330 0.6700 3.4710
v 14.3330 0.8300 3.4390
v 14.3710 0.8300 3.4390
v 14.3710 0.8300 3.4710
v 14.3330 0.8300 3.4710
v 14.3440 0.6700 3.0600
v 14.3600 0.6700 3.0600
v 14.3600 0.6700 3.4400
v 14.3440 0.6700 3.4400
v 14.3440 0.8300 3.0600
v 14.3600 0.8300 3.0600
v 14.3600 0.8300 3.4400
v 14.3440 0.8300 3.4400
v 14.3530 0.8300 3.0290
v 14.3910 0.8300 3.0290
v 14.3910 0.8300 3.0610
v 14.3530 0.8300 3.0610
v 14.3530 0.9700 3.0290
v 14.3910 0.9700 3.0290
v 14.3910 0.9700 3.0610
v 14.3530 0.9700 3.0610
v 14.3530 0.8300 3.4390
v 14.3910 0.8300 3.4390
v 14.3910 0.8300 3.4710
v 14.3530 0.8300 3.4710
v 14.3530 0.9700 3.4390
v 14.3910 0.9700 3.4390
v 14.3910 0.9700 3.4710
v 14.3530 0.9700 3.4710
v 14.3640 0.8300 3.0600
v 14.3800 0.8300 3.0600
v 14.3800 0.8300 3.4400
v 14.3640 0.8300 3.4400
v 14.3640 0.9700 3.0600
v 14.3800 0.9700 3.0600
v 14.3800 0.9700 3.4400
v 14.3640 0.9700 3.4400
v 14.3540 0.9550 3.0300
v 14.3960 0.9550 3.0300
v 14.3960 0.9550 3.4700
v 14.3540 0.9550 3.4700
v 14.3540 0.9900 3.0300
v 14.3960 0.9900 3.0300
v 14.3960 0.9900 3.4700
v 14.3540 0.9900 3.4700
v 14.2950 0.5000 3.1950
v 14.3450 0.5000 3.1950
v 14.3450 0.5000 3.3050
v 14.2950 0.5000 3.3050
v 14.2950 0.5900 3.1950
v 14.3450 0.5900 3.1950
v 14.3450 0.5900 3.3050
v 14.2950 0.5900 3.3050
v 14.0000 0.5000 2.9725
v 14.3000 0.5000 2.9725
v 14.3000 0.5000 3.0175
v 14.0000 0.5000 3.0175
v 14.0000 0.6700 2.9725
v 14.3000 0.6700 2.9725
v 14.3000 0.6700 3.0175
v 14.0000 0.6700 3.0175
v 14.0000 0.6700 2.9675
v 14.2600 0.6700 2.9675
v 14.2600 0.6700 3.0225
v 14.0000 0.6700 3.0225
v 14.0000 0.7050 2.9675
v 14.2600 0.7050 2.9675
v 14.2600 0.7050 3.0225
v 14.0000 0.7050 3.0225
v 14.0000 0.5000 3.4825
v 14.3000 0.5000 3.4825
v 14.3000 0.5000 3.5275
v 14.0000 0.5000 3.5275
v 14.0000 0.6700 3.4825
v 14.3000 0.6700 3.4825
v 14.3000 0.6700 3.5275
v 14.0000 0.6700 3.5275
v 14.0000 0.6700 3.4775
v 14.2600 0.6700 3.4775
v 14.2600 0.6700 3.5325
v 14.0000 0.6700 3.5325
v 14.0000 0.7050 3.4775
v 14.2600 0.7050 3.4775
v 14.2600 0.7050 3.5325
v 14.0000 0.7050 3.5325
v 0.3000 0.8600 6.4800
v 2.5000 0.8600 6.4800
v 2.5000 0.8600 7.0800
v 0.3000 0.8600 7.0800
v 0.3000 0.9000 6.4800
v 2.5000 0.9000 6.4800
v 2.5000 0.9000 7.0800
v 0.3000 0.9000 7.0800
v 0.3650 0.0000 6.5450
v 0.4150 0.0000 6.5450
v 0.4150 0.0000 6.5950
v 0.3650 0.0000 6.5950
v 0.3650 0.8600 6.5450
v 0.4150 0.8600 6.5450
v 0.4150 0.8600 6.5950
v 0.3650 0.8600 6.5950
v 2.3850 0.0000 6.5450
v 2.4350 0.0000 6.5450
v 2.4350 0.0000 6.5950
v 2.3850 0.0000 6.5950
v 2.3850 0.8600 6.5450
v 2.4350 0.8600 6.5450
v 2.4350 0.8600 6.5950
v 2.3850 0.8600 6.5950
v 0.3650 0.0000 6.9650
v 0.4150 0.0000 6.9650
v 0.4150 0.0000 7.0150
v 0.3650 0.0000 7.0150
v 0.3650 0.8600 6.9650
v 0.4150 0.8600 6.9650
v 0.4150 0.8600 7.0150
v 0.3650 0.8600 7.0150
v 2.3850 0.0000 6.9650
v 2.4350 0.0000 6.9650
v 2.4350 0.0000 7.0150
v 2.3850 0.0000 7.0150
v 2.3850 0.8600 6.9650
v 2.4350 0.8600 6.9650
v 2.4350 0.8600 7.0150
v 2.3850 0.8600 7.0150
v 12.0050 0.7100 7.3000
v 13.8550 0.7100 7.3000
v 13.8550 0.7100 8.1200
v 12.0050 0.7100 8.1200
v 12.0050 0.7500 7.3000
v 13.8550 0.7500 7.3000
v 13.8550 0.7500 8.1200
v 12.0050 0.7500 8.1200
v 12.0700 0.0000 7.3650
v 12.1200 0.0000 7.3650
v 12.1200 0.0000 7.4150
v 12.0700 0.0000 7.4150
v 12.0700 0.7100 7.3650
v 12.1200 0.7100 7.3650
v 12.1200 0.7100 7.4150
v 12.0700 0.7100 7.4150
v 13.7400 0.0000 7.3650
v 13.7900 0.0000 7.3650
v 13.7900 0.0000 7.4150
v 13.7400 0.0000 7.4150
v 13.7400 0.7100 7.3650
v 13.7900 0.7100 7.3650
v 13.7900 0.7100 7.4150
v 13.7400 0.7100 7.4150
v 12.0700 0.0000 8.0050
v 12.1200 0.0000 8.0050
v 12.1200 0.0000 8.0550
v 12.0700 0.0000 8.0550
v 12.0700 0.7100 8.0050
v 12.1200 0.7100 8.0050
v 12.1200 0.7100 8.0550
v 12.0700 0.7100 8.0550
v 13.7400 0.0000 8.0050
v 13.7900 0.0000 8.0050
v 13.7900 0.0000 8.0550
v 13.7400 0.0000 8.0550
v 13.7400 0.7100 8.0050
v 13.7900 0.7100 8.0050
v 13.7900 0.7100 8.0550
v 13.7400 0.7100 8.0550
v 12.9020 0.0550 6.8220
v 12.9580 0.0550 6.8220
v 12.9580 0.0550 6.8780
v 12.9020 0.0550 6.8780
v 12.6680 0.0450 6.8280
v 12.7120 0.0450 6.8280
v 12.7120 0.0450 6.8720
v 12.6680 0.0450 6.8720
v 12.7220 0.0000 6.8500
v 12.7126 0.0000 6.8726
v 12.6900 0.0000 6.8820
v 12.6674 0.0000 6.8726
v 12.6580 0.0000 6.8500
v 12.6674 0.0000 6.8274
v 12.6900 0.0000 6.8180
v 12.7126 0.0000 6.8274
v 12.7220 0.0450 6.8500
v 12.7126 0.0450 6.8726
v 12.6900 0.0450 6.8820
v 12.6674 0.0450 6.8726
v 12.6580 0.0450 6.8500
v 12.6674 0.0450 6.8274
v 12.6900 0.0450 6.8180
v 12.7126 0.0450 6.8274
v 12.9020 0.0550 6.8220
v 12.9580 0.0550 6.8220
v 12.9580 0.0550 6.8780
v 12.9020 0.0550 6.8780
v 12.8338 0.0450 6.5997
v 12.8778 0.0450 6.5997
v 12.8778 0.0450 6.6437
v 12.8338 0.0450 6.6437
v 12.8878 0.0000 6.6217
v 12.8785 0.0000 6.6444
v 12.8558 0.0000 6.6537
v 12.8332 0.0000 6.6444
v 12.8238 0.0000 6.6217
v 12.8332 0.0000 6.5991
v 12.8558 0.0000 6.5897
v 12.8785 0.0000 6.5991
v 12.8878 0.0450 6.6217
v 12.8785 0.0450 6.6444
v 12.8558 0.0450 6.6537
v 12.8332 0.0450 6.6444
v 12.8238 0.0450 6.6217
v 12.8332 0.0450 6.5991
v 12.8558 0.0450 6.5897
v 12.8785 0.0450 6.5991
v 12.9020 0.0550 6.8220
v 12.9580 0.0550 6.8220
v 12.9580 0.0550 6.8780
v 12.9020 0.0550 6.8780
v 13.1022 0.0450 6.6869
v 13.1462 0.0450 6.6869
v 13.1462 0.0450 6.7309
v 13.1022 0.0450 6.7309
v 13.1562 0.0000 6.7089
v 13.1468 0.0000 6.7316
v 13.1242 0.0000 6.7409
v 13.1015 0.0000 6.7316
v 13.0922 0.0000 6.7089
v 13.1015 0.0000 6.6863
v 13.1242 0.0000 6.6769
v 13.1468 0.0000 6.6863
v 13.1562 0.0450 6.7089
v 13.1468 0.0450 6.7316
v 13.1242 0.0450 6.7409
v 13.1015 0.0450 6.7316
v 13.0922 0.0450 6.7089
v 13.1015 0.0450 6.6863
v 13.1242 0.0450 6.6769
v 13.1468 0.0450 6.6863
v 12.9020 0.0550 6.8220
v 12.9580 0.0550 6.8220
v 12.9580 0.0550 6.8780
v 12.9020 0.0550 6.8780
v 13.1022 0.0450 6.9691
v 13.1462 0.0450 6.9691
v 13.1462 0.0450 7.0131
v 13.1022 0.0450 7.0131
v 13.1562 0.0000 6.9911
v 13.1468 0.0000 7.0137
v 13.1242 0.0000 7.0231
v 13.1015 0.0000 7.0137
v 13.0922 0.0000 6.9911
v 13.1015 0.0000 6.9684
v 13.1242 0.0000 6.9591
v 13.1468 0.0000 6.9684
v 13.1562 0.0450 6.9911
v 13.1468 0.0450 7.0137
v 13.1242 0.0450 7.0231
v 13.1015 0.0450 7.0137
v 13.0922 0.0450 6.9911
v 13.1015 0.0450 6.9684
v 13.1242 0.0450 6.9591
v 13.1468 0.0450 6.9684
v 12.9020 0.0550 6.8220
v 12.9580 0.0550 6.8220
v 12.9580 0.0550 6.8780
v 12.9020 0.0550 6.8780
v 12.8338 0.0450 7.0563
v 12.8778 0.0450 7.0563
v 12.8778 0.0450 7.1003
v 12.8338 0.0450 7.1003
v 12.8878 0.0000 7.0783
v 12.8785 0.0000 7.1009
v 12.8558 0.0000 7.1103
v 12.8332 0.0000 7.1009
v 12.8238 0.0000 7.0783
v 12.8332 0.0000 7.0556
v 12.8558 0.0000 7.0463
v 12.8785 0.0000 7.0556
v 12.8878 0.0450 7.0783
v 12.8785 0.0450 7.1009
v 12.8558 0.0450 7.1103
v 12.8332 0.0450 7.1009
v 12.8238 0.0450 7.0783
v 12.8332 0.0450 7.0556
v 12.8558 0.0450 7.0463
v 12.8785 0.0450 7.0556
v 12.9780 0.0500 6.8500
v 12.9688 0.0500 6.8782
v 12.9448 0.0500 6.8957
v 12.9152 0.0500 6.8957
v 12.8912 0.0500 6.8782
v 12.8820 0.0500 6.8500
v 12.8912 0.0500 6.8218
v 12.9152 0.0500 6.8043
v 12.9448 0.0500 6.8043
v 12.9688 0.0500 6.8218
v 12.9780 0.1100 6.8500
v 12.9688 0.1100 6.8782
v 12.9448 0.1100 6.8957
v 12.9152 0.1100 6.8957
v 12.8912 0.1100 6.8782
v 12.8820 0.1100 6.8500
v 12.8912 0.1100 6.8218
v 12.9152 0.1100 6.8043
v 12.9448 0.1100 6.8043
v 12.9688 0.1100 6.8218
v 12.9620 0.1100 6.8500
v 12.9559 0.1100 6.8688
v 12.9399 0.1100 6.8804
v 12.9201 0.1100 6.8804
v 12.9041 0.1100 6.8688
v 12.8980 0.1100 6.8500
v 12.9041 0.1100 6.8312
v 12.9201 0.1100 6.8196
v 12.9399 0.1100 6.8196
v 12.9559 0.1100 6.8312
v 12.9620 0.4100 6.8500
v 12.9559 0.4100 6.8688
v 12.9399 0.4100 6.8804
v 12.9201 0.4100 6.8804
v 12.9041 0.4100 6.8688
v 12.8980 0.4100 6.8500
v 12.9041 0.4100 6.8312
v 12.9201 0.4100 6.8196
v 12.9399 0.4100 6.8196
v 12.9559 0.4100 6.8312
v 12.9850 0.4100 6.8500
v 12.9745 0.4100 6.8823
v 12.9470 0.4100 6.9023
v 12.9130 0.4100 6.9023
v 12.8855 0.4100 6.8823
v 12.8750 0.4100 6.8500
v 12.8855 0.4100 6.8177
v 12.9130 0.4100 6.7977
v 12.9470 0.4100 6.7977
v 12.9745 0.4100 6.8177
v 12.9850 0.4500 6.8500
v 12.9745 0.4500 6.8823
v 12.9470 0.4500 6.9023
v 12.9130 0.4500 6.9023
v 12.8855 0.4500 6.8823
v 12.8750 0.4500 6.8500
v 12.8855 0.4500 6.8177
v 12.9130 0.4500 6.7977
v 12.9470 0.4500 6.7977
v 12.9745 0.4500 6.8177
v 12.6950 0.4500 6.6150
v 13.1650 0.4500 6.6150
v 13.1650 0.4500 7.0650
v 12.6950 0.4500 7.0650
v 12.6950 0.5050 6.6150
v 13.1650 0.5050 6.6150
v 13.1650 0.5050 7.0650
v 12.6950 0.5050 7.0650
v 12.7150 0.4400 6.6050
v 13.1450 0.4400 6.6050
v 13.1450 0.4400 6.7150
v 12.7150 0.4400 6.7150
v 12.7150 0.4850 6.6050
v 13.1450 0.4850 6.6050
v 13.1450 0.4850 6.7150
v 12.7150 0.4850 6.7150
v 13.1190 0.5200 7.0360
v 13.1510 0.5200 7.0360
v 13.1510 0.5200 7.0740
v 13.1190 0.5200 7.0740
v 13.1190 0.6700 7.0360
v 13.1510 0.6700 7.0360
v 13.1510 0.6700 7.0740
v 13.1190 0.6700 7.0740
v 12.7090 0.5200 7.0360
v 12.7410 0.5200 7.0360
v 12.7410 0.5200 7.0740
v 12.7090 0.5200 7.0740
v 12.7090 0.6700 7.0360
v 12.7410 0.6700 7.0360
v 12.7410 0.6700 7.0740
v 12.7090 0.6700 7.0740
v 12.7400 0.5200 7.0470
v 13.1200 0.5200 7.0470
v 13.1200 0.5200 7.0630
v 12.7400 0.5200 7.0630
v 12.7400 0.6700 7.0470
v 13.1200 0.6700 7.0470
v 13.1200 0.6700 7.0630
v 12.7400 0.6700 7.0630
v 13.1190 0.6700 7.0530
v 13.1510 0.6700 7.0530
v 13.1510 0.6700 7.0910
v 13.1190 0.6700 7.0910
v 13.1190 0.8300 7.0530
v 13.1510 0.8300 7.0530
v 13.1510 0.8300 7.0910
v 13.1190 0.8300 7.0910
v 12.7090 0.6700 7.0530
v 12.7410 0.6700 7.0530
v 12.7410 0.6700 7.0910
v 12.7090 0.6700 7.0910
v 12.7090 0.8300 7.0530
v 12.7410 0.8300 7.0530
v 12.7410 0.8300 7.0910
v 12.7090 0.8300 7.0910
v 12.7400 0.6700 7.0640
v 13.1200 0.6700 7.0640
v 13.1200 0.6700 7.0800
v 12.7400 0.6700 7.0800
v 12.7400 0.8300 7.0640
v 13.1200 0.8300 7.0640
v 13.1200 0.8300 7.0800
v 12.7400 0.8300 7.0800
v 13.1190 0.8300 7.0730
v 13.1510 0.8300 7.0730
v 13.1510 0.8300 7.1110
v 13.1190 0.8300 7.1110
v 13.1190 0.9700 7.0730
v 13.1510 0.9700 7.0730
v 13.1510 0.9700 7.1110
v 13.1190 0.9700 7.1110
v 12.7090 0.8300 7.0730
v 12.7410 0.8300 7.0730
v 12.7410 0.8300 7.1110
v 12.7090 0.8300 7.1110
v 12.7090 0.9700 7.0730
v 12.7410 0.9700 7.0730
v 12.7410 0.9700 7.1110
v 12.7090 0.9700 7.1110
v 12.7400 0.8300 7.0840
v 13.1200 0.8300 7.0840
v 13.1200 0.8300 7.1000
v 12.7400 0.8300 7.1000
v 12.7400 0.9700 7.0840
v 13.1200 0.9700 7.0840
v 13.1200 0.9700 7.1000
v 12.7400 0.9700 7.1000
v 12.7100 0.9550 7.0740
v 13.1500 0.9550 7.0740
v 13.1500 0.9550 7.1160
v 12.7100 0.9550 7.1160
v 12.7100 0.9900 7.0740
v 13.1500 0.9900 7.0740
v 13.1500 0.9900 7.1160
v 12.7100 0.9900 7.1160
v 12.8750 0.5000 7.0150
v 12.9850 0.5000 7.0150
v 12.9850 0.5000 7.0650
v 12.8750 0.5000 7.0650
v 12.8750 0.5900 7.0150
v 12.9850 0.5900 7.0150
v 12.9850 0.5900 7.0650
v 12.8750 0.5900 7.0650
v 13.1625 0.5000 6.7200
v 13.2075 0.5000 6.7200
v 13.2075 0.5000 7.0200
v 13.1625 0.5000 7.0200
v 13.1625 0.6700 6.7200
v 13.2075 0.6700 6.7200
v 13.2075 0.6700 7.0200
v 13.1625 0.6700 7.0200
v 13.1575 0.6700 6.7200
v 13.2125 0.6700 6.7200
v 13.2125 0.6700 6.9800
v 13.1575 0.6700 6.9800
v 13.1575 0.7050 6.7200
v 13.2125 0.7050 6.7200
v 13.2125 0.7050 6.9800
v 13.1575 0.7050 6.9800
v 12.6525 0.5000 6.7200
v 12.6975 0.5000 6.7200
v 12.6975 0.5000 7.0200
v 12.6525 0.5000 7.0200
v 12.6525 0.6700 6.7200
v 12.6975 0.6700 6.7200
v 12.6975 0.6700 7.0200
v 12.6525 0.6700 7.0200
v 12.6475 0.6700 6.7200
v 12.7025 0.6700 6.7200
v 12.7025 0.6700 6.9800
v 12.6475 0.6700 6.9800
v 12.6475 0.7050 6.7200
v 12.7025 0.7050 6.7200
v 12.7025 0.7050 6.9800
v 12.6475 0.7050 6.9800
v 12.4320 0.0550 8.5420
v 12.4880 0.0550 8.5420
v 12.4880 0.0550 8.5980
v 12.4320 0.0550 8.5980
v 12.6780 0.0450 8.5480
v 12.7220 0.0450 8.5480
v 12.7220 0.0450 8.5920
v 12.6780 0.0450 8.5920
v 12.7320 0.0000 8.5700
v 12.7226 0.0000 8.5926
v 12.7000 0.0000 8.6020
v 12.6774 0.0000 8.5926
v 12.6680 0.0000 8.5700
v 12.6774 0.0000 8.5474
v 12.7000 0.0000 8.5380
v 12.7226 0.0000 8.5474
v 12.7320 0.0450 8.5700
v 12.7226 0.0450 8.5926
v 12.7000 0.0450 8.6020
v 12.6774 0.0450 8.5926
v 12.6680 0.0450 8.5700
v 12.6774 0.0450 8.5474
v 12.7000 0.0450 8.5380
v 12.7226 0.0450 8.5474
v 12.4320 0.0550 8.5420
v 12.4880 0.0550 8.5420
v 12.4880 0.0550 8.5980
v 12.4320 0.0550 8.5980
v 12.5122 0.0450 8.7763
v 12.5562 0.0450 8.7763
v 12.5562 0.0450 8.8203
v 12.5122 0.0450 8.8203
v 12.5662 0.0000 8.7983
v 12.5568 0.0000 8.8209
v 12.5342 0.0000 8.8303
v 12.5115 0.0000 8.8209
v 12.5022 0.0000 8.7983
v 12.5115 0.0000 8.7756
v 12.5342 0.0000 8.7663
v 12.5568 0.0000 8.7756
v 12.5662 0.0450 8.7983
v 12.5568 0.0450 8.8209
v 12.5342 0.0450 8.8303
v 12.5115 0.0450 8.8209
v 12.5022 0.0450 8.7983
v 12.5115 0.0450 8.7756
v 12.5342 0.0450 8.7663
v 12.5568 0.0450 8.7756
v 12.4320 0.0550 8.5420
v 12.4880 0.0550 8.5420
v 12.4880 0.0550 8.5980
v 12.4320 0.0550 8.5980
v 12.2438 0.0450 8.6891
v 12.2878 0.0450 8.6891
v 12.2878 0.0450 8.7331
v 12.2438 0.0450 8.7331
v 12.2978 0.0000 8.7111
v 12.2885 0.0000 8.7337
v 12.2658 0.0000 8.7431
v 12.2432 0.0000 8.7337
v 12.2338 0.0000 8.7111
v 12.2432 0.0000 8.6884
v 12.2658 0.0000 8.6791
v 12.2885 0.0000 8.6884
v 12.2978 0.0450 8.7111
v 12.2885 0.0450 8.7337
v 12.2658 0.0450 8.7431
v 12.2432 0.0450 8.7337
v 12.2338 0.0450 8.7111
v 12.2432 0.0450 8.6884
v 12.2658 0.0450 8.6791
v 12.2885 0.0450 8.6884
v 12.4320 0.0550 8.5420
v 12.4880 0.0550 8.5420
v 12.4880 0.0550 8.5980
v 12.4320 0.0550 8.5980
v 12.2438 0.0450 8.4069
v 12.2878 0.0450 8.4069
v 12.2878 0.0450 8.4509
v 12.2438 0.0450 8.4509
v 12.2978 0.0000 8.4289
v 12.2885 0.0000 8.4516
v 12.2658 0.0000 8.4609
v 12.2432 0.0000 8.4516
v 12.2338 0.0000 8.4289
v 12.2432 0.0000 8.4063
v 12.2658 0.0000 8.3969
v 12.2885 0.0000 8.4063
v 12.2978 0.0450 8.4289
v 12.2885 0.0450 8.4516
v 12.2658 0.0450 8.4609
v 12.2432 0.0450 8.4516
v 12.2338 0.0450 8.4289
v 12.2432 0.0450 8.4063
v 12.2658 0.0450 8.3969
v 12.2885 0.0450 8.4063
v 12.4320 0.0550 8.5420
v 12.4880 0.0550 8.5420
v 12.4880 0.0550 8.5980
v 12.4320 0.0550 8.5980
v 12.5122 0.0450 8.3197
v 12.5562 0.0450 8.3197
v 12.5562 0.0450 8.3637
v 12.5122 0.0450 8.3637
v 12.5662 0.0000 8.3417
v 12.5568 0.0000 8.3644
v 12.5342 0.0000 8.3737
v 12.5115 0.0000 8.3644
v 12.5022 0.0000 8.3417
v 12.5115 0.0000 8.3191
v 12.5342 0.0000 8.3097
v 12.5568 0.0000 8.3191
v 12.5662 0.0450 8.3417
v 12.5568 0.0450 8.3644
v 12.5342 0.0450 8.3737
v 12.5115 0.0450 8.3644
v 12.5022 0.0450 8.3417
v 12.5115 0.0450 8.3191
v 12.5342 0.0450 8.3097
v 12.5568 0.0450 8.3191
v 12.5080 0.0500 8.5700
v 12.4988 0.0500 8.5982
v 12.4748 0.0500 8.6157
v 12.4452 0.0500 8.6157
v 12.4212 0.0500 8.5982
v 12.4120 0.0500 8.5700
v 12.4212 0.0500 8.5418
v 12.4452 0.0500 8.5243
v 12.4748 0.0500 8.5243
v 12.4988 0.0500 8.5418
v 12.5080 0.1100 8.5700
v 12.4988 0.1100 8.5982
v 12.4748 0.1100 8.6157
v 12.4452 0.1100 8.6157
v 12.4212 0.1100 8.5982
v 12.4120 0.1100 8.5700
v 12.4212 0.1100 8.5418
v 12.4452 0.1100 8.5243
v 12.4748 0.1100 8.5243
v 12.4988 0.1100 8.5418
v 12.4920 0.1100 8.5700
v 12.4859 0.1100 8.5888
v 12.4699 0.1100 8.6004
v 12.4501 0.1100 8.6004
v 12.4341 0.1100 8.5888
v 12.4280 0.1100 8.5700
v 12.4341 0.1100 8.5512
v 12.4501 0.1100 8.5396
v 12.4699 0.1100 8.5396
v 12.4859 0.1100 8.5512
v 12.4920 0.4100 8.5700
v 12.4859 0.4100 8.5888
v 12.4699 0.4100 8.6004
v 12.4501 0.4100 8.6004
v 12.4341 0.4100 8.5888
v 12.4280 0.4100 8.5700
v 12.4341 0.4100 8.5512
v 12.4501 0.4100 8.5396
v 12.4699 0.4100 8.5396
v 12.4859 0.4100 8.5512
v 12.5150 0.4100 8.5700
v 12.5045 0.4100 8.6023
v 12.4770 0.4100 8.6223
v 12.4430 0.4100 8.6223
v 12.4155 0.4100 8.6023
v 12.4050 0.4100 8.5700
v 12.4155 0.4100 8.5377
v 12.4430 0.4100 8.5177
v 12.4770 0.4100 8.5177
v 12.5045 0.4100 8.5377
v 12.5150 0.4500 8.5700
v 12.5045 0.4500 8.6023
v 12.4770 0.4500 8.6223
v 12.4430 0.4500 8.6223
v 12.4155 0.4500 8.6023
v 12.4050 0.4500 8.5700
v 12.4155 0.4500 8.5377
v 12.4430 0.4500 8.5177
v 12.4770 0.4500 8.5177
v 12.5045 0.4500 8.5377
v 12.2250 0.4500 8.3550
v 12.6950 0.4500 8.3550
v 12.6950 0.4500 8.8050
v 12.2250 0.4500 8.8050
v 12.2250 0.5050 8.3550
v 12.6950 0.5050 8.3550
v 12.6950 0.5050 8.8050
v 12.2250 0.5050 8.8050
v 12.2450 0.4400 8.7050
v 12.6750 0.4400 8.7050
v 12.6750 0.4400 8.8150
v 12.2450 0.4400 8.8150
v 12.2450 0.4850 8.7050
v 12.6750 0.4850 8.7050
v 12.6750 0.4850 8.8150
v 12.2450 0.4850 8.8150
v 12.2390 0.5200 8.3460
v 12.2710 0.5200 8.3460
v 12.2710 0.5200 8.3840
v 12.2390 0.5200 8.3840
v 12.2390 0.6700 8.3460
v 12.2710 0.6700 8.3460
v 12.2710 0.6700 8.3840
v 12.2390 0.6700 8.3840
v 12.6490 0.5200 8.3460
v 12.6810 0.5200 8.3460
v 12.6810 0.5200 8.3840
v 12.6490 0.5200 8.3840
v 12.6490 0.6700 8.3460
v 12.6810 0.6700 8.3460
v 12.6810 0.6700 8.3840
v 12.6490 0.6700 8.3840
v 12.2700 0.5200 8.3570
v 12.6500 0.5200 8.3570
v 12.6500 0.5200 8.3730
v 12.2700 0.5200 8.3730
v 12.2700 0.6700 8.3570
v 12.6500 0.6700 8.3570
v 12.6500 0.6700 8.3730
v 12.2700 0.6700 8.3730
v 12.2390 0.6700 8.3290
v 12.2710 0.6700 8.3290
v 12.2710 0.6700 8.3670
v 12.2390 0.6700 8.3670
v 12.2390 0.8300 8.3290
v 12.2710 0.8300 8.3290
v 12.2710 0.8300 8.3670
v 12.2390 0.8300 8.3670
v 12.6490 0.6700 8.3290
v 12.6810 0.6700 8.3290
v 12.6810 0.6700 8.3670
v 12.6490 0.6700 8.3670
v 12.6490 0.8300 8.3290
v 12.6810 0.8300 8.3290
v 12.6810 0.8300 8.3670
v 12.6490 0.8300 8.3670
v 12.2700 0.6700 8.3400
v 12.6500 0.6700 8.3400
v 12.6500 0.6700 8.3560
v 12.2700 0.6700 8.3560
v 12.2700 0.8300 8.3400
v 12.6500 0.8300 8.3400
v 12.6500 0.8300 8.3560
v 12.2700 0.8300 8.3560
v 12.2390 0.8300 8.3090
v 12.2710 0.8300 8.3090
v 12.2710 0.8300 8.3470
v 12.2390 0.8300 8.3470
v 12.2390 0.9700 8.3090
v 12.2710 0.9700 8.3090
v 12.2710 0.9700 8.3470
v 12.2390 0.9700 8.3470
v 12.6490 0.8300 8.3090
v 12.6810 0.8300 8.3090
v 12.6810 0.8300 8.3470
v 12.6490 0.8300 8.3470
v 12.6490 0.9700 8.3090
v 12.6810 0.9700 8.3090
v 12.6810 0.9700 8.3470
v 12.6490 0.9700 8.3470
v 12.2700 0.8300 8.3200
v 12.6500 0.8300 8.3200
v 12.6500 0.8300 8.3360
v 12.2700 0.8300 8.3360
v 12.2700 0.9700 8.3200
v 12.6500 0.9700 8.3200
v 12.6500 0.9700 8.3360
v 12.2700 0.9700 8.3360
v 12.2400 0.9550 8.3040
v 12.6800 0.9550 8.3040
v 12.6800 0.9550 8.3460
v 12.2400 0.9550 8.3460
v 12.2400 0.9900 8.3040
v 12.6800 0.9900 8.3040
v 12.6800 0.9900 8.3460
v 12.2400 0.9900 8.3460
v 12.4050 0.5000 8.3550
v 12.5150 0.5000 8.3550
v 12.5150 0.5000 8.4050
v 12.4050 0.5000 8.4050
v 12.4050 0.5900 8.3550
v 12.5150 0.5900 8.3550
v 12.5150 0.5900 8.4050
v 12.4050 0.5900 8.4050
v 12.1825 0.5000 8.4000
v 12.2275 0.5000 8.4000
v 12.2275 0.5000 8.7000
v 12.1825 0.5000 8.7000
v 12.1825 0.6700 8.4000
v 12.2275 0.6700 8.4000
v 12.2275 0.6700 8.7000
v 12.1825 0.6700 8.7000
v 12.1775 0.6700 8.4400
v 12.2325 0.6700 8.4400
v 12.2325 0.6700 8.7000
v 12.1775 0.6700 8.7000
v 12.1775 0.7050 8.4400
v 12.2325 0.7050 8.4400
v 12.2325 0.7050 8.7000
v 12.1775 0.7050 8.7000
v 12.6925 0.5000 8.4000
v 12.7375 0.5000 8.4000
v 12.7375 0.5000 8.7000
v 12.6925 0.5000 8.7000
v 12.6925 0.6700 8.4000
v 12.7375 0.6700 8.4000
v 12.7375 0.6700 8.7000
v 12.6925 0.6700 8.7000
v 12.6875 0.6700 8.4400
v 12.7425 0.6700 8.4400
v 12.7425 0.6700 8.7000
v 12.6875 0.6700 8.7000
v 12.6875 0.7050 8.4400
v 12.7425 0.7050 8.4400
v 12.7425 0.7050 8.7000
v 12.6875 0.7050 8.7000
v 13.4320 0.0550 8.5420
v 13.4880 0.0550 8.5420
v 13.4880 0.0550 8.5980
v 13.4320 0.0550 8.5980
v 13.6780 0.0450 8.5480
v 13.7220 0.0450 8.5480
v 13.7220 0.0450 8.5920
v 13.6780 0.0450 8.5920
v 13.7320 0.0000 8.5700
v 13.7226 0.0000 8.5926
v 13.7000 0.0000 8.6020
v 13.6774 0.0000 8.5926
v 13.6680 0.0000 8.5700
v 13.6774 0.0000 8.5474
v 13.7000 0.0000 8.5380
v 13.7226 0.0000 8.5474
v 13.7320 0.0450 8.5700
v 13.7226 0.0450 8.5926
v 13.7000 0.0450 8.6020
v 13.6774 0.0450 8.5926
v 13.6680 0.0450 8.5700
v 13.6774 0.0450 8.5474
v 13.7000 0.0450 8.5380
v 13.7226 0.0450 8.5474
v 13.4320 0.0550 8.5420
v 13.4880 0.0550 8.5420
v 13.4880 0.0550 8.5980
v 13.4320 0.0550 8.5980
v 13.5122 0.0450 8.7763
v 13.5562 0.0450 8.7763
v 13.5562 0.0450 8.8203
v 13.5122 0.0450 8.8203
v 13.5662 0.0000 8.7983
v 13.5568 0.0000 8.8209
v 13.5342 0.0000 8.8303
v 13.5115 0.0000 8.8209
v 13.5022 0.0000 8.7983
v 13.5115 0.0000 8.7756
v 13.5342 0.0000 8.7663
v 13.5568 0.0000 8.7756
v 13.5662 0.0450 8.7983
v 13.5568 0.0450 8.8209
v 13.5342 0.0450 8.8303
v 13.5115 0.0450 8.8209
v 13.5022 0.0450 8.7983
v 13.5115 0.0450 8.7756
v 13.5342 0.0450 8.7663
v 13.5568 0.0450 8.7756
v 13.4320 0.0550 8.5420
v 13.4880 0.0550 8.5420
v 13.4880 0.0550 8.5980
v 13.4320 0.0550 8.5980
v 13.2438 0.0450 8.6891
v 13.2878 0.0450 8.6891
v 13.2878 0.0450 8.7331
v 13.2438 0.0450 8.7331
v 13.2978 0.0000 8.7111
v 13.2885 0.0000 8.7337
v 13.2658 0.0000 8.7431
v 13.2432 0.0000 8.7337
v 13.2338 0.0000 8.7111
v 13.2432 0.0000 8.6884
v 13.2658 0.0000 8.6791
v 13.2885 0.0000 8.6884
v 13.2978 0.0450 8.7111
v 13.2885 0.0450 8.7337
v 13.2658 0.0450 8.7431
v 13.2432 0.0450 8.7337
v 13.2338 0.0450 8.7111
v 13.2432 0.0450 8.6884
v 13.2658 0.0450 8.6791
v 13.2885 0.0450 8.6884
v 13.4320 0.0550 8.5420
v 13.4880 0.0550 8.5420
v 13.4880 0.0550 8.5980
v 13.4320 0.0550 8.5980
v 13.2438 0.0450 8.4069
v 13.2878 0.0450 8.4069
v 13.2878 0.0450 8.4509
v 13.2438 0.0450 8.4509
v 13.2978 0.0000 8.4289
v 13.2885 0.0000 8.4516
v 13.2658 0.0000 8.4609
v 13.2432 0.0000 8.4516
v 13.2338 0.0000 8.4289
v 13.2432 0.0000 8.4063
v 13.2658 0.0000 8.3969
v 13.2885 0.0000 8.4063
v 13.2978 0.0450 8.4289
v 13.2885 0.0450 8.4516
v 13.2658 0.0450 8.4609
v 13.2432 0.0450 8.4516
v 13.2338 0.0450 8.4289
v 13.2432 0.0450 8.4063
v 13.2658 0.0450 8.3969
v 13.2885 0.0450 8.4063
v 13.4320 0.0550 8.5420
v 13.4880 0.0550 8.5420
v 13.4880 0.0550 8.5980
v 13.4320 0.0550 8.5980
v 13.5122 0.0450 8.3197
v 13.5562 0.0450 8.3197
v 13.5562 0.0450 8.3637
v 13.5122 0.0450 8.3637
v 13.5662 0.0000 8.3417
v 13.5568 0.0000 8.3644
v 13.5342 0.0000 8.3737
v 13.5115 0.0000 8.3644
v 13.5022 0.0000 8.3417
v 13.5115 0.0000 8.3191
v 13.5342 0.0000 8.3097
v 13.5568 0.0000 8.3191
v 13.5662 0.0450 8.3417
v 13.5568 0.0450 8.3644
v 13.5342 0.0450 8.3737
v 13.5115 0.0450 8.3644
v 13.5022 0.0450 8.3417
v 13.5115 0.0450 8.3191
v 13.5342 0.0450 8.3097
v 13.5568 0.0450 8.3191
v 13.5080 0.0500 8.5700
v 13.4988 0.0500 8.5982
v 13.4748 0.0500 8.6157
v 13.4452 0.0500 8.6157
v 13.4212 0.0500 8.5982
v 13.4120 0.0500 8.5700
v 13.4212 0.0500 8.5418
v 13.4452 0.0500 8.5243
v 13.4748 0.0500 8.5243
v 13.4988 0.0500 8.5418
v 13.5080 0.1100 8.5700
v 13.4988 0.1100 8.5982
v 13.4748 0.1100 8.6157
v 13.4452 0.1100 8.6157
v 13.4212 0.1100 8.5982
v 13.4120 0.1100 8.5700
v 13.4212 0.1100 8.5418
v 13.4452 0.1100 8.5243
v 13.4748 0.1100 8.5243
v 13.4988 0.1100 8.5418
v 13.4920 0.1100 8.5700
v 13.4859 0.1100 8.5888
v 13.4699 0.1100 8.6004
v 13.4501 0.1100 8.6004
v 13.4341 0.1100 8.5888
v 13.4280 0.1100 8.5700
v 13.4341 0.1100 8.5512
v 13.4501 0.1100 8.5396
v 13.4699 0.1100 8.5396
v 13.4859 0.1100 8.5512
v 13.4920 0.4100 8.5700
v 13.4859 0.4100 8.5888
v 13.4699 0.4100 8.6004
v 13.4501 0.4100 8.6004
v 13.4341 0.4100 8.5888
v 13.4280 0.4100 8.5700
v 13.4341 0.4100 8.5512
v 13.4501 0.4100 8.5396
v 13.4699 0.4100 8.5396
v 13.4859 0.4100 8.5512
v 13.5150 0.4100 8.5700
v 13.5045 0.4100 8.6023
v 13.4770 0.4100 8.6223
v 13.4430 0.4100 8.6223
v 13.4155 0.4100 8.6023
v 13.4050 0.4100 8.5700
v 13.4155 0.4100 8.5377
v 13.4430 0.4100 8.5177
v 13.4770 0.4100 8.5177
v 13.5045 0.4100 8.5377
v 13.5150 0.4500 8.5700
v 13.5045 0.4500 8.6023
v 13.4770 0.4500 8.6223
v 13.4430 0.4500 8.6223
v 13.4155 0.4500 8.6023
v 13.4050 0.4500 8.5700
v 13.4155 0.4500 8.5377
v 13.4430 0.4500 8.5177
v 13.4770 0.4500 8.5177
v 13.5045 0.4500 8.5377
v 13.2250 0.4500 8.3550
v 13.6950 0.4500 8.3550
v 13.6950 0.4500 8.8050
v 13.2250 0.4500 8.8050
v 13.2250 0.5050 8.3550
v 13.6950 0.5050 8.3550
v 13.6950 0.5050 8.8050
v 13.2250 0.5050 8.8050
v 13.2450 0.4400 8.7050
v 13.6750 0.4400 8.7050
v 13.6750 0.4400 8.8150
v 13.2450 0.4400 8.8150
v 13.2450 0.4850 8.7050
v 13.6750 0.4850 8.7050
v 13.6750 0.4850 8.8150
v 13.2450 0.4850 8.8150
v 13.2390 0.5200 8.3460
v 13.2710 0.5200 8.3460
v 13.2710 0.5200 8.3840
v 13.2390 0.5200 8.3840
v 13.2390 0.6700 8.3460
v 13.2710 0.6700 8.3460
v 13.2710 0.6700 8.3840
v 13.2390 0.6700 8.3840
v 13.6490 0.5200 8.3460
v 13.6810 0.5200 8.3460
v 13.6810 0.5200 8.3840
v 13.6490 0.5200 8.3840
v 13.6490 0.6700 8.3460
v 13.6810 0.6700 8.3460
v 13.6810 0.6700 8.3840
v 13.6490 0.6700 8.3840
v 13.2700 0.5200 8.3570
v 13.6500 0.5200 8.3570
v 13.6500 0.5200 8.3730
v 13.2700 0.5200 8.3730
v 13.2700 0.6700 8.3570
v 13.6500 0.6700 8.3570
v 13.6500 0.6700 8.3730
v 13.2700 0.6700 8.3730
v 13.2390 0.6700 8.3290
v 13.2710 0.6700 8.3290
v 13.2710 0.6700 8.3670
v 13.2390 0.6700 8.3670
v 13.2390 0.8300 8.3290
v 13.2710 0.8300 8.3290
v 13.2710 0.8300 8.3670
v 13.2390 0.8300 8.3670
v 13.6490 0.6700 8.3290
v 13.6810 0.6700 8.3290
v 13.6810 0.6700 8.3670
v 13.6490 0.6700 8.3670
v 13.6490 0.8300 8.3290
v 13.6810 0.8300 8.3290
v 13.6810 0.8300 8.3670
v 13.6490 0.8300 8.3670
v 13.2700 0.6700 8.3400
v 13.6500 0.6700 8.3400
v 13.6500 0.6700 8.3560
v 13.2700 0.6700 8.3560
v 13.2700 0.8300 8.3400
v 13.6500 0.8300 8.3400
v 13.6500 0.8300 8.3560
v 13.2700 0.8300 8.3560
v 13.2390 0.8300 8.3090
v 13.2710 0.8300 8.3090
v 13.2710 0.8300 8.3470
v 13.2390 0.8300 8.3470
v 13.2390 0.9700 8.3090
v 13.2710 0.9700 8.3090
v 13.2710 0.9700 8.3470
v 13.2390 0.9700 8.3470
v 13.6490 0.8300 8.3090
v 13.6810 0.8300 8.3090
v 13.6810 0.8300 8.3470
v 13.6490 0.8300 8.3470
v 13.6490 0.9700 8.3090
v 13.6810 0.9700 8.3090
v 13.6810 0.9700 8.3470
v 13.6490 0.9700 8.3470
v 13.2700 0.8300 8.3200
v 13.6500 0.8300 8.3200
v 13.6500 0.8300 8.3360
v 13.2700 0.8300 8.3360
v 13.2700 0.9700 8.3200
v 13.6500 0.9700 8.3200
v 13.6500 0.9700 8.3360
v 13.2700 0.9700 8.3360
v 13.2400 0.9550 8.3040
v 13.6800 0.9550 8.3040
v 13.6800 0.9550 8.3460
v 13.2400 0.9550 8.3460
v 13.2400 0.9900 8.3040
v 13.6800 0.9900 8.3040
v 13.6800 0.9900 8.3460
v 13.2400 0.9900 8.3460
v 13.4050 0.5000 8.3550
v 13.5150 0.5000 8.3550
v 13.5150 0.5000 8.4050
v 13.4050 0.5000 8.4050
v 13.4050 0.5900 8.3550
v 13.5150 0.5900 8.3550
v 13.5150 0.5900 8.4050
v 13.4050 0.5900 8.4050
v 13.1825 0.5000 8.4000
v 13.2275 0.5000 8.4000
v 13.2275 0.5000 8.7000
v 13.1825 0.5000 8.7000
v 13.1825 0.6700 8.4000
v 13.2275 0.6700 8.4000
v 13.2275 0.6700 8.7000
v 13.1825 0.6700 8.7000
v 13.1775 0.6700 8.4400
v 13.2325 0.6700 8.4400
v 13.2325 0.6700 8.7000
v 13.1775 0.6700 8.7000
v 13.1775 0.7050 8.4400
v 13.2325 0.7050 8.4400
v 13.2325 0.7050 8.7000
v 13.1775 0.7050 8.7000
v 13.6925 0.5000 8.4000
v 13.7375 0.5000 8.4000
v 13.7375 0.5000 8.7000
v 13.6925 0.5000 8.7000
v 13.6925 0.6700 8.4000
v 13.7375 0.6700 8.4000
v 13.7375 0.6700 8.7000
v 13.6925 0.6700 8.7000
v 13.6875 0.6700 8.4400
v 13.7425 0.6700 8.4400
v 13.7425 0.6700 8.7000
v 13.6875 0.6700 8.7000
v 13.6875 0.7050 8.4400
v 13.7425 0.7050 8.4400
v 13.7425 0.7050 8.7000
v 13.6875 0.7050 8.7000
v 14.0600 0.0000 5.3000
v 14.4800 0.0000 5.3000
v 14.4800 0.0000 6.6000
v 14.0600 0.0000 6.6000
v 14.0600 1.1000 5.3000
v 14.4800 1.1000 5.3000
v 14.4800 1.1000 6.6000
v 14.0600 1.1000 6.6000
v 0.2800 0.0000 2.3000
v 0.8600 0.0000 2.3000
v 0.8600 0.0000 3.4500
v 0.2800 0.0000 3.4500
v 0.2800 2.0000 2.3000
v 0.8600 2.0000 2.3000
v 0.8600 2.0000 3.4500
v 0.2800 2.0000 3.4500
v 0.9400 0.0000 2.3000
v 1.5200 0.0000 2.3000
v 1.5200 0.0000 3.4500
v 0.9400 0.0000 3.4500
v 0.9400 2.0000 2.3000
v 1.5200 2.0000 2.3000
v 1.5200 2.0000 3.4500
v 0.9400 2.0000 3.4500
v 1.6000 0.0000 2.3000
v 2.1800 0.0000 2.3000
v 2.1800 0.0000 3.4500
v 1.6000 0.0000 3.4500
v 1.6000 2.0000 2.3000
v 2.1800 2.0000 2.3000
v 2.1800 2.0000 3.4500
v 1.6000 2.0000 3.4500
v 2.2600 0.0000 2.3000
v 2.8400 0.0000 2.3000
v 2.8400 0.0000 3.4500
v 2.2600 0.0000 3.4500
v 2.2600 2.0000 2.3000
v 2.8400 2.0000 2.3000
v 2.8400 2.0000 3.4500
v 2.2600 2.0000 3.4500
v 0.2800 0.0000 0.3000
v 1.2800 0.0000 0.3000
v 1.2800 0.0000 1.0200
v 0.2800 0.0000 1.0200
v 0.2800 1.2000 0.3000
v 1.2800 1.2000 0.3000
v 1.2800 1.2000 1.0200
v 0.2800 1.2000 1.0200
v 1.4500 0.0000 0.3000
v 2.0700 0.0000 0.3000
v 2.0700 0.0000 1.0200
v 1.4500 0.0000 1.0200
v 1.4500 1.6000 0.3000
v 2.0700 1.6000 0.3000
v 2.0700 1.6000 1.0200
v 1.4500 1.6000 1.0200
v 1.3550 0.9100 3.8000
v 2.9050 0.9100 3.8000
v 2.9050 0.9100 4.4200
v 1.3550 0.9100 4.4200
v 1.3550 0.9500 3.8000
v 2.9050 0.9500 3.8000
v 2.9050 0.9500 4.4200
v 1.3550 0.9500 4.4200
v 1.4200 0.0000 3.8650
v 1.4700 0.0000 3.8650
v 1.4700 0.0000 3.9150
v 1.4200 0.0000 3.9150
v 1.4200 0.9100 3.8650
v 1.4700 0.9100 3.8650
v 1.4700 0.9100 3.9150
v 1.4200 0.9100 3.9150
v 2.7900 0.0000 3.8650
v 2.8400 0.0000 3.8650
v 2.8400 0.0000 3.9150
v 2.7900 0.0000 3.9150
v 2.7900 0.9100 3.8650
v 2.8400 0.9100 3.8650
v 2.8400 0.9100 3.9150
v 2.7900 0.9100 3.9150
v 1.4200 0.0000 4.3050
v 1.4700 0.0000 4.3050
v 1.4700 0.0000 4.3550
v 1.4200 0.0000 4.3550
v 1.4200 0.9100 4.3050
v 1.4700 0.9100 4.3050
v 1.4700 0.9100 4.3550
v 1.4200 0.9100 4.3550
v 2.7900 0.0000 4.3050
v 2.8400 0.0000 4.3050
v 2.8400 0.0000 4.3550
v 2.7900 0.0000 4.3550
v 2.7900 0.9100 4.3050
v 2.8400 0.9100 4.3050
v 2.8400 0.9100 4.3550
v 2.7900 0.9100 4.3550
v 0.0000 0.0000 7.0800
v 0.0000 0.0000 0.0000
v 3.2200 0.0000 7.0800
v 3.2200 0.0000 8.2400
v 3.2200 0.0000 7.0800
v 8.1400 0.0000 8.2400
v 11.5100 0.0000 9.4100
v 11.5100 0.0000 8.8700
v 14.5600 0.0000 9.4100
v 14.5600 0.0000 9.4100
v 11.5100 0.0000 8.8700
v 14.5600 0.0000 1.6000
v 14.5600 0.0000 1.6000
v 11.5100 0.0000 8.8700
v 12.3500 0.0000 1.6000
v 12.3500 0.0000 0.0000
v 12.3500 0.0000 1.6000
v 0.0000 0.0000 0.0000
v 0.0000 0.0000 0.0000
v 12.3500 0.0000 1.6000
v 3.2200 0.0000 7.0800
v 3.2200 0.0000 7.0800
v 12.3500 0.0000 1.6000
v 8.1400 0.0000 8.2400
v 8.1400 0.0000 8.2400
v 12.3500 0.0000 1.6000
v 11.5100 0.0000 8.8700
v 8.1400 0.0000 8.2400
v 11.5100 0.0000 8.8700
v 8.1400 0.0000 8.8700
v 0.0000 2.7000 7.0800
v 0.0000 2.7000 0.0000
v 3.2200 2.7000 7.0800
v 3.2200 2.7000 8.2400
v 3.2200 2.7000 7.0800
v 8.1400 2.7000 8.2400
v 11.5100 2.7000 9.4100
v 11.5100 2.7000 8.8700
v 14.5600 2.7000 9.4100
v 14.5600 2.7000 9.4100
v 11.5100 2.7000 8.8700
v 14.5600 2.7000 1.6000
v 14.5600 2.7000 1.6000
v 11.5100 2.7000 8.8700
v 12.3500 2.7000 1.6000
v 12.3500 2.7000 0.0000
v 12.3500 2.7000 1.6000
v 0.0000 2.7000 0.0000
v 0.0000 2.7000 0.0000
v 12.3500 2.7000 1.6000
v 3.2200 2.7000 7.0800
v 3.2200 2.7000 7.0800
v 12.3500 2.7000 1.6000
v 8.1400 2.7000 8.2400
v 8.1400 2.7000 8.2400
v 12.3500 2.7000 1.6000
v 11.5100 2.7000 8.8700
v 8.1400 2.7000 8.2400
v 11.5100 2.7000 8.8700
v 8.1400 2.7000 8.8700
v 0.7900 0.0000 6.5500
v 0.7442 0.0000 6.6911
v 0.6242 0.0000 6.7783
v 0.4758 0.0000 6.7783
v 0.3558 0.0000 6.6911
v 0.3100 0.0000 6.5500
v 0.3558 0.0000 6.4089
v 0.4758 0.0000 6.3217
v 0.6242 0.0000 6.3217
v 0.7442 0.0000 6.4089
v 0.7900 0.3600 6.5500
v 0.7442 0.3600 6.6911
v 0.6242 0.3600 6.7783
v 0.4758 0.3600 6.7783
v 0.3558 0.3600 6.6911
v 0.3100 0.3600 6.5500
v 0.3558 0.3600 6.4089
v 0.4758 0.3600 6.3217
v 0.6242 0.3600 6.3217
v 0.7442 0.3600 6.4089
v 0.6820 0.3600 6.5500
v 0.6568 0.3600 6.6276
v 0.5908 0.3600 6.6755
v 0.5092 0.3600 6.6755
v 0.4432 0.3600 6.6276
v 0.4180 0.3600 6.5500
v 0.4432 0.3600 6.4724
v 0.5092 0.3600 6.4245
v 0.5908 0.3600 6.4245
v 0.6568 0.3600 6.4724
v 0.6820 0.5200 6.5500
v 0.6568 0.5200 6.6276
v 0.5908 0.5200 6.6755
v 0.5092 0.5200 6.6755
v 0.4432 0.5200 6.6276
v 0.4180 0.5200 6.5500
v 0.4432 0.5200 6.4724
v 0.5092 0.5200 6.4245
v 0.5908 0.5200 6.4245
v 0.6568 0.5200 6.4724
v 0.5820 0.5200 6.5500
v 0.5759 0.5200 6.5688
v 0.5599 0.5200 6.5804
v 0.5401 0.5200 6.5804
v 0.5241 0.5200 6.5688
v 0.5180 0.5200 6.5500
v 0.5241 0.5200 6.5312
v 0.5401 0.5200 6.5196
v 0.5599 0.5200 6.5196
v 0.5759 0.5200 6.5312
v 0.5820 1.0865 6.5500
v 0.5759 1.0865 6.5688
v 0.5599 1.0865 6.5804
v 0.5401 1.0865 6.5804
v 0.5241 1.0865 6.5688
v 0.5180 1.0865 6.5500
v 0.5241 1.0865 6.5312
v 0.5401 1.0865 6.5196
v 0.5599 1.0865 6.5196
v 0.5759 1.0865 6.5312
v 0.7713 1.4083 6.5500
v 0.7065 1.4083 6.7065
v 0.5500 1.4083 6.7713
v 0.3935 1.4083 6.7065
v 0.3287 1.4083 6.5500
v 0.3935 1.4083 6.3935
v 0.5500 1.4083 6.3287
v 0.7065 1.4083 6.3935
v 0.9080 1.2540 6.5500
v 0.8031 1.2540 6.8031
v 0.5500 1.2540 6.9080
v 0.2969 1.2540 6.8031
v 0.1920 1.2540 6.5500
v 0.2969 1.2540 6.2969
v 0.5500 1.2540 6.1920
v 0.8031 1.2540 6.2969
v 0.9080 1.0632 6.5500
v 0.8031 1.0632 6.8031
v 0.5500 1.0632 6.9080
v 0.2969 1.0632 6.8031
v 0.1920 1.0632 6.5500
v 0.2969 1.0632 6.2969
v 0.5500 1.0632 6.1920
v 0.8031 1.0632 6.2969
v 0.7713 0.9089 6.5500
v 0.7065 0.9089 6.7065
v 0.5500 0.9089 6.7713
v 0.3935 0.9089 6.7065
v 0.3287 0.9089 6.5500
v 0.3935 0.9089 6.3935
v 0.5500 0.9089 6.3287
v 0.7065 0.9089 6.3935
v 0.5500 1.4673 6.5500
v 0.5500 0.8499 6.5500
v 0.9341 1.1980 6.6607
v 0.8865 1.1980 6.7758
v 0.7714 1.1980 6.8234
v 0.6564 1.1980 6.7758
v 0.6087 1.1980 6.6607
v 0.6564 1.1980 6.5457
v 0.7714 1.1980 6.4980
v 0.8865 1.1980 6.5457
v 1.0347 1.0845 6.6607
v 0.9576 1.0845 6.8469
v 0.7714 1.0845 6.9240
v 0.5853 1.0845 6.8469
v 0.5082 1.0845 6.6607
v 0.5853 1.0845 6.4746
v 0.7714 1.0845 6.3975
v 0.9576 1.0845 6.4746
v 1.0347 0.9443 6.6607
v 0.9576 0.9443 6.8469
v 0.7714 0.9443 6.9240
v 0.5853 0.9443 6.8469
v 0.5082 0.9443 6.6607
v 0.5853 0.9443 6.4746
v 0.7714 0.9443 6.3975
v 0.9576 0.9443 6.4746
v 0.9341 0.8308 6.6607
v 0.8865 0.8308 6.7758
v 0.7714 0.8308 6.8234
v 0.6564 0.8308 6.7758
v 0.6087 0.8308 6.6607
v 0.6564 0.8308 6.5457
v 0.7714 0.8308 6.4980
v 0.8865 0.8308 6.5457
v 0.7714 1.2414 6.6607
v 0.7714 0.7874 6.6607
v 0.5069 1.2319 6.4171
v 0.4612 1.2319 6.5276
v 0.3507 1.2319 6.5733
v 0.2403 1.2319 6.5276
v 0.1945 1.2319 6.4171
v 0.2403 1.2319 6.3067
v 0.3507 1.2319 6.2610
v 0.4612 1.2319 6.3067
v 0.6034 1.1229 6.4171
v 0.5294 1.1229 6.5958
v 0.3507 1.1229 6.6699
v 0.1720 1.1229 6.5958
v 0.0980 1.1229 6.4171
v 0.1720 1.1229 6.2385
v 0.3507 1.1229 6.1644
v 0.5294 1.1229 6.2385
v 0.6034 0.9883 6.4171
v 0.5294 0.9883 6.5958
v 0.3507 0.9883 6.6699
v 0.1720 0.9883 6.5958
v 0.0980 0.9883 6.4171
v 0.1720 0.9883 6.2385
v 0.3507 0.9883 6.1644
v 0.5294 0.9883 6.2385
v 0.5069 0.8793 6.4171
v 0.4612 0.8793 6.5276
v 0.3507 0.8793 6.5733
v 0.2403 0.8793 6.5276
v 0.1945 0.8793 6.4171
v 0.2403 0.8793 6.3067
v 0.3507 0.8793 6.2610
v 0.4612 0.8793 6.3067
v 0.3507 1.2735 6.4171
v 0.3507 0.8377 6.4171
v 0.7596 1.5056 6.3729
v 0.7177 1.5056 6.4741
v 0.6164 1.5056 6.5160
v 0.5152 1.5056 6.4741
v 0.4733 1.5056 6.3729
v 0.5152 1.5056 6.2716
v 0.6164 1.5056 6.2297
v 0.7177 1.5056 6.2716
v 0.8481 1.4057 6.3729
v 0.7802 1.4057 6.5367
v 0.6164 1.4057 6.6045
v 0.4526 1.4057 6.5367
v 0.3848 1.4057 6.3729
v 0.4526 1.4057 6.2091
v 0.6164 1.4057 6.1412
v 0.7802 1.4057 6.2091
v 0.8481 1.2823 6.3729
v 0.7802 1.2823 6.5367
v 0.6164 1.2823 6.6045
v 0.4526 1.2823 6.5367
v 0.3848 1.2823 6.3729
v 0.4526 1.2823 6.2091
v 0.6164 1.2823 6.1412
v 0.7802 1.2823 6.2091
v 0.7596 1.1824 6.3729
v 0.7177 1.1824 6.4741
v 0.6164 1.1824 6.5160
v 0.5152 1.1824 6.4741
v 0.4733 1.1824 6.3729
v 0.5152 1.1824 6.2716
v 0.6164 1.1824 6.2297
v 0.7177 1.1824 6.2716
v 0.6164 1.5437 6.3729
v 0.6164 1.1443 6.3729
v 0.5694 1.4394 6.7271
v 0.5313 1.4394 6.8192
v 0.4393 1.4394 6.8573
v 0.3473 1.4394 6.8192
v 0.3091 1.4394 6.7271
v 0.3473 1.4394 6.6351
v 0.4393 1.4394 6.5970
v 0.5313 1.4394 6.6351
v 0.6499 1.3486 6.7271
v 0.5882 1.3486 6.8761
v 0.4393 1.3486 6.9377
v 0.2904 1.3486 6.8761
v 0.2287 1.3486 6.7271
v 0.2904 1.3486 6.5782
v 0.4393 1.3486 6.5166
v 0.5882 1.3486 6.5782
v 0.6499 1.2364 6.7271
v 0.5882 1.2364 6.8761
v 0.4393 1.2364 6.9377
v 0.2904 1.2364 6.8761
v 0.2287 1.2364 6.7271
v 0.2904 1.2364 6.5782
v 0.4393 1.2364 6.5166
v 0.5882 1.2364 6.5782
v 0.5694 1.1456 6.7271
v 0.5313 1.1456 6.8192
v 0.4393 1.1456 6.8573
v 0.3473 1.1456 6.8192
v 0.3091 1.1456 6.7271
v 0.3473 1.1456 6.6351
v 0.4393 1.1456 6.5970
v 0.5313 1.1456 6.6351
v 0.4393 1.4741 6.7271
v 0.4393 1.1109 6.7271
v 10.1400 0.0000 1.0500
v 10.0942 0.0000 1.1911
v 9.9742 0.0000 1.2783
v 9.8258 0.0000 1.2783
v 9.7058 0.0000 1.1911
v 9.6600 0.0000 1.0500
v 9.7058 0.0000 0.9089
v 9.8258 0.0000 0.8217
v 9.9742 0.0000 0.8217
v 10.0942 0.0000 0.9089
v 10.1400 0.3600 1.0500
v 10.0942 0.3600 1.1911
v 9.9742 0.3600 1.2783
v 9.8258 0.3600 1.2783
v 9.7058 0.3600 1.1911
v 9.6600 0.3600 1.0500
v 9.7058 0.3600 0.9089
v 9.8258 0.3600 0.8217
v 9.9742 0.3600 0.8217
v 10.0942 0.3600 0.9089
v 10.0320 0.3600 1.0500
v 10.0068 0.3600 1.1276
v 9.9408 0.3600 1.1755
v 9.8592 0.3600 1.1755
v 9.7932 0.3600 1.1276
v 9.7680 0.3600 1.0500
v 9.7932 0.3600 0.9724
v 9.8592 0.3600 0.9245
v 9.9408 0.3600 0.9245
v 10.0068 0.3600 0.9724
v 10.0320 0.5200 1.0500
v 10.0068 0.5200 1.1276
v 9.9408 0.5200 1.1755
v 9.8592 0.5200 1.1755
v 9.7932 0.5200 1.1276
v 9.7680 0.5200 1.0500
v 9.7932 0.5200 0.9724
v 9.8592 0.5200 0.9245
v 9.9408 0.5200 0.9245
v 10.0068 0.5200 0.9724
v 9.9320 0.5200 1.0500
v 9.9259 0.5200 1.0688
v 9.9099 0.5200 1.0804
v 9.8901 0.5200 1.0804
v 9.8741 0.5200 1.0688
v 9.8680 0.5200 1.0500
v 9.8741 0.5200 1.0312
v 9.8901 0.5200 1.0196
v 9.9099 0.5200 1.0196
v 9.9259 0.5200 1.0312
v 9.9320 0.9765 1.0500
v 9.9259 0.9765 1.0688
v 9.9099 0.9765 1.0804
v 9.8901 0.9765 1.0804
v 9.8741 0.9765 1.0688
v 9.8680 0.9765 1.0500
v 9.8741 0.9765 1.0312
v 9.8901 0.9765 1.0196
v 9.9099 0.9765 1.0196
v 9.9259 0.9765 1.0312
v 10.0927 1.2521 1.0500
v 10.0363 1.2521 1.1863
v 9.9000 1.2521 1.2427
v 9.7637 1.2521 1.1863
v 9.7073 1.2521 1.0500
v 9.7637 1.2521 0.9137
v 9.9000 1.2521 0.8573
v 10.0363 1.2521 0.9137
v 10.2118 1.1177 1.0500
v 10.1205 1.1177 1.2705
v 9.9000 1.1177 1.3618
v 9.6795 1.1177 1.2705
v 9.5882 1.1177 1.0500
v 9.6795 1.1177 0.8295
v 9.9000 1.1177 0.7382
v 10.1205 1.1177 0.8295
v 10.2118 0.9515 1.0500
v 10.1205 0.9515 1.2705
v 9.9000 0.9515 1.3618
v 9.6795 0.9515 1.2705
v 9.5882 0.9515 1.0500
v 9.6795 0.9515 0.8295
v 9.9000 0.9515 0.7382
v 10.1205 0.9515 0.8295
v 10.0927 0.8171 1.0500
v 10.0363 0.8171 1.1863
v 9.9000 0.8171 1.2427
v 9.7637 0.8171 1.1863
v 9.7073 0.8171 1.0500
v 9.7637 0.8171 0.9137
v 9.9000 0.8171 0.8573
v 10.0363 0.8171 0.9137
v 9.9000 1.3034 1.0500
v 9.9000 0.7658 1.0500
v 10.2346 1.0783 1.1464
v 10.1931 1.0783 1.2466
v 10.0929 1.0783 1.2881
v 9.9927 1.0783 1.2466
v 9.9512 1.0783 1.1464
v 9.9927 1.0783 1.0462
v 10.0929 1.0783 1.0047
v 10.1931 1.0783 1.0462
v 10.3221 0.9795 1.1464
v 10.2550 0.9795 1.3085
v 10.0929 0.9795 1.3757
v 9.9307 0.9795 1.3085
v 9.8636 0.9795 1.1464
v 9.9307 0.9795 0.9843
v 10.0929 0.9795 0.9172
v 10.2550 0.9795 0.9843
v 10.3221 0.8573 1.1464
v 10.2550 0.8573 1.3085
v 10.0929 0.8573 1.3757
v 9.9307 0.8573 1.3085
v 9.8636 0.8573 1.1464
v 9.9307 0.8573 0.9843
v 10.0929 0.8573 0.9172
v 10.2550 0.8573 0.9843
v 10.2346 0.7585 1.1464
v 10.1931 0.7585 1.2466
v 10.0929 0.7585 1.2881
v 9.9927 0.7585 1.2466
v 9.9512 0.7585 1.1464
v 9.9927 0.7585 1.0462
v 10.0929 0.7585 1.0047
v 10.1931 0.7585 1.0462
v 10.0929 1.1161 1.1464
v 10.0929 0.7207 1.1464
v 9.8625 1.1051 0.9343
v 9.8226 1.1051 1.0305
v 9.7264 1.1051 1.0703
v 9.6302 1.1051 1.0305
v 9.5904 1.1051 0.9343
v 9.6302 1.1051 0.8381
v 9.7264 1.1051 0.7983
v 9.8226 1.1051 0.8381
v 9.9465 1.0102 0.9343
v 9.8821 1.0102 1.0899
v 9.7264 1.0102 1.1544
v 9.5708 1.0102 1.0899
v 9.5063 1.0102 0.9343
v 9.5708 1.0102 0.7787
v 9.7264 1.0102 0.7142
v 9.8821 1.0102 0.7787
v 9.9465 0.8930 0.9343
v 9.8821 0.8930 1.0899
v 9.7264 0.8930 1.1544
v 9.5708 0.8930 1.0899
v 9.5063 0.8930 0.9343
v 9.5708 0.8930 0.7787
v 9.7264 0.8930 0.7142
v 9.8821 0.8930 0.7787
v 9.8625 0.7981 0.9343
v 9.8226 0.7981 1.0305
v 9.7264 0.7981 1.0703
v 9.6302 0.7981 1.0305
v 9.5904 0.7981 0.9343
v 9.6302 0.7981 0.8381
v 9.7264 0.7981 0.7983
v 9.8226 0.7981 0.8381
v 9.7264 1.1414 0.9343
v 9.7264 0.7618 0.9343
v 10.0826 1.3247 0.8957
v 10.0460 1.3247 0.9839
v 9.9579 1.3247 1.0204
v 9.8697 1.3247 0.9839
v 9.8332 1.3247 0.8957
v 9.8697 1.3247 0.8075
v 9.9579 1.3247 0.7710
v 10.0460 1.3247 0.8075
v 10.1596 1.2378 0.8957
v 10.1005 1.2378 1.0384
v 9.9579 1.2378 1.0975
v 9.8152 1.2378 1.0384
v 9.7561 1.2378 0.8957
v 9.8152 1.2378 0.7530
v 9.9579 1.2378 0.6940
v 10.1005 1.2378 0.7530
v 10.1596 1.1302 0.8957
v 10.1005 1.1302 1.0384
v 9.9579 1.1302 1.0975
v 9.8152 1.1302 1.0384
v 9.7561 1.1302 0.8957
v 9.8152 1.1302 0.7530
v 9.9579 1.1302 0.6940
v 10.1005 1.1302 0.7530
v 10.0826 1.0433 0.8957
v 10.0460 1.0433 0.9839
v 9.9579 1.0433 1.0204
v 9.8697 1.0433 0.9839
v 9.8332 1.0433 0.8957
v 9.8697 1.0433 0.8075
v 9.9579 1.0433 0.7710
v 10.0460 1.0433 0.8075
v 9.9579 1.3580 0.8957
v 9.9579 1.0100 0.8957
v 9.9169 1.2704 1.2043
v 9.8837 1.2704 1.2844
v 9.8036 1.2704 1.3176
v 9.7234 1.2704 1.2844
v 9.6902 1.2704 1.2043
v 9.7234 1.2704 1.1241
v 9.8036 1.2704 1.0909
v 9.8837 1.2704 1.1241
v 9.9870 1.1914 1.2043
v 9.9333 1.1914 1.3340
v 9.8036 1.1914 1.3877
v 9.6739 1.1914 1.3340
v 9.6202 1.1914 1.2043
v 9.6739 1.1914 1.0746
v 9.8036 1.1914 1.0209
v 9.9333 1.1914 1.0746
v 9.9870 1.0936 1.2043
v 9.9333 1.0936 1.3340
v 9.8036 1.0936 1.3877
v 9.6739 1.0936 1.3340
v 9.6202 1.0936 1.2043
v 9.6739 1.0936 1.0746
v 9.8036 1.0936 1.0209
v 9.9333 1.0936 1.0746
v 9.9169 1.0146 1.2043
v 9.8837 1.0146 1.2844
v 9.8036 1.0146 1.3176
v 9.7234 1.0146 1.2844
v 9.6902 1.0146 1.2043
v 9.7234 1.0146 1.1241
v 9.8036 1.0146 1.0909
v 9.8837 1.0146 1.1241
v 9.8036 1.3006 1.2043
v 9.8036 0.9844 1.2043
v 11.1400 0.0000 8.3500
v 11.0942 0.0000 8.4911
v 10.9742 0.0000 8.5783
v 10.8258 0.0000 8.5783
v 10.7058 0.0000 8.4911
v 10.6600 0.0000 8.3500
v 10.7058 0.0000 8.2089
v 10.8258 0.0000 8.1217
v 10.9742 0.0000 8.1217
v 11.0942 0.0000 8.2089
v 11.1400 0.3600 8.3500
v 11.0942 0.3600 8.4911
v 10.9742 0.3600 8.5783
v 10.8258 0.3600 8.5783
v 10.7058 0.3600 8.4911
v 10.6600 0.3600 8.3500
v 10.7058 0.3600 8.2089
v 10.8258 0.3600 8.1217
v 10.9742 0.3600 8.1217
v 11.0942 0.3600 8.2089
v 11.0320 0.3600 8.3500
v 11.0068 0.3600 8.4276
v 10.9408 0.3600 8.4755
v 10.8592 0.3600 8.4755
v 10.7932 0.3600 8.4276
v 10.7680 0.3600 8.3500
v 10.7932 0.3600 8.2724
v 10.8592 0.3600 8.2245
v 10.9408 0.3600 8.2245
v 11.0068 0.3600 8.2724
v 11.0320 0.5200 8.3500
v 11.0068 0.5200 8.4276
v 10.9408 0.5200 8.4755
v 10.8592 0.5200 8.4755
v 10.7932 0.5200 8.4276
v 10.7680 0.5200 8.3500
v 10.7932 0.5200 8.2724
v 10.8592 0.5200 8.2245
v 10.9408 0.5200 8.2245
v 11.0068 0.5200 8.2724
v 10.9320 0.5200 8.3500
v 10.9259 0.5200 8.3688
v 10.9099 0.5200 8.3804
v 10.8901 0.5200 8.3804
v 10.8741 0.5200 8.3688
v 10.8680 0.5200 8.3500
v 10.8741 0.5200 8.3312
v 10.8901 0.5200 8.3196
v 10.9099 0.5200 8.3196
v 10.9259 0.5200 8.3312
v 10.9320 1.1415 8.3500
v 10.9259 1.1415 8.3688
v 10.9099 1.1415 8.3804
v 10.8901 1.1415 8.3804
v 10.8741 1.1415 8.3688
v 10.8680 1.1415 8.3500
v 10.8741 1.1415 8.3312
v 10.8901 1.1415 8.3196
v 10.9099 1.1415 8.3196
v 10.9259 1.1415 8.3312
v 11.1355 1.4864 8.3500
v 11.0665 1.4864 8.5165
v 10.9000 1.4864 8.5855
v 10.7335 1.4864 8.5165
v 10.6645 1.4864 8.3500
v 10.7335 1.4864 8.1835
v 10.9000 1.4864 8.1145
v 11.0665 1.4864 8.1835
v 11.2811 1.3221 8.3500
v 11.1695 1.3221 8.6195
v 10.9000 1.3221 8.7311
v 10.6305 1.3221 8.6195
v 10.5189 1.3221 8.3500
v 10.6305 1.3221 8.0805
v 10.9000 1.3221 7.9689
v 11.1695 1.3221 8.0805
v 11.2811 1.1191 8.3500
v 11.1695 1.1191 8.6195
v 10.9000 1.1191 8.7311
v 10.6305 1.1191 8.6195
v 10.5189 1.1191 8.3500
v 10.6305 1.1191 8.0805
v 10.9000 1.1191 7.9689
v 11.1695 1.1191 8.0805
v 11.1355 0.9548 8.3500
v 11.0665 0.9548 8.5165
v 10.9000 0.9548 8.5855
v 10.7335 0.9548 8.5165
v 10.6645 0.9548 8.3500
v 10.7335 0.9548 8.1835
v 10.9000 0.9548 8.1145
v 11.0665 0.9548 8.1835
v 10.9000 1.5492 8.3500
v 10.9000 0.8920 8.3500
v 11.3089 1.2579 8.4679
v 11.2582 1.2579 8.5903
v 11.1357 1.2579 8.6410
v 11.0133 1.2579 8.5903
v 10.9625 1.2579 8.4679
v 11.0133 1.2579 8.3454
v 11.1357 1.2579 8.2947
v 11.2582 1.2579 8.3454
v 11.4159 1.1371 8.4679
v 11.3339 1.1371 8.6660
v 11.1357 1.1371 8.7481
v 10.9376 1.1371 8.6660
v 10.8555 1.1371 8.4679
v 10.9376 1.1371 8.2697
v 11.1357 1.1371 8.1876
v 11.3339 1.1371 8.2697
v 11.4159 0.9877 8.4679
v 11.3339 0.9877 8.6660
v 11.1357 0.9877 8.7481
v 10.9376 0.9877 8.6660
v 10.8555 0.9877 8.4679
v 10.9376 0.9877 8.2697
v 11.1357 0.9877 8.1876
v 11.3339 0.9877 8.2697
v 11.3089 0.8669 8.4679
v 11.2582 0.8669 8.5903
v 11.1357 0.8669 8.6410
v 11.0133 0.8669 8.5903
v 10.9625 0.8669 8.4679
v 11.0133 0.8669 8.3454
v 11.1357 0.8669 8.2947
v 11.2582 0.8669 8.3454
v 11.1357 1.3040 8.4679
v 11.1357 0.8208 8.4679
v 10.8541 1.2952 8.2086
v 10.8054 1.2952 8.3261
v 10.6879 1.2952 8.3748
v 10.5703 1.2952 8.3261
v 10.5216 1.2952 8.2086
v 10.5703 1.2952 8.0910
v 10.6879 1.2952 8.0423
v 10.8054 1.2952 8.0910
v 10.9569 1.1793 8.2086
v 10.8781 1.1793 8.3988
v 10.6879 1.1793 8.4776
v 10.4976 1.1793 8.3988
v 10.4188 1.1793 8.2086
v 10.4976 1.1793 8.0184
v 10.6879 1.1793 7.9396
v 10.8781 1.1793 8.0184
v 10.9569 1.0359 8.2086
v 10.8781 1.0359 8.3988
v 10.6879 1.0359 8.4776
v 10.4976 1.0359 8.3988
v 10.4188 1.0359 8.2086
v 10.4976 1.0359 8.0184
v 10.6879 1.0359 7.9396
v 10.8781 1.0359 8.0184
v 10.8541 0.9200 8.2086
v 10.8054 0.9200 8.3261
v 10.6879 0.9200 8.3748
v 10.5703 0.9200 8.3261
v 10.5216 0.9200 8.2086
v 10.5703 0.9200 8.0910
v 10.6879 0.9200 8.0423
v 10.8054 0.9200 8.0910
v 10.6879 1.3395 8.2086
v 10.6879 0.8757 8.2086
v 11.1231 1.5960 8.1614
v 11.0785 1.5960 8.2692
v 10.9707 1.5960 8.3138
v 10.8629 1.5960 8.2692
v 10.8183 1.5960 8.1614
v 10.8629 1.5960 8.0537
v 10.9707 1.5960 8.0090
v 11.0785 1.5960 8.0537
v 11.2173 1.4897 8.1614
v 11.1451 1.4897 8.3358
v 10.9707 1.4897 8.4080
v 10.7963 1.4897 8.3358
v 10.7241 1.4897 8.1614
v 10.7963 1.4897 7.9871
v 10.9707 1.4897 7.9148
v 11.1451 1.4897 7.9871
v 11.2173 1.3583 8.1614
v 11.1451 1.3583 8.3358
v 10.9707 1.3583 8.4080
v 10.7963 1.3583 8.3358
v 10.7241 1.3583 8.1614
v 10.7963 1.3583 7.9871
v 10.9707 1.3583 7.9148
v 11.1451 1.3583 7.9871
v 11.1231 1.2520 8.1614
v 11.0785 1.2520 8.2692
v 10.9707 1.2520 8.3138
v 10.8629 1.2520 8.2692
v 10.8183 1.2520 8.1614
v 10.8629 1.2520 8.0537
v 10.9707 1.2520 8.0090
v 11.0785 1.2520 8.0537
v 10.9707 1.6366 8.1614
v 10.9707 1.2114 8.1614
v 10.9207 1.5239 8.5386
v 10.8801 1.5239 8.6365
v 10.7821 1.5239 8.6771
v 10.6842 1.5239 8.6365
v 10.6436 1.5239 8.5386
v 10.6842 1.5239 8.4406
v 10.7821 1.5239 8.4000
v 10.8801 1.5239 8.4406
v 11.0063 1.4272 8.5386
v 10.9407 1.4272 8.6971
v 10.7821 1.4272 8.7627
v 10.6236 1.4272 8.6971
v 10.5580 1.4272 8.5386
v 10.6236 1.4272 8.3801
v 10.7821 1.4272 8.3144
v 10.9407 1.4272 8.3801
v 11.0063 1.3078 8.5386
v 10.9407 1.3078 8.6971
v 10.7821 1.3078 8.7627
v 10.6236 1.3078 8.6971
v 10.5580 1.3078 8.5386
v 10.6236 1.3078 8.3801
v 10.7821 1.3078 8.3144
v 10.9407 1.3078 8.3801
v 10.9207 1.2111 8.5386
v 10.8801 1.2111 8.6365
v 10.7821 1.2111 8.6771
v 10.6842 1.2111 8.6365
v 10.6436 1.2111 8.5386
v 10.6842 1.2111 8.4406
v 10.7821 1.2111 8.4000
v 10.8801 1.2111 8.4406
v 10.7821 1.5608 8.5386
v 10.7821 1.1742 8.5386
v 3.8400 0.0000 7.5500
v 3.7942 0.0000 7.6911
v 3.6742 0.0000 7.7783
v 3.5258 0.0000 7.7783
v 3.4058 0.0000 7.6911
v 3.3600 0.0000 7.5500
v 3.4058 0.0000 7.4089
v 3.5258 0.0000 7.3217
v 3.6742 0.0000 7.3217
v 3.7942 0.0000 7.4089
v 3.8400 0.3600 7.5500
v 3.7942 0.3600 7.6911
v 3.6742 0.3600 7.7783
v 3.5258 0.3600 7.7783
v 3.4058 0.3600 7.6911
v 3.3600 0.3600 7.5500
v 3.4058 0.3600 7.4089
v 3.5258 0.3600 7.3217
v 3.6742 0.3600 7.3217
v 3.7942 0.3600 7.4089
v 3.7320 0.3600 7.5500
v 3.7068 0.3600 7.6276
v 3.6408 0.3600 7.6755
v 3.5592 0.3600 7.6755
v 3.4932 0.3600 7.6276
v 3.4680 0.3600 7.5500
v 3.4932 0.3600 7.4724
v 3.5592 0.3600 7.4245
v 3.6408 0.3600 7.4245
v 3.7068 0.3600 7.4724
v 3.7320 0.5200 7.5500
v 3.7068 0.5200 7.6276
v 3.6408 0.5200 7.6755
v 3.5592 0.5200 7.6755
v 3.4932 0.5200 7.6276
v 3.4680 0.5200 7.5500
v 3.4932 0.5200 7.4724
v 3.5592 0.5200 7.4245
v 3.6408 0.5200 7.4245
v 3.7068 0.5200 7.4724
v 3.6320 0.5200 7.5500
v 3.6259 0.5200 7.5688
v 3.6099 0.5200 7.5804
v 3.5901 0.5200 7.5804
v 3.5741 0.5200 7.5688
v 3.5680 0.5200 7.5500
v 3.5741 0.5200 7.5312
v 3.5901 0.5200 7.5196
v 3.6099 0.5200 7.5196
v 3.6259 0.5200 7.5312
v 3.6320 0.9215 7.5500
v 3.6259 0.9215 7.5688
v 3.6099 0.9215 7.5804
v 3.5901 0.9215 7.5804
v 3.5741 0.9215 7.5688
v 3.5680 0.9215 7.5500
v 3.5741 0.9215 7.5312
v 3.5901 0.9215 7.5196
v 3.6099 0.9215 7.5196
v 3.6259 0.9215 7.5312
v 3.7784 1.1740 7.5500
v 3.7262 1.1740 7.6762
v 3.6000 1.1740 7.7284
v 3.4738 1.1740 7.6762
v 3.4216 1.1740 7.5500
v 3.4738 1.1740 7.4238
v 3.6000 1.1740 7.3716
v 3.7262 1.1740 7.4238
v 3.8887 1.0495 7.5500
v 3.8042 1.0495 7.7542
v 3.6000 1.0495 7.8387
v 3.3958 1.0495 7.7542
v 3.3113 1.0495 7.5500
v 3.3958 1.0495 7.3458
v 3.6000 1.0495 7.2613
v 3.8042 1.0495 7.3458
v 3.8887 0.8957 7.5500
v 3.8042 0.8957 7.7542
v 3.6000 0.8957 7.8387
v 3.3958 0.8957 7.7542
v 3.3113 0.8957 7.5500
v 3.3958 0.8957 7.3458
v 3.6000 0.8957 7.2613
v 3.8042 0.8957 7.3458
v 3.7784 0.7712 7.5500
v 3.7262 0.7712 7.6762
v 3.6000 0.7712 7.7284
v 3.4738 0.7712 7.6762
v 3.4216 0.7712 7.5500
v 3.4738 0.7712 7.4238
v 3.6000 0.7712 7.3716
v 3.7262 0.7712 7.4238
v 3.6000 1.2215 7.5500
v 3.6000 0.7237 7.5500
v 3.9098 1.0185 7.6393
v 3.8713 1.0185 7.7321
v 3.7786 1.0185 7.7705
v 3.6858 1.0185 7.7321
v 3.6474 1.0185 7.6393
v 3.6858 1.0185 7.5465
v 3.7786 1.0185 7.5081
v 3.8713 1.0185 7.5465
v 3.9909 0.9270 7.6393
v 3.9287 0.9270 7.7894
v 3.7786 0.9270 7.8516
v 3.6285 0.9270 7.7894
v 3.5663 0.9270 7.6393
v 3.6285 0.9270 7.4892
v 3.7786 0.9270 7.4270
v 3.9287 0.9270 7.4892
v 3.9909 0.8138 7.6393
v 3.9287 0.8138 7.7894
v 3.7786 0.8138 7.8516
v 3.6285 0.8138 7.7894
v 3.5663 0.8138 7.6393
v 3.6285 0.8138 7.4892
v 3.7786 0.8138 7.4270
v 3.9287 0.8138 7.4892
v 3.9098 0.7223 7.6393
v 3.8713 0.7223 7.7321
v 3.7786 0.7223 7.7705
v 3.6858 0.7223 7.7321
v 3.6474 0.7223 7.6393
v 3.6858 0.7223 7.5465
v 3.7786 0.7223 7.5081
v 3.8713 0.7223 7.5465
v 3.7786 1.0534 7.6393
v 3.7786 0.6874 7.6393
v 3.5652 1.0418 7.4429
v 3.5283 1.0418 7.5319
v 3.4393 1.0418 7.5688
v 3.3502 1.0418 7.5319
v 3.3133 1.0418 7.4429
v 3.3502 1.0418 7.3538
v 3.4393 1.0418 7.3169
v 3.5283 1.0418 7.3538
v 3.6431 0.9539 7.4429
v 3.5834 0.9539 7.5870
v 3.4393 0.9539 7.6467
v 3.2952 0.9539 7.5870
v 3.2355 0.9539 7.4429
v 3.2952 0.9539 7.2988
v 3.4393 0.9539 7.2391
v 3.5834 0.9539 7.2988
v 3.6431 0.8453 7.4429
v 3.5834 0.8453 7.5870
v 3.4393 0.8453 7.6467
v 3.2952 0.8453 7.5870
v 3.2355 0.8453 7.4429
v 3.2952 0.8453 7.2988
v 3.4393 0.8453 7.2391
v 3.5834 0.8453 7.2988
v 3.5652 0.7574 7.4429
v 3.5283 0.7574 7.5319
v 3.4393 0.7574 7.5688
v 3.3502 0.7574 7.5319
v 3.3133 0.7574 7.4429
v 3.3502 0.7574 7.3538
v 3.4393 0.7574 7.3169
v 3.5283 0.7574 7.3538
v 3.4393 1.0753 7.4429
v 3.4393 0.7239 7.4429
v 3.7690 1.2343 7.4071
v 3.7352 1.2343 7.4888
v 3.6536 1.2343 7.5226
v 3.5719 1.2343 7.4888
v 3.5381 1.2343 7.4071
v 3.5719 1.2343 7.3255
v 3.6536 1.2343 7.2917
v 3.7352 1.2343 7.3255
v 3.8404 1.1538 7.4071
v 3.7857 1.1538 7.5392
v 3.6536 1.1538 7.5940
v 3.5215 1.1538 7.5392
v 3.4668 1.1538 7.4071
v 3.5215 1.1538 7.2750
v 3.6536 1.1538 7.2203
v 3.7857 1.1538 7.2750
v 3.8404 1.0542 7.4071
v 3.7857 1.0542 7.5392
v 3.6536 1.0542 7.5940
v 3.5215 1.0542 7.5392
v 3.4668 1.0542 7.4071
v 3.5215 1.0542 7.2750
v 3.6536 1.0542 7.2203
v 3.7857 1.0542 7.2750
v 3.7690 0.9737 7.4071
v 3.7352 0.9737 7.4888
v 3.6536 0.9737 7.5226
v 3.5719 0.9737 7.4888
v 3.5381 0.9737 7.4071
v 3.5719 0.9737 7.3255
v 3.6536 0.9737 7.2917
v 3.7352 0.9737 7.3255
v 3.6536 1.2651 7.4071
v 3.6536 0.9429 7.4071
v 3.6157 1.1860 7.6929
v 3.5849 1.1860 7.7671
v 3.5107 1.1860 7.7978
v 3.4365 1.1860 7.7671
v 3.4058 1.1860 7.6929
v 3.4365 1.1860 7.6186
v 3.5107 1.1860 7.5879
v 3.5849 1.1860 7.6186
v 3.6805 1.1127 7.6929
v 3.6308 1.1127 7.8129
v 3.5107 1.1127 7.8627
v 3.3906 1.1127 7.8129
v 3.3409 1.1127 7.6929
v 3.3906 1.1127 7.5728
v 3.5107 1.1127 7.5230
v 3.6308 1.1127 7.5728
v 3.6805 1.0223 7.6929
v 3.6308 1.0223 7.8129
v 3.5107 1.0223 7.8627
v 3.3906 1.0223 7.8129
v 3.3409 1.0223 7.6929
v 3.3906 1.0223 7.5728
v 3.5107 1.0223 7.5230
v 3.6308 1.0223 7.5728
v 3.6157 0.9490 7.6929
v 3.5849 0.9490 7.7671
v 3.5107 0.9490 7.7978
v 3.4365 0.9490 7.7671
v 3.4058 0.9490 7.6929
v 3.4365 0.9490 7.6186
v 3.5107 0.9490 7.5879
v 3.5849 0.9490 7.6186
v 3.5107 1.2139 7.6929
v 3.5107 0.9211 7.6929
v 14.1900 0.0000 5.1500
v 14.1442 0.0000 5.2911
v 14.0242 0.0000 5.3783
v 13.8758 0.0000 5.3783
v 13.7558 0.0000 5.2911
v 13.7100 0.0000 5.1500
v 13.7558 0.0000 5.0089
v 13.8758 0.0000 4.9217
v 14.0242 0.0000 4.9217
v 14.1442 0.0000 5.0089
v 14.1900 0.3600 5.1500
v 14.1442 0.3600 5.2911
v 14.0242 0.3600 5.3783
v 13.8758 0.3600 5.3783
v 13.7558 0.3600 5.2911
v 13.7100 0.3600 5.1500
v 13.7558 0.3600 5.0089
v 13.8758 0.3600 4.9217
v 14.0242 0.3600 4.9217
v 14.1442 0.3600 5.0089
v 14.0820 0.3600 5.1500
v 14.0568 0.3600 5.2276
v 13.9908 0.3600 5.2755
v 13.9092 0.3600 5.2755
v 13.8432 0.3600 5.2276
v 13.8180 0.3600 5.1500
v 13.8432 0.3600 5.0724
v 13.9092 0.3600 5.0245
v 13.9908 0.3600 5.0245
v 14.0568 0.3600 5.0724
v 14.0820 0.5200 5.1500
v 14.0568 0.5200 5.2276
v 13.9908 0.5200 5.2755
v 13.9092 0.5200 5.2755
v 13.8432 0.5200 5.2276
v 13.8180 0.5200 5.1500
v 13.8432 0.5200 5.0724
v 13.9092 0.5200 5.0245
v 13.9908 0.5200 5.0245
v 14.0568 0.5200 5.0724
v 13.9820 0.5200 5.1500
v 13.9759 0.5200 5.1688
v 13.9599 0.5200 5.1804
v 13.9401 0.5200 5.1804
v 13.9241 0.5200 5.1688
v 13.9180 0.5200 5.1500
v 13.9241 0.5200 5.1312
v 13.9401 0.5200 5.1196
v 13.9599 0.5200 5.1196
v 13.9759 0.5200 5.1312
v 13.9820 0.9490 5.1500
v 13.9759 0.9490 5.1688
v 13.9599 0.9490 5.1804
v 13.9401 0.9490 5.1804
v 13.9241 0.9490 5.1688
v 13.9180 0.9490 5.1500
v 13.9241 0.9490 5.1312
v 13.9401 0.9490 5.1196
v 13.9599 0.9490 5.1196
v 13.9759 0.9490 5.1312
v 14.1356 1.2130 5.1500
v 14.0812 1.2130 5.2812
v 13.9500 1.2130 5.3356
v 13.8188 1.2130 5.2812
v 13.7644 1.2130 5.1500
v 13.8188 1.2130 5.0188
v 13.9500 1.2130 4.9644
v 14.0812 1.2130 5.0188
v 14.2503 1.0836 5.1500
v 14.1623 1.0836 5.3623
v 13.9500 1.0836 5.4503
v 13.7377 1.0836 5.3623
v 13.6497 1.0836 5.1500
v 13.7377 1.0836 4.9377
v 13.9500 1.0836 4.8497
v 14.1623 1.0836 4.9377
v 14.2503 0.9236 5.1500
v 14.1623 0.9236 5.3623
v 13.9500 0.9236 5.4503
v 13.7377 0.9236 5.3623
v 13.6497 0.9236 5.1500
v 13.7377 0.9236 4.9377
v 13.9500 0.9236 4.8497
v 14.1623 0.9236 4.9377
v 14.1356 0.7942 5.1500
v 14.0812 0.7942 5.2812
v 13.9500 0.7942 5.3356
v 13.8188 0.7942 5.2812
v 13.7644 0.7942 5.1500
v 13.8188 0.7942 5.0188
v 13.9500 0.7942 4.9644
v 14.0812 0.7942 5.0188
v 13.9500 1.2625 5.1500
v 13.9500 0.7447 5.1500
v 14.2722 1.0484 5.2429
v 14.2322 1.0484 5.3393
v 14.1357 1.0484 5.3793
v 14.0392 1.0484 5.3393
v 13.9993 1.0484 5.2429
v 14.0392 1.0484 5.1464
v 14.1357 1.0484 5.1064
v 14.2322 1.0484 5.1464
v 14.3565 0.9532 5.2429
v 14.2918 0.9532 5.3990
v 14.1357 0.9532 5.4636
v 13.9796 0.9532 5.3990
v 13.9149 0.9532 5.2429
v 13.9796 0.9532 5.0867
v 14.1357 0.9532 5.0221
v 14.2918 0.9532 5.0867
v 14.3565 0.8356 5.2429
v 14.2918 0.8356 5.3990
v 14.1357 0.8356 5.4636
v 13.9796 0.8356 5.3990
v 13.9149 0.8356 5.2429
v 13.9796 0.8356 5.0867
v 14.1357 0.8356 5.0221
v 14.2918 0.8356 5.0867
v 14.2722 0.7404 5.2429
v 14.2322 0.7404 5.3393
v 14.1357 0.7404 5.3793
v 14.0392 0.7404 5.3393
v 13.9993 0.7404 5.2429
v 14.0392 0.7404 5.1464
v 14.1357 0.7404 5.1064
v 14.2322 0.7404 5.1464
v 14.1357 1.0848 5.2429
v 14.1357 0.7040 5.2429
v 13.9138 1.0734 5.0386
v 13.8755 1.0734 5.1312
v 13.7829 1.0734 5.1696
v 13.6902 1.0734 5.1312
v 13.6519 1.0734 5.0386
v 13.6902 1.0734 4.9459
v 13.7829 1.0734 4.9076
v 13.8755 1.0734 4.9459
v 13.9948 0.9821 5.0386
v 13.9327 0.9821 5.1884
v 13.7829 0.9821 5.2505
v 13.6330 0.9821 5.1884
v 13.5709 0.9821 5.0386
v 13.6330 0.9821 4.8887
v 13.7829 0.9821 4.8266
v 13.9327 0.9821 4.8887
v 13.9948 0.8691 5.0386
v 13.9327 0.8691 5.1884
v 13.7829 0.8691 5.2505
v 13.6330 0.8691 5.1884
v 13.5709 0.8691 5.0386
v 13.6330 0.8691 4.8887
v 13.7829 0.8691 4.8266
v 13.9327 0.8691 4.8887
v 13.9138 0.7778 5.0386
v 13.8755 0.7778 5.1312
v 13.7829 0.7778 5.1696
v 13.6902 0.7778 5.1312
v 13.6519 0.7778 5.0386
v 13.6902 0.7778 4.9459
v 13.7829 0.7778 4.9076
v 13.8755 0.7778 4.9459
v 13.7829 1.1083 5.0386
v 13.7829 0.7429 5.0386
v 14.1258 1.2795 5.0014
v 14.0906 1.2795 5.0863
v 14.0057 1.2795 5.1215
v 13.9208 1.2795 5.0863
v 13.8856 1.2795 5.0014
v 13.9208 1.2795 4.9165
v 14.0057 1.2795 4.8814
v 14.0906 1.2795 4.9165
v 14.2000 1.1958 5.0014
v 14.1431 1.1958 5.1388
v 14.0057 1.1958 5.1957
v 13.8683 1.1958 5.1388
v 13.8114 1.1958 5.0014
v 13.8683 1.1958 4.8640
v 14.0057 1.1958 4.8071
v 14.1431 1.1958 4.8640
v 14.2000 1.0922 5.0014
v 14.1431 1.0922 5.1388
v 14.0057 1.0922 5.1957
v 13.8683 1.0922 5.1388
v 13.8114 1.0922 5.0014
v 13.8683 1.0922 4.8640
v 14.0057 1.0922 4.8071
v 14.1431 1.0922 4.8640
v 14.1258 1.0085 5.0014
v 14.0906 1.0085 5.0863
v 14.0057 1.0085 5.1215
v 13.9208 1.0085 5.0863
v 13.8856 1.0085 5.0014
v 13.9208 1.0085 4.9165
v 14.0057 1.0085 4.8814
v 14.0906 1.0085 4.9165
v 14.0057 1.3115 5.0014
v 14.0057 0.9765 5.0014
v 13.9663 1.2282 5.2986
v 13.9343 1.2282 5.3758
v 13.8571 1.2282 5.4077
v 13.7800 1.2282 5.3758
v 13.7480 1.2282 5.2986
v 13.7800 1.2282 5.2214
v 13.8571 1.2282 5.1894
v 13.9343 1.2282 5.2214
v 14.0338 1.1521 5.2986
v 13.9820 1.1521 5.4235
v 13.8571 1.1521 5.4752
v 13.7323 1.1521 5.4235
v 13.6805 1.1521 5.2986
v 13.7323 1.1521 5.1737
v 13.8571 1.1521 5.1219
v 13.9820 1.1521 5.1737
v 14.0338 1.0579 5.2986
v 13.9820 1.0579 5.4235
v 13.8571 1.0579 5.4752
v 13.7323 1.0579 5.4235
v 13.6805 1.0579 5.2986
v 13.7323 1.0579 5.1737
v 13.8571 1.0579 5.1219
v 13.9820 1.0579 5.1737
v 13.9663 0.9818 5.2986
v 13.9343 0.9818 5.3758
v 13.8571 0.9818 5.4077
v 13.7800 0.9818 5.3758
v 13.7480 0.9818 5.2986
v 13.7800 0.9818 5.2214
v 13.8571 0.9818 5.1894
v 13.9343 0.9818 5.2214
v 13.8571 1.2573 5.2986
v 13.8571 0.9527 5.2986
v 14.3800 1.1000 5.6500
v 14.3590 1.1000 5.7147
v 14.3040 1.1000 5.7546
v 14.2360 1.1000 5.7546
v 14.1810 1.1000 5.7147
v 14.1600 1.1000 5.6500
v 14.1810 1.1000 5.5853
v 14.2360 1.1000 5.5454
v 14.3040 1.1000 5.5454
v 14.3590 1.1000 5.5853
v 14.3800 1.2400 5.6500
v 14.3590 1.2400 5.7147
v 14.3040 1.2400 5.7546
v 14.2360 1.2400 5.7546
v 14.1810 1.2400 5.7147
v 14.1600 1.2400 5.6500
v 14.1810 1.2400 5.5853
v 14.2360 1.2400 5.5454
v 14.3040 1.2400 5.5454
v 14.3590 1.2400 5.5853
v 14.4600 1.2400 5.6500
v 14.4237 1.2400 5.7617
v 14.3287 1.2400 5.8307
v 14.2113 1.2400 5.8307
v 14.1163 1.2400 5.7617
v 14.0800 1.2400 5.6500
v 14.1163 1.2400 5.5383
v 14.2113 1.2400 5.4693
v 14.3287 1.2400 5.4693
v 14.4237 1.2400 5.5383
v 14.4600 1.5000 5.6500
v 14.4237 1.5000 5.7617
v 14.3287 1.5000 5.8307
v 14.2113 1.5000 5.8307
v 14.1163 1.5000 5.7617
v 14.0800 1.5000 5.6500
v 14.1163 1.5000 5.5383
v 14.2113 1.5000 5.4693
v 14.3287 1.5000 5.4693
v 14.4237 1.5000 5.5383
v 3.2100 0.0000 4.9500
v 3.1794 0.0000 5.0440
v 3.0994 0.0000 5.1022
v 3.0006 0.0000 5.1022
v 2.9206 0.0000 5.0440
v 2.8900 0.0000 4.9500
v 2.9206 0.0000 4.8560
v 3.0006 0.0000 4.7978
v 3.0994 0.0000 4.7978
v 3.1794 0.0000 4.8560
v 3.2100 0.4200 4.9500
v 3.1794 0.4200 5.0440
v 3.0994 0.4200 5.1022
v 3.0006 0.4200 5.1022
v 2.9206 0.4200 5.0440
v 2.8900 0.4200 4.9500
v 2.9206 0.4200 4.8560
v 3.0006 0.4200 4.7978
v 3.0994 0.4200 4.7978
v 3.1794 0.4200 4.8560
v 10.1100 0.0000 7.9500
v 10.0794 0.0000 8.0440
v 9.9994 0.0000 8.1022
v 9.9006 0.0000 8.1022
v 9.8206 0.0000 8.0440
v 9.7900 0.0000 7.9500
v 9.8206 0.0000 7.8560
v 9.9006 0.0000 7.7978
v 9.9994 0.0000 7.7978
v 10.0794 0.0000 7.8560
v 10.1100 0.4200 7.9500
v 10.0794 0.4200 8.0440
v 9.9994 0.4200 8.1022
v 9.9006 0.4200 8.1022
v 9.8206 0.4200 8.0440
v 9.7900 0.4200 7.9500
v 9.8206 0.4200 7.8560
v 9.9006 0.4200 7.7978
v 9.9994 0.4200 7.7978
v 10.0794 0.4200 7.8560
v 12.1100 0.0000 5.0500
v 12.0794 0.0000 5.1440
v 11.9994 0.0000 5.2022
v 11.9006 0.0000 5.2022
v 11.8206 0.0000 5.1440
v 11.7900 0.0000 5.0500
v 11.8206 0.0000 4.9560
v 11.9006 0.0000 4.8978
v 11.9994 0.0000 4.8978
v 12.0794 0.0000 4.9560
v 12.1100 0.4200 5.0500
v 12.0794 0.4200 5.1440
v 11.9994 0.4200 5.2022
v 11.9006 0.4200 5.2022
v 11.8206 0.4200 5.1440
v 11.7900 0.4200 5.0500
v 11.8206 0.4200 4.9560
v 11.9006 0.4200 4.8978
v 11.9994 0.4200 4.8978
v 12.0794 0.4200 4.9560
v 12.1100 0.0000 8.9500
v 12.0794 0.0000 9.0440
v 11.9994 0.0000 9.1022
v 11.9006 0.0000 9.1022
v 11.8206 0.0000 9.0440
v 11.7900 0.0000 8.9500
v 11.8206 0.0000 8.8560
v 11.9006 0.0000 8.7978
v 11.9994 0.0000 8.7978
v 12.0794 0.0000 8.8560
v 12.1100 0.4200 8.9500
v 12.0794 0.4200 9.0440
v 11.9994 0.4200 9.1022
v 11.9006 0.4200 9.1022
v 11.8206 0.4200 9.0440
v 11.7900 0.4200 8.9500
v 11.8206 0.4200 8.8560
v 11.9006 0.4200 8.7978
v 11.9994 0.4200 8.7978
v 12.0794 0.4200 8.8560
v 0.5800 0.0000 7.3500
v 0.5494 0.0000 7.4440
v 0.4694 0.0000 7.5022
v 0.3706 0.0000 7.5022
v 0.2906 0.0000 7.4440
v 0.2600 0.0000 7.3500
v 0.2906 0.0000 7.2560
v 0.3706 0.0000 7.1978
v 0.4694 0.0000 7.1978
v 0.5494 0.0000 7.2560
v 0.5800 0.4200 7.3500
v 0.5494 0.4200 7.4440
v 0.4694 0.4200 7.5022
v 0.3706 0.4200 7.5022
v 0.2906 0.4200 7.4440
v 0.2600 0.4200 7.3500
v 0.2906 0.4200 7.2560
v 0.3706 0.4200 7.1978
v 0.4694 0.4200 7.1978
v 0.5494 0.4200 7.2560
v 3.0500 0.0000 6.6200
v 3.0118 0.0000 6.7376
v 2.9118 0.0000 6.8102
v 2.7882 0.0000 6.8102
v 2.6882 0.0000 6.7376
v 2.6500 0.0000 6.6200
v 2.6882 0.0000 6.5024
v 2.7882 0.0000 6.4298
v 2.9118 0.0000 6.4298
v 3.0118 0.0000 6.5024
v 3.0500 0.0300 6.6200
v 3.0118 0.0300 6.7376
v 2.9118 0.0300 6.8102
v 2.7882 0.0300 6.8102
v 2.6882 0.0300 6.7376
v 2.6500 0.0300 6.6200
v 2.6882 0.0300 6.5024
v 2.7882 0.0300 6.4298
v 2.9118 0.0300 6.4298
v 3.0118 0.0300 6.5024
v 2.8720 0.0300 6.6200
v 2.8678 0.0300 6.6329
v 2.8568 0.0300 6.6409
v 2.8432 0.0300 6.6409
v 2.8322 0.0300 6.6329
v 2.8280 0.0300 6.6200
v 2.8322 0.0300 6.6071
v 2.8432 0.0300 6.5991
v 2.8568 0.0300 6.5991
v 2.8678 0.0300 6.6071
v 2.8720 1.5800 6.6200
v 2.8678 1.5800 6.6329
v 2.8568 1.5800 6.6409
v 2.8432 1.5800 6.6409
v 2.8322 1.5800 6.6329
v 2.8280 1.5800 6.6200
v 2.8322 1.5800 6.6071
v 2.8432 1.5800 6.5991
v 2.8568 1.5800 6.5991
v 2.8678 1.5800 6.6071
v 3.0400 1.5800 6.6200
v 3.0037 1.5800 6.7317
v 2.9087 1.5800 6.8007
v 2.7913 1.5800 6.8007
v 2.6963 1.5800 6.7317
v 2.6600 1.5800 6.6200
v 2.6963 1.5800 6.5083
v 2.7913 1.5800 6.4393
v 2.9087 1.5800 6.4393
v 3.0037 1.5800 6.5083
v 3.0400 1.8600 6.6200
v 3.0037 1.8600 6.7317
v 2.9087 1.8600 6.8007
v 2.7913 1.8600 6.8007
v 2.6963 1.8600 6.7317
v 2.6600 1.8600 6.6200
v 2.6963 1.8600 6.5083
v 2.7913 1.8600 6.4393
v 2.9087 1.8600 6.4393
v 3.0037 1.8600 6.5083
v 4.7250 0.7500 1.0800
v 4.7107 0.7500 1.1241
v 4.6732 0.7500 1.1513
v 4.6268 0.7500 1.1513
v 4.5893 0.7500 1.1241
v 4.5750 0.7500 1.0800
v 4.5893 0.7500 1.0359
v 4.6268 0.7500 1.0087
v 4.6732 0.7500 1.0087
v 4.7107 0.7500 1.0359
v 4.7250 0.7750 1.0800
v 4.7107 0.7750 1.1241
v 4.6732 0.7750 1.1513
v 4.6268 0.7750 1.1513
v 4.5893 0.7750 1.1241
v 4.5750 0.7750 1.0800
v 4.5893 0.7750 1.0359
v 4.6268 0.7750 1.0087
v 4.6732 0.7750 1.0087
v 4.7107 0.7750 1.0359
v 4.6690 0.7750 1.0800
v 4.6654 0.7750 1.0912
v 4.6559 0.7750 1.0981
v 4.6441 0.7750 1.0981
v 4.6346 0.7750 1.0912
v 4.6310 0.7750 1.0800
v 4.6346 0.7750 1.0688
v 4.6441 0.7750 1.0619
v 4.6559 0.7750 1.0619
v 4.6654 0.7750 1.0688
v 4.6690 0.9100 1.0800
v 4.6654 0.9100 1.0912
v 4.6559 0.9100 1.0981
v 4.6441 0.9100 1.0981
v 4.6346 0.9100 1.0912
v 4.6310 0.9100 1.0800
v 4.6346 0.9100 1.0688
v 4.6441 0.9100 1.0619
v 4.6559 0.9100 1.0619
v 4.6654 0.9100 1.0688
v 4.4350 0.9050 1.0640
v 4.8650 0.9050 1.0640
v 4.8650 0.9050 1.0960
v 4.4350 0.9050 1.0960
v 4.4350 1.1700 1.0640
v 4.8650 1.1700 1.0640
v 4.8650 1.1700 1.0960
v 4.4350 1.1700 1.0960
v 4.4520 0.9210 1.0920
v 4.8480 0.9210 1.0920
v 4.8480 0.9210 1.0960
v 4.4520 0.9210 1.0960
v 4.4520 1.1540 1.0920
v 4.8480 1.1540 1.0920
v 4.8480 1.1540 1.0960
v 4.4520 1.1540 1.0960
v 4.7250 0.7500 1.8800
v 4.7107 0.7500 1.9241
v 4.6732 0.7500 1.9513
v 4.6268 0.7500 1.9513
v 4.5893 0.7500 1.9241
v 4.5750 0.7500 1.8800
v 4.5893 0.7500 1.8359
v 4.6268 0.7500 1.8087
v 4.6732 0.7500 1.8087
v 4.7107 0.7500 1.8359
v 4.7250 0.7750 1.8800
v 4.7107 0.7750 1.9241
v 4.6732 0.7750 1.9513
v 4.6268 0.7750 1.9513
v 4.5893 0.7750 1.9241
v 4.5750 0.7750 1.8800
v 4.5893 0.7750 1.8359
v 4.6268 0.7750 1.8087
v 4.6732 0.7750 1.8087
v 4.7107 0.7750 1.8359
v 4.6690 0.7750 1.8800
v 4.6654 0.7750 1.8912
v 4.6559 0.7750 1.8981
v 4.6441 0.7750 1.8981
v 4.6346 0.7750 1.8912
v 4.6310 0.7750 1.8800
v 4.6346 0.7750 1.8688
v 4.6441 0.7750 1.8619
v 4.6559 0.7750 1.8619
v 4.6654 0.7750 1.8688
v 4.6690 0.9100 1.8800
v 4.6654 0.9100 1.8912
v 4.6559 0.9100 1.8981
v 4.6441 0.9100 1.8981
v 4.6346 0.9100 1.8912
v 4.6310 0.9100 1.8800
v 4.6346 0.9100 1.8688
v 4.6441 0.9100 1.8619
v 4.6559 0.9100 1.8619
v 4.6654 0.9100 1.8688
v 4.4350 0.9050 1.8640
v 4.8650 0.9050 1.8640
v 4.8650 0.9050 1.8960
v 4.4350 0.9050 1.8960
v 4.4350 1.1700 1.8640
v 4.8650 1.1700 1.8640
v 4.8650 1.1700 1.8960
v 4.4350 1.1700 1.8960
v 4.4520 0.9210 1.8600
v 4.8480 0.9210 1.8600
v 4.8480 0.9210 1.8640
v 4.4520 0.9210 1.8640
v 4.4520 1.1540 1.8600
v 4.8480 1.1540 1.8600
v 4.8480 1.1540 1.8640
v 4.4520 1.1540 1.8640
v 5.5250 0.7500 1.0800
v 5.5107 0.7500 1.1241
v 5.4732 0.7500 1.1513
v 5.4268 0.7500 1.1513
v 5.3893 0.7500 1.1241
v 5.3750 0.7500 1.0800
v 5.3893 0.7500 1.0359
v 5.4268 0.7500 1.0087
v 5.4732 0.7500 1.0087
v 5.5107 0.7500 1.0359
v 5.5250 0.7750 1.0800
v 5.5107 0.7750 1.1241
v 5.4732 0.7750 1.1513
v 5.4268 0.7750 1.1513
v 5.3893 0.7750 1.1241
v 5.3750 0.7750 1.0800
v 5.3893 0.7750 1.0359
v 5.4268 0.7750 1.0087
v 5.4732 0.7750 1.0087
v 5.5107 0.7750 1.0359
v 5.4690 0.7750 1.0800
v 5.4654 0.7750 1.0912
v 5.4559 0.7750 1.0981
v 5.4441 0.7750 1.0981
v 5.4346 0.7750 1.0912
v 5.4310 0.7750 1.0800
v 5.4346 0.7750 1.0688
v 5.4441 0.7750 1.0619
v 5.4559 0.7750 1.0619
v 5.4654 0.7750 1.0688
v 5.4690 0.9100 1.0800
v 5.4654 0.9100 1.0912
v 5.4559 0.9100 1.0981
v 5.4441 0.9100 1.0981
v 5.4346 0.9100 1.0912
v 5.4310 0.9100 1.0800
v 5.4346 0.9100 1.0688
v 5.4441 0.9100 1.0619
v 5.4559 0.9100 1.0619
v 5.4654 0.9100 1.0688
v 5.2350 0.9050 1.0640
v 5.6650 0.9050 1.0640
v 5.6650 0.9050 1.0960
v 5.2350 0.9050 1.0960
v 5.2350 1.1700 1.0640
v 5.6650 1.1700 1.0640
v 5.6650 1.1700 1.0960
v 5.2350 1.1700 1.0960
v 5.2520 0.9210 1.0920
v 5.6480 0.9210 1.0920
v 5.6480 0.9210 1.0960
v 5.2520 0.9210 1.0960
v 5.2520 1.1540 1.0920
v 5.6480 1.1540 1.0920
v 5.6480 1.1540 1.0960
v 5.2520 1.1540 1.0960
v 5.5250 0.7500 1.8800
v 5.5107 0.7500 1.9241
v 5.4732 0.7500 1.9513
v 5.4268 0.7500 1.9513
v 5.3893 0.7500 1.9241
v 5.3750 0.7500 1.8800
v 5.3893 0.7500 1.8359
v 5.4268 0.7500 1.8087
v 5.4732 0.7500 1.8087
v 5.5107 0.7500 1.8359
v 5.5250 0.7750 1.8800
v 5.5107 0.7750 1.9241
v 5.4732 0.7750 1.9513
v 5.4268 0.7750 1.9513
v 5.3893 0.7750 1.9241
v 5.3750 0.7750 1.8800
v 5.3893 0.7750 1.8359
v 5.4268 0.7750 1.8087
v 5.4732 0.7750 1.8087
v 5.5107 0.7750 1.8359
v 5.4690 0.7750 1.8800
v 5.4654 0.7750 1.8912
v 5.4559 0.7750 1.8981
v 5.4441 0.7750 1.8981
v 5.4346 0.7750 1.8912
v 5.4310 0.7750 1.8800
v 5.4346 0.7750 1.8688
v 5.4441 0.7750 1.8619
v 5.4559 0.7750 1.8619
v 5.4654 0.7750 1.8688
v 5.4690 0.9100 1.8800
v 5.4654 0.9100 1.8912
v 5.4559 0.9100 1.8981
v 5.4441 0.9100 1.8981
v 5.4346 0.9100 1.8912
v 5.4310 0.9100 1.8800
v 5.4346 0.9100 1.8688
v 5.4441 0.9100 1.8619
v 5.4559 0.9100 1.8619
v 5.4654 0.9100 1.8688
v 5.2350 0.9050 1.8640
v 5.6650 0.9050 1.8640
v 5.6650 0.9050 1.8960
v 5.2350 0.9050 1.8960
v 5.2350 1.1700 1.8640
v 5.6650 1.1700 1.8640
v 5.6650 1.1700 1.8960
v 5.2350 1.1700 1.8960
v 5.2520 0.9210 1.8600
v 5.6480 0.9210 1.8600
v 5.6480 0.9210 1.8640
v 5.2520 0.9210 1.8640
v 5.2520 1.1540 1.8600
v 5.6480 1.1540 1.8600
v 5.6480 1.1540 1.8640
v 5.2520 1.1540 1.8640
v 6.3250 0.7500 1.0800
v 6.3107 0.7500 1.1241
v 6.2732 0.7500 1.1513
v 6.2268 0.7500 1.1513
v 6.1893 0.7500 1.1241
v 6.1750 0.7500 1.0800
v 6.1893 0.7500 1.0359
v 6.2268 0.7500 1.0087
v 6.2732 0.7500 1.0087
v 6.3107 0.7500 1.0359
v 6.3250 0.7750 1.0800
v 6.3107 0.7750 1.1241
v 6.2732 0.7750 1.1513
v 6.2268 0.7750 1.1513
v 6.1893 0.7750 1.1241
v 6.1750 0.7750 1.0800
v 6.1893 0.7750 1.0359
v 6.2268 0.7750 1.0087
v 6.2732 0.7750 1.0087
v 6.3107 0.7750 1.0359
v 6.2690 0.7750 1.0800
v 6.2654 0.7750 1.0912
v 6.2559 0.7750 1.0981
v 6.2441 0.7750 1.0981
v 6.2346 0.7750 1.0912
v 6.2310 0.7750 1.0800
v 6.2346 0.7750 1.0688
v 6.2441 0.7750 1.0619
v 6.2559 0.7750 1.0619
v 6.2654 0.7750 1.0688
v 6.2690 0.9100 1.0800
v 6.2654 0.9100 1.0912
v 6.2559 0.9100 1.0981
v 6.2441 0.9100 1.0981
v 6.2346 0.9100 1.0912
v 6.2310 0.9100 1.0800
v 6.2346 0.9100 1.0688
v 6.2441 0.9100 1.0619
v 6.2559 0.9100 1.0619
v 6.2654 0.9100 1.0688
v 6.0350 0.9050 1.0640
v 6.4650 0.9050 1.0640
v 6.4650 0.9050 1.0960
v 6.0350 0.9050 1.0960
v 6.0350 1.1700 1.0640
v 6.4650 1.1700 1.0640
v 6.4650 1.1700 1.0960
v 6.0350 1.1700 1.0960
v 6.0520 0.9210 1.0920
v 6.4480 0.9210 1.0920
v 6.4480 0.9210 1.0960
v 6.0520 0.9210 1.0960
v 6.0520 1.1540 1.0920
v 6.4480 1.1540 1.0920
v 6.4480 1.1540 1.0960
v 6.0520 1.1540 1.0960
v 6.3250 0.7500 1.8800
v 6.3107 0.7500 1.9241
v 6.2732 0.7500 1.9513
v 6.2268 0.7500 1.9513
v 6.1893 0.7500 1.9241
v 6.1750 0.7500 1.8800
v 6.1893 0.7500 1.8359
v 6.2268 0.7500 1.8087
v 6.2732 0.7500 1.8087
v 6.3107 0.7500 1.8359
v 6.3250 0.7750 1.8800
v 6.3107 0.7750 1.9241
v 6.2732 0.7750 1.9513
v 6.2268 0.7750 1.9513
v 6.1893 0.7750 1.9241
v 6.1750 0.7750 1.8800
v 6.1893 0.7750 1.8359
v 6.2268 0.7750 1.8087
v 6.2732 0.7750 1.8087
v 6.3107 0.7750 1.8359
v 6.2690 0.7750 1.8800
v 6.2654 0.7750 1.8912
v 6.2559 0.7750 1.8981
v 6.2441 0.7750 1.8981
v 6.2346 0.7750 1.8912
v 6.2310 0.7750 1.8800
v 6.2346 0.7750 1.8688
v 6.2441 0.7750 1.8619
v 6.2559 0.7750 1.8619
v 6.2654 0.7750 1.8688
v 6.2690 0.9100 1.8800
v 6.2654 0.9100 1.8912
v 6.2559 0.9100 1.8981
v 6.2441 0.9100 1.8981
v 6.2346 0.9100 1.8912
v 6.2310 0.9100 1.8800
v 6.2346 0.9100 1.8688
v 6.2441 0.9100 1.8619
v 6.2559 0.9100 1.8619
v 6.2654 0.9100 1.8688
v 6.0350 0.9050 1.8640
v 6.4650 0.9050 1.8640
v 6.4650 0.9050 1.8960
v 6.0350 0.9050 1.8960
v 6.0350 1.1700 1.8640
v 6.4650 1.1700 1.8640
v 6.4650 1.1700 1.8960
v 6.0350 1.1700 1.8960
v 6.0520 0.9210 1.8600
v 6.4480 0.9210 1.8600
v 6.4480 0.9210 1.8640
v 6.0520 0.9210 1.8640
v 6.0520 1.1540 1.8600
v 6.4480 1.1540 1.8600
v 6.4480 1.1540 1.8640
v 6.0520 1.1540 1.8640
v 7.1250 0.7500 1.0800
v 7.1107 0.7500 1.1241
v 7.0732 0.7500 1.1513
v 7.0268 0.7500 1.1513
v 6.9893 0.7500 1.1241
v 6.9750 0.7500 1.0800
v 6.9893 0.7500 1.0359
v 7.0268 0.7500 1.0087
v 7.0732 0.7500 1.0087
v 7.1107 0.7500 1.0359
v 7.1250 0.7750 1.0800
v 7.1107 0.7750 1.1241
v 7.0732 0.7750 1.1513
v 7.0268 0.7750 1.1513
v 6.9893 0.7750 1.1241
v 6.9750 0.7750 1.0800
v 6.9893 0.7750 1.0359
v 7.0268 0.7750 1.0087
v 7.0732 0.7750 1.0087
v 7.1107 0.7750 1.0359
v 7.0690 0.7750 1.0800
v 7.0654 0.7750 1.0912
v 7.0559 0.7750 1.0981
v 7.0441 0.7750 1.0981
v 7.0346 0.7750 1.0912
v 7.0310 0.7750 1.0800
v 7.0346 0.7750 1.0688
v 7.0441 0.7750 1.0619
v 7.0559 0.7750 1.0619
v 7.0654 0.7750 1.0688
v 7.0690 0.9100 1.0800
v 7.0654 0.9100 1.0912
v 7.0559 0.9100 1.0981
v 7.0441 0.9100 1.0981
v 7.0346 0.9100 1.0912
v 7.0310 0.9100 1.0800
v 7.0346 0.9100 1.0688
v 7.0441 0.9100 1.0619
v 7.0559 0.9100 1.0619
v 7.0654 0.9100 1.0688
v 6.8350 0.9050 1.0640
v 7.2650 0.9050 1.0640
v 7.2650 0.9050 1.0960
v 6.8350 0.9050 1.0960
v 6.8350 1.1700 1.0640
v 7.2650 1.1700 1.0640
v 7.2650 1.1700 1.0960
v 6.8350 1.1700 1.0960
v 6.8520 0.9210 1.0920
v 7.2480 0.9210 1.0920
v 7.2480 0.9210 1.0960
v 6.8520 0.9210 1.0960
v 6.8520 1.1540 1.0920
v 7.2480 1.1540 1.0920
v 7.2480 1.1540 1.0960
v 6.8520 1.1540 1.0960
v 7.1250 0.7500 1.8800
v 7.1107 0.7500 1.9241
v 7.0732 0.7500 1.9513
v 7.0268 0.7500 1.9513
v 6.9893 0.7500 1.9241
v 6.9750 0.7500 1.8800
v 6.9893 0.7500 1.8359
v 7.0268 0.7500 1.8087
v 7.0732 0.7500 1.8087
v 7.1107 0.7500 1.8359
v 7.1250 0.7750 1.8800
v 7.1107 0.7750 1.9241
v 7.0732 0.7750 1.9513
v 7.0268 0.7750 1.9513
v 6.9893 0.7750 1.9241
v 6.9750 0.7750 1.8800
v 6.9893 0.7750 1.8359
v 7.0268 0.7750 1.8087
v 7.0732 0.7750 1.8087
v 7.1107 0.7750 1.8359
v 7.0690 0.7750 1.8800
v 7.0654 0.7750 1.8912
v 7.0559 0.7750 1.8981
v 7.0441 0.7750 1.8981
v 7.0346 0.7750 1.8912
v 7.0310 0.7750 1.8800
v 7.0346 0.7750 1.8688
v 7.0441 0.7750 1.8619
v 7.0559 0.7750 1.8619
v 7.0654 0.7750 1.8688
v 7.0690 0.9100 1.8800
v 7.0654 0.9100 1.8912
v 7.0559 0.9100 1.8981
v 7.0441 0.9100 1.8981
v 7.0346 0.9100 1.8912
v 7.0310 0.9100 1.8800
v 7.0346 0.9100 1.8688
v 7.0441 0.9100 1.8619
v 7.0559 0.9100 1.8619
v 7.0654 0.9100 1.8688
v 6.8350 0.9050 1.8640
v 7.2650 0.9050 1.8640
v 7.2650 0.9050 1.8960
v 6.8350 0.9050 1.8960
v 6.8350 1.1700 1.8640
v 7.2650 1.1700 1.8640
v 7.2650 1.1700 1.8960
v 6.8350 1.1700 1.8960
v 6.8520 0.9210 1.8600
v 7.2480 0.9210 1.8600
v 7.2480 0.9210 1.8640
v 6.8520 0.9210 1.8640
v 6.8520 1.1540 1.8600
v 7.2480 1.1540 1.8600
v 7.2480 1.1540 1.8640
v 6.8520 1.1540 1.8640
v 4.5920 0.7550 1.0800
v 4.5840 0.7550 1.1047
v 4.5630 0.7550 1.1199
v 4.5370 0.7550 1.1199
v 4.5160 0.7550 1.1047
v 4.5080 0.7550 1.0800
v 4.5160 0.7550 1.0553
v 4.5370 0.7550 1.0401
v 4.5630 0.7550 1.0401
v 4.5840 0.7550 1.0553
v 4.5920 0.8500 1.0800
v 4.5840 0.8500 1.1047
v 4.5630 0.8500 1.1199
v 4.5370 0.8500 1.1199
v 4.5160 0.8500 1.1047
v 4.5080 0.8500 1.0800
v 4.5160 0.8500 1.0553
v 4.5370 0.8500 1.0401
v 4.5630 0.8500 1.0401
v 4.5840 0.8500 1.0553
v 7.0250 0.7550 1.6950
v 7.2350 0.7550 1.6950
v 7.2350 0.7550 1.9850
v 7.0250 0.7550 1.9850
v 7.0250 0.7670 1.6950
v 7.2350 0.7670 1.6950
v 7.2350 0.7670 1.9850
v 7.0250 0.7670 1.9850
v 3.7250 0.7500 4.8300
v 3.7107 0.7500 4.8741
v 3.6732 0.7500 4.9013
v 3.6268 0.7500 4.9013
v 3.5893 0.7500 4.8741
v 3.5750 0.7500 4.8300
v 3.5893 0.7500 4.7859
v 3.6268 0.7500 4.7587
v 3.6732 0.7500 4.7587
v 3.7107 0.7500 4.7859
v 3.7250 0.7750 4.8300
v 3.7107 0.7750 4.8741
v 3.6732 0.7750 4.9013
v 3.6268 0.7750 4.9013
v 3.5893 0.7750 4.8741
v 3.5750 0.7750 4.8300
v 3.5893 0.7750 4.7859
v 3.6268 0.7750 4.7587
v 3.6732 0.7750 4.7587
v 3.7107 0.7750 4.7859
v 3.6690 0.7750 4.8300
v 3.6654 0.7750 4.8412
v 3.6559 0.7750 4.8481
v 3.6441 0.7750 4.8481
v 3.6346 0.7750 4.8412
v 3.6310 0.7750 4.8300
v 3.6346 0.7750 4.8188
v 3.6441 0.7750 4.8119
v 3.6559 0.7750 4.8119
v 3.6654 0.7750 4.8188
v 3.6690 0.9100 4.8300
v 3.6654 0.9100 4.8412
v 3.6559 0.9100 4.8481
v 3.6441 0.9100 4.8481
v 3.6346 0.9100 4.8412
v 3.6310 0.9100 4.8300
v 3.6346 0.9100 4.8188
v 3.6441 0.9100 4.8119
v 3.6559 0.9100 4.8119
v 3.6654 0.9100 4.8188
v 3.4350 0.9050 4.8140
v 3.8650 0.9050 4.8140
v 3.8650 0.9050 4.8460
v 3.4350 0.9050 4.8460
v 3.4350 1.1700 4.8140
v 3.8650 1.1700 4.8140
v 3.8650 1.1700 4.8460
v 3.4350 1.1700 4.8460
v 3.4520 0.9210 4.8420
v 3.8480 0.9210 4.8420
v 3.8480 0.9210 4.8460
v 3.4520 0.9210 4.8460
v 3.4520 1.1540 4.8420
v 3.8480 1.1540 4.8420
v 3.8480 1.1540 4.8460
v 3.4520 1.1540 4.8460
v 3.7250 0.7500 5.6300
v 3.7107 0.7500 5.6741
v 3.6732 0.7500 5.7013
v 3.6268 0.7500 5.7013
v 3.5893 0.7500 5.6741
v 3.5750 0.7500 5.6300
v 3.5893 0.7500 5.5859
v 3.6268 0.7500 5.5587
v 3.6732 0.7500 5.5587
v 3.7107 0.7500 5.5859
v 3.7250 0.7750 5.6300
v 3.7107 0.7750 5.6741
v 3.6732 0.7750 5.7013
v 3.6268 0.7750 5.7013
v 3.5893 0.7750 5.6741
v 3.5750 0.7750 5.6300
v 3.5893 0.7750 5.5859
v 3.6268 0.7750 5.5587
v 3.6732 0.7750 5.5587
v 3.7107 0.7750 5.5859
v 3.6690 0.7750 5.6300
v 3.6654 0.7750 5.6412
v 3.6559 0.7750 5.6481
v 3.6441 0.7750 5.6481
v 3.6346 0.7750 5.6412
v 3.6310 0.7750 5.6300
v 3.6346 0.7750 5.6188
v 3.6441 0.7750 5.6119
v 3.6559 0.7750 5.6119
v 3.6654 0.7750 5.6188
v 3.6690 0.9100 5.6300
v 3.6654 0.9100 5.6412
v 3.6559 0.9100 5.6481
v 3.6441 0.9100 5.6481
v 3.6346 0.9100 5.6412
v 3.6310 0.9100 5.6300
v 3.6346 0.9100 5.6188
v 3.6441 0.9100 5.6119
v 3.6559 0.9100 5.6119
v 3.6654 0.9100 5.6188
v 3.4350 0.9050 5.6140
v 3.8650 0.9050 5.6140
v 3.8650 0.9050 5.6460
v 3.4350 0.9050 5.6460
v 3.4350 1.1700 5.6140
v 3.8650 1.1700 5.6140
v 3.8650 1.1700 5.6460
v 3.4350 1.1700 5.6460
v 3.4520 0.9210 5.6100
v 3.8480 0.9210 5.6100
v 3.8480 0.9210 5.6140
v 3.4520 0.9210 5.6140
v 3.4520 1.1540 5.6100
v 3.8480 1.1540 5.6100
v 3.8480 1.1540 5.6140
v 3.4520 1.1540 5.6140
v 4.5250 0.7500 4.8300
v 4.5107 0.7500 4.8741
v 4.4732 0.7500 4.9013
v 4.4268 0.7500 4.9013
v 4.3893 0.7500 4.8741
v 4.3750 0.7500 4.8300
v 4.3893 0.7500 4.7859
v 4.4268 0.7500 4.7587
v 4.4732 0.7500 4.7587
v 4.5107 0.7500 4.7859
v 4.5250 0.7750 4.8300
v 4.5107 0.7750 4.8741
v 4.4732 0.7750 4.9013
v 4.4268 0.7750 4.9013
v 4.3893 0.7750 4.8741
v 4.3750 0.7750 4.8300
v 4.3893 0.7750 4.7859
v 4.4268 0.7750 4.7587
v 4.4732 0.7750 4.7587
v 4.5107 0.7750 4.7859
v 4.4690 0.7750 4.8300
v 4.4654 0.7750 4.8412
v 4.4559 0.7750 4.8481
v 4.4441 0.7750 4.8481
v 4.4346 0.7750 4.8412
v 4.4310 0.7750 4.8300
v 4.4346 0.7750 4.8188
v 4.4441 0.7750 4.8119
v 4.4559 0.7750 4.8119
v 4.4654 0.7750 4.8188
v 4.4690 0.9100 4.8300
v 4.4654 0.9100 4.8412
v 4.4559 0.9100 4.8481
v 4.4441 0.9100 4.8481
v 4.4346 0.9100 4.8412
v 4.4310 0.9100 4.8300
v 4.4346 0.9100 4.8188
v 4.4441 0.9100 4.8119
v 4.4559 0.9100 4.8119
v 4.4654 0.9100 4.8188
v 4.2350 0.9050 4.8140
v 4.6650 0.9050 4.8140
v 4.6650 0.9050 4.8460
v 4.2350 0.9050 4.8460
v 4.2350 1.1700 4.8140
v 4.6650 1.1700 4.8140
v 4.6650 1.1700 4.8460
v 4.2350 1.1700 4.8460
v 4.2520 0.9210 4.8420
v 4.6480 0.9210 4.8420
v 4.6480 0.9210 4.8460
v 4.2520 0.9210 4.8460
v 4.2520 1.1540 4.8420
v 4.6480 1.1540 4.8420
v 4.6480 1.1540 4.8460
v 4.2520 1.1540 4.8460
v 4.5250 0.7500 5.6300
v 4.5107 0.7500 5.6741
v 4.4732 0.7500 5.7013
v 4.4268 0.7500 5.7013
v 4.3893 0.7500 5.6741
v 4.3750 0.7500 5.6300
v 4.3893 0.7500 5.5859
v 4.4268 0.7500 5.5587
v 4.4732 0.7500 5.5587
v 4.5107 0.7500 5.5859
v 4.5250 0.7750 5.6300
v 4.5107 0.7750 5.6741
v 4.4732 0.7750 5.7013
v 4.4268 0.7750 5.7013
v 4.3893 0.7750 5.6741
v 4.3750 0.7750 5.6300
v 4.3893 0.7750 5.5859
v 4.4268 0.7750 5.5587
v 4.4732 0.7750 5.5587
v 4.5107 0.7750 5.5859
v 4.4690 0.7750 5.6300
v 4.4654 0.7750 5.6412
v 4.4559 0.7750 5.6481
v 4.4441 0.7750 5.6481
v 4.4346 0.7750 5.6412
v 4.4310 0.7750 5.6300
v 4.4346 0.7750 5.6188
v 4.4441 0.7750 5.6119
v 4.4559 0.7750 5.6119
v 4.4654 0.7750 5.6188
v 4.4690 0.9100 5.6300
v 4.4654 0.9100 5.6412
v 4.4559 0.9100 5.6481
v 4.4441 0.9100 5.6481
v 4.4346 0.9100 5.6412
v 4.4310 0.9100 5.6300
v 4.4346 0.9100 5.6188
v 4.4441 0.9100 5.6119
v 4.4559 0.9100 5.6119
v 4.4654 0.9100 5.6188
v 4.2350 0.9050 5.6140
v 4.6650 0.9050 5.6140
v 4.6650 0.9050 5.6460
v 4.2350 0.9050 5.6460
v 4.2350 1.1700 5.6140
v 4.6650 1.1700 5.6140
v 4.6650 1.1700 5.6460
v 4.2350 1.1700 5.6460
v 4.2520 0.9210 5.6100
v 4.6480 0.9210 5.6100
v 4.6480 0.9210 5.6140
v 4.2520 0.9210 5.6140
v 4.2520 1.1540 5.6100
v 4.6480 1.1540 5.6100
v 4.6480 1.1540 5.6140
v 4.2520 1.1540 5.6140
v 5.3250 0.7500 4.8300
v 5.3107 0.7500 4.8741
v 5.2732 0.7500 4.9013
v 5.2268 0.7500 4.9013
v 5.1893 0.7500 4.8741
v 5.1750 0.7500 4.8300
v 5.1893 0.7500 4.7859
v 5.2268 0.7500 4.7587
v 5.2732 0.7500 4.7587
v 5.3107 0.7500 4.7859
v 5.3250 0.7750 4.8300
v 5.3107 0.7750 4.8741
v 5.2732 0.7750 4.9013
v 5.2268 0.7750 4.9013
v 5.1893 0.7750 4.8741
v 5.1750 0.7750 4.8300
v 5.1893 0.7750 4.7859
v 5.2268 0.7750 4.7587
v 5.2732 0.7750 4.7587
v 5.3107 0.7750 4.7859
v 5.2690 0.7750 4.8300
v 5.2654 0.7750 4.8412
v 5.2559 0.7750 4.8481
v 5.2441 0.7750 4.8481
v 5.2346 0.7750 4.8412
v 5.2310 0.7750 4.8300
v 5.2346 0.7750 4.8188
v 5.2441 0.7750 4.8119
v 5.2559 0.7750 4.8119
v 5.2654 0.7750 4.8188
v 5.2690 0.9100 4.8300
v 5.2654 0.9100 4.8412
v 5.2559 0.9100 4.8481
v 5.2441 0.9100 4.8481
v 5.2346 0.9100 4.8412
v 5.2310 0.9100 4.8300
v 5.2346 0.9100 4.8188
v 5.2441 0.9100 4.8119
v 5.2559 0.9100 4.8119
v 5.2654 0.9100 4.8188
v 5.0350 0.9050 4.8140
v 5.4650 0.9050 4.8140
v 5.4650 0.9050 4.8460
v 5.0350 0.9050 4.8460
v 5.0350 1.1700 4.8140
v 5.4650 1.1700 4.8140
v 5.4650 1.1700 4.8460
v 5.0350 1.1700 4.8460
v 5.0520 0.9210 4.8420
v 5.4480 0.9210 4.8420
v 5.4480 0.9210 4.8460
v 5.0520 0.9210 4.8460
v 5.0520 1.1540 4.8420
v 5.4480 1.1540 4.8420
v 5.4480 1.1540 4.8460
v 5.0520 1.1540 4.8460
v 5.3250 0.7500 5.6300
v 5.3107 0.7500 5.6741
v 5.2732 0.7500 5.7013
v 5.2268 0.7500 5.7013
v 5.1893 0.7500 5.6741
v 5.1750 0.7500 5.6300
v 5.1893 0.7500 5.5859
v 5.2268 0.7500 5.5587
v 5.2732 0.7500 5.5587
v 5.3107 0.7500 5.5859
v 5.3250 0.7750 5.6300
v 5.3107 0.7750 5.6741
v 5.2732 0.7750 5.7013
v 5.2268 0.7750 5.7013
v 5.1893 0.7750 5.6741
v 5.1750 0.7750 5.6300
v 5.1893 0.7750 5.5859
v 5.2268 0.7750 5.5587
v 5.2732 0.7750 5.5587
v 5.3107 0.7750 5.5859
v 5.2690 0.7750 5.6300
v 5.2654 0.7750 5.6412
v 5.2559 0.7750 5.6481
v 5.2441 0.7750 5.6481
v 5.2346 0.7750 5.6412
v 5.2310 0.7750 5.6300
v 5.2346 0.7750 5.6188
v 5.2441 0.7750 5.6119
v 5.2559 0.7750 5.6119
v 5.2654 0.7750 5.6188
v 5.2690 0.9100 5.6300
v 5.2654 0.9100 5.6412
v 5.2559 0.9100 5.6481
v 5.2441 0.9100 5.6481
v 5.2346 0.9100 5.6412
v 5.2310 0.9100 5.6300
v 5.2346 0.9100 5.6188
v 5.2441 0.9100 5.6119
v 5.2559 0.9100 5.6119
v 5.2654 0.9100 5.6188
v 5.0350 0.9050 5.6140
v 5.4650 0.9050 5.6140
v 5.4650 0.9050 5.6460
v 5.0350 0.9050 5.6460
v 5.0350 1.1700 5.6140
v 5.4650 1.1700 5.6140
v 5.4650 1.1700 5.6460
v 5.0350 1.1700 5.6460
v 5.0520 0.9210 5.6100
v 5.4480 0.9210 5.6100
v 5.4480 0.9210 5.6140
v 5.0520 0.9210 5.6140
v 5.0520 1.1540 5.6100
v 5.4480 1.1540 5.6100
v 5.4480 1.1540 5.6140
v 5.0520 1.1540 5.6140
v 6.1250 0.7500 4.8300
v 6.1107 0.7500 4.8741
v 6.0732 0.7500 4.9013
v 6.0268 0.7500 4.9013
v 5.9893 0.7500 4.8741
v 5.9750 0.7500 4.8300
v 5.9893 0.7500 4.7859
v 6.0268 0.7500 4.7587
v 6.0732 0.7500 4.7587
v 6.1107 0.7500 4.7859
v 6.1250 0.7750 4.8300
v 6.1107 0.7750 4.8741
v 6.0732 0.7750 4.9013
v 6.0268 0.7750 4.9013
v 5.9893 0.7750 4.8741
v 5.9750 0.7750 4.8300
v 5.9893 0.7750 4.7859
v 6.0268 0.7750 4.7587
v 6.0732 0.7750 4.7587
v 6.1107 0.7750 4.7859
v 6.0690 0.7750 4.8300
v 6.0654 0.7750 4.8412
v 6.0559 0.7750 4.8481
v 6.0441 0.7750 4.8481
v 6.0346 0.7750 4.8412
v 6.0310 0.7750 4.8300
v 6.0346 0.7750 4.8188
v 6.0441 0.7750 4.8119
v 6.0559 0.7750 4.8119
v 6.0654 0.7750 4.8188
v 6.0690 0.9100 4.8300
v 6.0654 0.9100 4.8412
v 6.0559 0.9100 4.8481
v 6.0441 0.9100 4.8481
v 6.0346 0.9100 4.8412
v 6.0310 0.9100 4.8300
v 6.0346 0.9100 4.8188
v 6.0441 0.9100 4.8119
v 6.0559 0.9100 4.8119
v 6.0654 0.9100 4.8188
v 5.8350 0.9050 4.8140
v 6.2650 0.9050 4.8140
v 6.2650 0.9050 4.8460
v 5.8350 0.9050 4.8460
v 5.8350 1.1700 4.8140
v 6.2650 1.1700 4.8140
v 6.2650 1.1700 4.8460
v 5.8350 1.1700 4.8460
v 5.8520 0.9210 4.8420
v 6.2480 0.9210 4.8420
v 6.2480 0.9210 4.8460
v 5.8520 0.9210 4.8460
v 5.8520 1.1540 4.8420
v 6.2480 1.1540 4.8420
v 6.2480 1.1540 4.8460
v 5.8520 1.1540 4.8460
v 6.1250 0.7500 5.6300
v 6.1107 0.7500 5.6741
v 6.0732 0.7500 5.7013
v 6.0268 0.7500 5.7013
v 5.9893 0.7500 5.6741
v 5.9750 0.7500 5.6300
v 5.9893 0.7500 5.5859
v 6.0268 0.7500 5.5587
v 6.0732 0.7500 5.5587
v 6.1107 0.7500 5.5859
v 6.1250 0.7750 5.6300
v 6.1107 0.7750 5.6741
v 6.0732 0.7750 5.7013
v 6.0268 0.7750 5.7013
v 5.9893 0.7750 5.6741
v 5.9750 0.7750 5.6300
v 5.9893 0.7750 5.5859
v 6.0268 0.7750 5.5587
v 6.0732 0.7750 5.5587
v 6.1107 0.7750 5.5859
v 6.0690 0.7750 5.6300
v 6.0654 0.7750 5.6412
v 6.0559 0.7750 5.6481
v 6.0441 0.7750 5.6481
v 6.0346 0.7750 5.6412
v 6.0310 0.7750 5.6300
v 6.0346 0.7750 5.6188
v 6.0441 0.7750 5.6119
v 6.0559 0.7750 5.6119
v 6.0654 0.7750 5.6188
v 6.0690 0.9100 5.6300
v 6.0654 0.9100 5.6412
v 6.0559 0.9100 5.6481
v 6.0441 0.9100 5.6481
v 6.0346 0.9100 5.6412
v 6.0310 0.9100 5.6300
v 6.0346 0.9100 5.6188
v 6.0441 0.9100 5.6119
v 6.0559 0.9100 5.6119
v 6.0654 0.9100 5.6188
v 5.8350 0.9050 5.6140
v 6.2650 0.9050 5.6140
v 6.2650 0.9050 5.6460
v 5.8350 0.9050 5.6460
v 5.8350 1.1700 5.6140
v 6.2650 1.1700 5.6140
v 6.2650 1.1700 5.6460
v 5.8350 1.1700 5.6460
v 5.8520 0.9210 5.6100
v 6.2480 0.9210 5.6100
v 6.2480 0.9210 5.6140
v 5.8520 0.9210 5.6140
v 5.8520 1.1540 5.6100
v 6.2480 1.1540 5.6100
v 6.2480 1.1540 5.6140
v 5.8520 1.1540 5.6140
v 3.5920 0.7550 4.8300
v 3.5840 0.7550 4.8547
v 3.5630 0.7550 4.8699
v 3.5370 0.7550 4.8699
v 3.5160 0.7550 4.8547
v 3.5080 0.7550 4.8300
v 3.5160 0.7550 4.8053
v 3.5370 0.7550 4.7901
v 3.5630 0.7550 4.7901
v 3.5840 0.7550 4.8053
v 3.5920 0.8500 4.8300
v 3.5840 0.8500 4.8547
v 3.5630 0.8500 4.8699
v 3.5370 0.8500 4.8699
v 3.5160 0.8500 4.8547
v 3.5080 0.8500 4.8300
v 3.5160 0.8500 4.8053
v 3.5370 0.8500 4.7901
v 3.5630 0.8500 4.7901
v 3.5840 0.8500 4.8053
v 6.0250 0.7550 5.4450
v 6.2350 0.7550 5.4450
v 6.2350 0.7550 5.7350
v 6.0250 0.7550 5.7350
v 6.0250 0.7670 5.4450
v 6.2350 0.7670 5.4450
v 6.2350 0.7670 5.7350
v 6.0250 0.7670 5.7350
v 8.4250 0.7500 5.4000
v 8.4107 0.7500 5.4441
v 8.3732 0.7500 5.4713
v 8.3268 0.7500 5.4713
v 8.2893 0.7500 5.4441
v 8.2750 0.7500 5.4000
v 8.2893 0.7500 5.3559
v 8.3268 0.7500 5.3287
v 8.3732 0.7500 5.3287
v 8.4107 0.7500 5.3559
v 8.4250 0.7750 5.4000
v 8.4107 0.7750 5.4441
v 8.3732 0.7750 5.4713
v 8.3268 0.7750 5.4713
v 8.2893 0.7750 5.4441
v 8.2750 0.7750 5.4000
v 8.2893 0.7750 5.3559
v 8.3268 0.7750 5.3287
v 8.3732 0.7750 5.3287
v 8.4107 0.7750 5.3559
v 8.3690 0.7750 5.4000
v 8.3654 0.7750 5.4112
v 8.3559 0.7750 5.4181
v 8.3441 0.7750 5.4181
v 8.3346 0.7750 5.4112
v 8.3310 0.7750 5.4000
v 8.3346 0.7750 5.3888
v 8.3441 0.7750 5.3819
v 8.3559 0.7750 5.3819
v 8.3654 0.7750 5.3888
v 8.3690 0.9100 5.4000
v 8.3654 0.9100 5.4112
v 8.3559 0.9100 5.4181
v 8.3441 0.9100 5.4181
v 8.3346 0.9100 5.4112
v 8.3310 0.9100 5.4000
v 8.3346 0.9100 5.3888
v 8.3441 0.9100 5.3819
v 8.3559 0.9100 5.3819
v 8.3654 0.9100 5.3888
v 8.3340 0.9050 5.1850
v 8.3660 0.9050 5.1850
v 8.3660 0.9050 5.6150
v 8.3340 0.9050 5.6150
v 8.3340 1.1700 5.1850
v 8.3660 1.1700 5.1850
v 8.3660 1.1700 5.6150
v 8.3340 1.1700 5.6150
v 8.3620 0.9210 5.2020
v 8.3660 0.9210 5.2020
v 8.3660 0.9210 5.5980
v 8.3620 0.9210 5.5980
v 8.3620 1.1540 5.2020
v 8.3660 1.1540 5.2020
v 8.3660 1.1540 5.5980
v 8.3620 1.1540 5.5980
v 9.1850 0.7500 5.4000
v 9.1707 0.7500 5.4441
v 9.1332 0.7500 5.4713
v 9.0868 0.7500 5.4713
v 9.0493 0.7500 5.4441
v 9.0350 0.7500 5.4000
v 9.0493 0.7500 5.3559
v 9.0868 0.7500 5.3287
v 9.1332 0.7500 5.3287
v 9.1707 0.7500 5.3559
v 9.1850 0.7750 5.4000
v 9.1707 0.7750 5.4441
v 9.1332 0.7750 5.4713
v 9.0868 0.7750 5.4713
v 9.0493 0.7750 5.4441
v 9.0350 0.7750 5.4000
v 9.0493 0.7750 5.3559
v 9.0868 0.7750 5.3287
v 9.1332 0.7750 5.3287
v 9.1707 0.7750 5.3559
v 9.1290 0.7750 5.4000
v 9.1254 0.7750 5.4112
v 9.1159 0.7750 5.4181
v 9.1041 0.7750 5.4181
v 9.0946 0.7750 5.4112
v 9.0910 0.7750 5.4000
v 9.0946 0.7750 5.3888
v 9.1041 0.7750 5.3819
v 9.1159 0.7750 5.3819
v 9.1254 0.7750 5.3888
v 9.1290 0.9100 5.4000
v 9.1254 0.9100 5.4112
v 9.1159 0.9100 5.4181
v 9.1041 0.9100 5.4181
v 9.0946 0.9100 5.4112
v 9.0910 0.9100 5.4000
v 9.0946 0.9100 5.3888
v 9.1041 0.9100 5.3819
v 9.1159 0.9100 5.3819
v 9.1254 0.9100 5.3888
v 9.0940 0.9050 5.1850
v 9.1260 0.9050 5.1850
v 9.1260 0.9050 5.6150
v 9.0940 0.9050 5.6150
v 9.0940 1.1700 5.1850
v 9.1260 1.1700 5.1850
v 9.1260 1.1700 5.6150
v 9.0940 1.1700 5.6150
v 9.0900 0.9210 5.2020
v 9.0940 0.9210 5.2020
v 9.0940 0.9210 5.5980
v 9.0900 0.9210 5.5980
v 9.0900 1.1540 5.2020
v 9.0940 1.1540 5.2020
v 9.0940 1.1540 5.5980
v 9.0900 1.1540 5.5980
v 8.4250 0.7500 6.2000
v 8.4107 0.7500 6.2441
v 8.3732 0.7500 6.2713
v 8.3268 0.7500 6.2713
v 8.2893 0.7500 6.2441
v 8.2750 0.7500 6.2000
v 8.2893 0.7500 6.1559
v 8.3268 0.7500 6.1287
v 8.3732 0.7500 6.1287
v 8.4107 0.7500 6.1559
v 8.4250 0.7750 6.2000
v 8.4107 0.7750 6.2441
v 8.3732 0.7750 6.2713
v 8.3268 0.7750 6.2713
v 8.2893 0.7750 6.2441
v 8.2750 0.7750 6.2000
v 8.2893 0.7750 6.1559
v 8.3268 0.7750 6.1287
v 8.3732 0.7750 6.1287
v 8.4107 0.7750 6.1559
v 8.3690 0.7750 6.2000
v 8.3654 0.7750 6.2112
v 8.3559 0.7750 6.2181
v 8.3441 0.7750 6.2181
v 8.3346 0.7750 6.2112
v 8.3310 0.7750 6.2000
v 8.3346 0.7750 6.1888
v 8.3441 0.7750 6.1819
v 8.3559 0.7750 6.1819
v 8.3654 0.7750 6.1888
v 8.3690 0.9100 6.2000
v 8.3654 0.9100 6.2112
v 8.3559 0.9100 6.2181
v 8.3441 0.9100 6.2181
v 8.3346 0.9100 6.2112
v 8.3310 0.9100 6.2000
v 8.3346 0.9100 6.1888
v 8.3441 0.9100 6.1819
v 8.3559 0.9100 6.1819
v 8.3654 0.9100 6.1888
v 8.3340 0.9050 5.9850
v 8.3660 0.9050 5.9850
v 8.3660 0.9050 6.4150
v 8.3340 0.9050 6.4150
v 8.3340 1.1700 5.9850
v 8.3660 1.1700 5.9850
v 8.3660 1.1700 6.4150
v 8.3340 1.1700 6.4150
v 8.3620 0.9210 6.0020
v 8.3660 0.9210 6.0020
v 8.3660 0.9210 6.3980
v 8.3620 0.9210 6.3980
v 8.3620 1.1540 6.0020
v 8.3660 1.1540 6.0020
v 8.3660 1.1540 6.3980
v 8.3620 1.1540 6.3980
v 9.1850 0.7500 6.2000
v 9.1707 0.7500 6.2441
v 9.1332 0.7500 6.2713
v 9.0868 0.7500 6.2713
v 9.0493 0.7500 6.2441
v 9.0350 0.7500 6.2000
v 9.0493 0.7500 6.1559
v 9.0868 0.7500 6.1287
v 9.1332 0.7500 6.1287
v 9.1707 0.7500 6.1559
v 9.1850 0.7750 6.2000
v 9.1707 0.7750 6.2441
v 9.1332 0.7750 6.2713
v 9.0868 0.7750 6.2713
v 9.0493 0.7750 6.2441
v 9.0350 0.7750 6.2000
v 9.0493 0.7750 6.1559
v 9.0868 0.7750 6.1287
v 9.1332 0.7750 6.1287
v 9.1707 0.7750 6.1559
v 9.1290 0.7750 6.2000
v 9.1254 0.7750 6.2112
v 9.1159 0.7750 6.2181
v 9.1041 0.7750 6.2181
v 9.0946 0.7750 6.2112
v 9.0910 0.7750 6.2000
v 9.0946 0.7750 6.1888
v 9.1041 0.7750 6.1819
v 9.1159 0.7750 6.1819
v 9.1254 0.7750 6.1888
v 9.1290 0.9100 6.2000
v 9.1254 0.9100 6.2112
v 9.1159 0.9100 6.2181
v 9.1041 0.9100 6.2181
v 9.0946 0.9100 6.2112
v 9.0910 0.9100 6.2000
v 9.0946 0.9100 6.1888
v 9.1041 0.9100 6.1819
v 9.1159 0.9100 6.1819
v 9.1254 0.9100 6.1888
v 9.0940 0.9050 5.9850
v 9.1260 0.9050 5.9850
v 9.1260 0.9050 6.4150
v 9.0940 0.9050 6.4150
v 9.0940 1.1700 5.9850
v 9.1260 1.1700 5.9850
v 9.1260 1.1700 6.4150
v 9.0940 1.1700 6.4150
v 9.0900 0.9210 6.0020
v 9.0940 0.9210 6.0020
v 9.0940 0.9210 6.3980
v 9.0900 0.9210 6.3980
v 9.0900 1.1540 6.0020
v 9.0940 1.1540 6.0020
v 9.0940 1.1540 6.3980
v 9.0900 1.1540 6.3980
v 8.4250 0.7500 7.0000
v 8.4107 0.7500 7.0441
v 8.3732 0.7500 7.0713
v 8.3268 0.7500 7.0713
v 8.2893 0.7500 7.0441
v 8.2750 0.7500 7.0000
v 8.2893 0.7500 6.9559
v 8.3268 0.7500 6.9287
v 8.3732 0.7500 6.9287
v 8.4107 0.7500 6.9559
v 8.4250 0.7750 7.0000
v 8.4107 0.7750 7.0441
v 8.3732 0.7750 7.0713
v 8.3268 0.7750 7.0713
v 8.2893 0.7750 7.0441
v 8.2750 0.7750 7.0000
v 8.2893 0.7750 6.9559
v 8.3268 0.7750 6.9287
v 8.3732 0.7750 6.9287
v 8.4107 0.7750 6.9559
v 8.3690 0.7750 7.0000
v 8.3654 0.7750 7.0112
v 8.3559 0.7750 7.0181
v 8.3441 0.7750 7.0181
v 8.3346 0.7750 7.0112
v 8.3310 0.7750 7.0000
v 8.3346 0.7750 6.9888
v 8.3441 0.7750 6.9819
v 8.3559 0.7750 6.9819
v 8.3654 0.7750 6.9888
v 8.3690 0.9100 7.0000
v 8.3654 0.9100 7.0112
v 8.3559 0.9100 7.0181
v 8.3441 0.9100 7.0181
v 8.3346 0.9100 7.0112
v 8.3310 0.9100 7.0000
v 8.3346 0.9100 6.9888
v 8.3441 0.9100 6.9819
v 8.3559 0.9100 6.9819
v 8.3654 0.9100 6.9888
v 8.3340 0.9050 6.7850
v 8.3660 0.9050 6.7850
v 8.3660 0.9050 7.2150
v 8.3340 0.9050 7.2150
v 8.3340 1.1700 6.7850
v 8.3660 1.1700 6.7850
v 8.3660 1.1700 7.2150
v 8.3340 1.1700 7.2150
v 8.3620 0.9210 6.8020
v 8.3660 0.9210 6.8020
v 8.3660 0.9210 7.1980
v 8.3620 0.9210 7.1980
v 8.3620 1.1540 6.8020
v 8.3660 1.1540 6.8020
v 8.3660 1.1540 7.1980
v 8.3620 1.1540 7.1980
v 9.1850 0.7500 7.0000
v 9.1707 0.7500 7.0441
v 9.1332 0.7500 7.0713
v 9.0868 0.7500 7.0713
v 9.0493 0.7500 7.0441
v 9.0350 0.7500 7.0000
v 9.0493 0.7500 6.9559
v 9.0868 0.7500 6.9287
v 9.1332 0.7500 6.9287
v 9.1707 0.7500 6.9559
v 9.1850 0.7750 7.0000
v 9.1707 0.7750 7.0441
v 9.1332 0.7750 7.0713
v 9.0868 0.7750 7.0713
v 9.0493 0.7750 7.0441
v 9.0350 0.7750 7.0000
v 9.0493 0.7750 6.9559
v 9.0868 0.7750 6.9287
v 9.1332 0.7750 6.9287
v 9.1707 0.7750 6.9559
v 9.1290 0.7750 7.0000
v 9.1254 0.7750 7.0112
v 9.1159 0.7750 7.0181
v 9.1041 0.7750 7.0181
v 9.0946 0.7750 7.0112
v 9.0910 0.7750 7.0000
v 9.0946 0.7750 6.9888
v 9.1041 0.7750 6.9819
v 9.1159 0.7750 6.9819
v 9.1254 0.7750 6.9888
v 9.1290 0.9100 7.0000
v 9.1254 0.9100 7.0112
v 9.1159 0.9100 7.0181
v 9.1041 0.9100 7.0181
v 9.0946 0.9100 7.0112
v 9.0910 0.9100 7.0000
v 9.0946 0.9100 6.9888
v 9.1041 0.9100 6.9819
v 9.1159 0.9100 6.9819
v 9.1254 0.9100 6.9888
v 9.0940 0.9050 6.7850
v 9.1260 0.9050 6.7850
v 9.1260 0.9050 7.2150
v 9.0940 0.9050 7.2150
v 9.0940 1.1700 6.7850
v 9.1260 1.1700 6.7850
v 9.1260 1.1700 7.2150
v 9.0940 1.1700 7.2150
v 9.0900 0.9210 6.8020
v 9.0940 0.9210 6.8020
v 9.0940 0.9210 7.1980
v 9.0900 0.9210 7.1980
v 9.0900 1.1540 6.8020
v 9.0940 1.1540 6.8020
v 9.0940 1.1540 7.1980
v 9.0900 1.1540 7.1980
v 0.8250 0.7500 5.8300
v 0.8107 0.7500 5.8741
v 0.7732 0.7500 5.9013
v 0.7268 0.7500 5.9013
v 0.6893 0.7500 5.8741
v 0.6750 0.7500 5.8300
v 0.6893 0.7500 5.7859
v 0.7268 0.7500 5.7587
v 0.7732 0.7500 5.7587
v 0.8107 0.7500 5.7859
v 0.8250 0.7750 5.8300
v 0.8107 0.7750 5.8741
v 0.7732 0.7750 5.9013
v 0.7268 0.7750 5.9013
v 0.6893 0.7750 5.8741
v 0.6750 0.7750 5.8300
v 0.6893 0.7750 5.7859
v 0.7268 0.7750 5.7587
v 0.7732 0.7750 5.7587
v 0.8107 0.7750 5.7859
v 0.7690 0.7750 5.8300
v 0.7654 0.7750 5.8412
v 0.7559 0.7750 5.8481
v 0.7441 0.7750 5.8481
v 0.7346 0.7750 5.8412
v 0.7310 0.7750 5.8300
v 0.7346 0.7750 5.8188
v 0.7441 0.7750 5.8119
v 0.7559 0.7750 5.8119
v 0.7654 0.7750 5.8188
v 0.7690 0.9100 5.8300
v 0.7654 0.9100 5.8412
v 0.7559 0.9100 5.8481
v 0.7441 0.9100 5.8481
v 0.7346 0.9100 5.8412
v 0.7310 0.9100 5.8300
v 0.7346 0.9100 5.8188
v 0.7441 0.9100 5.8119
v 0.7559 0.9100 5.8119
v 0.7654 0.9100 5.8188
v 0.5350 0.9050 5.8140
v 0.9650 0.9050 5.8140
v 0.9650 0.9050 5.8460
v 0.5350 0.9050 5.8460
v 0.5350 1.1700 5.8140
v 0.9650 1.1700 5.8140
v 0.9650 1.1700 5.8460
v 0.5350 1.1700 5.8460
v 0.5520 0.9210 5.8420
v 0.9480 0.9210 5.8420
v 0.9480 0.9210 5.8460
v 0.5520 0.9210 5.8460
v 0.5520 1.1540 5.8420
v 0.9480 1.1540 5.8420
v 0.9480 1.1540 5.8460
v 0.5520 1.1540 5.8460
v 0.8250 0.7500 5.2000
v 0.8107 0.7500 5.2441
v 0.7732 0.7500 5.2713
v 0.7268 0.7500 5.2713
v 0.6893 0.7500 5.2441
v 0.6750 0.7500 5.2000
v 0.6893 0.7500 5.1559
v 0.7268 0.7500 5.1287
v 0.7732 0.7500 5.1287
v 0.8107 0.7500 5.1559
v 0.8250 0.7750 5.2000
v 0.8107 0.7750 5.2441
v 0.7732 0.7750 5.2713
v 0.7268 0.7750 5.2713
v 0.6893 0.7750 5.2441
v 0.6750 0.7750 5.2000
v 0.6893 0.7750 5.1559
v 0.7268 0.7750 5.1287
v 0.7732 0.7750 5.1287
v 0.8107 0.7750 5.1559
v 0.7690 0.7750 5.2000
v 0.7654 0.7750 5.2112
v 0.7559 0.7750 5.2181
v 0.7441 0.7750 5.2181
v 0.7346 0.7750 5.2112
v 0.7310 0.7750 5.2000
v 0.7346 0.7750 5.1888
v 0.7441 0.7750 5.1819
v 0.7559 0.7750 5.1819
v 0.7654 0.7750 5.1888
v 0.7690 0.9100 5.2000
v 0.7654 0.9100 5.2112
v 0.7559 0.9100 5.2181
v 0.7441 0.9100 5.2181
v 0.7346 0.9100 5.2112
v 0.7310 0.9100 5.2000
v 0.7346 0.9100 5.1888
v 0.7441 0.9100 5.1819
v 0.7559 0.9100 5.1819
v 0.7654 0.9100 5.1888
v 0.5350 0.9050 5.1840
v 0.9650 0.9050 5.1840
v 0.9650 0.9050 5.2160
v 0.5350 0.9050 5.2160
v 0.5350 1.1700 5.1840
v 0.9650 1.1700 5.1840
v 0.9650 1.1700 5.2160
v 0.5350 1.1700 5.2160
v 0.5520 0.9210 5.1800
v 0.9480 0.9210 5.1800
v 0.9480 0.9210 5.1840
v 0.5520 0.9210 5.1840
v 0.5520 1.1540 5.1800
v 0.9480 1.1540 5.1800
v 0.9480 1.1540 5.1840
v 0.5520 1.1540 5.1840
v 0.3420 0.7550 5.8300
v 0.3340 0.7550 5.8547
v 0.3130 0.7550 5.8699
v 0.2870 0.7550 5.8699
v 0.2660 0.7550 5.8547
v 0.2580 0.7550 5.8300
v 0.2660 0.7550 5.8053
v 0.2870 0.7550 5.7901
v 0.3130 0.7550 5.7901
v 0.3340 0.7550 5.8053
v 0.3420 0.8500 5.8300
v 0.3340 0.8500 5.8547
v 0.3130 0.8500 5.8699
v 0.2870 0.8500 5.8699
v 0.2660 0.8500 5.8547
v 0.2580 0.8500 5.8300
v 0.2660 0.8500 5.8053
v 0.2870 0.8500 5.7901
v 0.3130 0.8500 5.7901
v 0.3340 0.8500 5.8053
v 1.0750 0.7550 5.0150
v 1.2850 0.7550 5.0150
v 1.2850 0.7550 5.3050
v 1.0750 0.7550 5.3050
v 1.0750 0.7670 5.0150
v 1.2850 0.7670 5.0150
v 1.2850 0.7670 5.3050
v 1.0750 0.7670 5.3050
v 10.4520 0.7550 2.9500
v 10.4440 0.7550 2.9747
v 10.4230 0.7550 2.9899
v 10.3970 0.7550 2.9899
v 10.3760 0.7550 2.9747
v 10.3680 0.7550 2.9500
v 10.3760 0.7550 2.9253
v 10.3970 0.7550 2.9101
v 10.4230 0.7550 2.9101
v 10.4440 0.7550 2.9253
v 10.4520 0.8500 2.9500
v 10.4440 0.8500 2.9747
v 10.4230 0.8500 2.9899
v 10.3970 0.8500 2.9899
v 10.3760 0.8500 2.9747
v 10.3680 0.8500 2.9500
v 10.3760 0.8500 2.9253
v 10.3970 0.8500 2.9101
v 10.4230 0.8500 2.9101
v 10.4440 0.8500 2.9253
v 13.0020 0.7550 3.6500
v 12.9940 0.7550 3.6747
v 12.9730 0.7550 3.6899
v 12.9470 0.7550 3.6899
v 12.9260 0.7550 3.6747
v 12.9180 0.7550 3.6500
v 12.9260 0.7550 3.6253
v 12.9470 0.7550 3.6101
v 12.9730 0.7550 3.6101
v 12.9940 0.7550 3.6253
v 13.0020 0.8500 3.6500
v 12.9940 0.8500 3.6747
v 12.9730 0.8500 3.6899
v 12.9470 0.8500 3.6899
v 12.9260 0.8500 3.6747
v 12.9180 0.8500 3.6500
v 12.9260 0.8500 3.6253
v 12.9470 0.8500 3.6101
v 12.9730 0.8500 3.6101
v 12.9940 0.8500 3.6253
v 11.0550 0.7550 2.8050
v 11.2650 0.7550 2.8050
v 11.2650 0.7550 3.0950
v 11.0550 0.7550 3.0950
v 11.0550 0.7670 2.8050
v 11.2650 0.7670 2.8050
v 11.2650 0.7670 3.0950
v 11.0550 0.7670 3.0950
v 12.1550 0.7550 3.4550
v 12.3650 0.7550 3.4550
v 12.3650 0.7550 3.7450
v 12.1550 0.7550 3.7450
v 12.1550 0.7670 3.4550
v 12.3650 0.7670 3.4550
v 12.3650 0.7670 3.7450
v 12.1550 0.7670 3.7450
v 13.0050 0.7500 7.4500
v 12.9907 0.7500 7.4941
v 12.9532 0.7500 7.5213
v 12.9068 0.7500 7.5213
v 12.8693 0.7500 7.4941
v 12.8550 0.7500 7.4500
v 12.8693 0.7500 7.4059
v 12.9068 0.7500 7.3787
v 12.9532 0.7500 7.3787
v 12.9907 0.7500 7.4059
v 13.0050 0.7750 7.4500
v 12.9907 0.7750 7.4941
v 12.9532 0.7750 7.5213
v 12.9068 0.7750 7.5213
v 12.8693 0.7750 7.4941
v 12.8550 0.7750 7.4500
v 12.8693 0.7750 7.4059
v 12.9068 0.7750 7.3787
v 12.9532 0.7750 7.3787
v 12.9907 0.7750 7.4059
v 12.9490 0.7750 7.4500
v 12.9454 0.7750 7.4612
v 12.9359 0.7750 7.4681
v 12.9241 0.7750 7.4681
v 12.9146 0.7750 7.4612
v 12.9110 0.7750 7.4500
v 12.9146 0.7750 7.4388
v 12.9241 0.7750 7.4319
v 12.9359 0.7750 7.4319
v 12.9454 0.7750 7.4388
v 12.9490 0.9100 7.4500
v 12.9454 0.9100 7.4612
v 12.9359 0.9100 7.4681
v 12.9241 0.9100 7.4681
v 12.9146 0.9100 7.4612
v 12.9110 0.9100 7.4500
v 12.9146 0.9100 7.4388
v 12.9241 0.9100 7.4319
v 12.9359 0.9100 7.4319
v 12.9454 0.9100 7.4388
v 12.7150 0.9050 7.4340
v 13.1450 0.9050 7.4340
v 13.1450 0.9050 7.4660
v 12.7150 0.9050 7.4660
v 12.7150 1.1700 7.4340
v 13.1450 1.1700 7.4340
v 13.1450 1.1700 7.4660
v 12.7150 1.1700 7.4660
v 12.7320 0.9210 7.4620
v 13.1280 0.9210 7.4620
v 13.1280 0.9210 7.4660
v 12.7320 0.9210 7.4660
v 12.7320 1.1540 7.4620
v 13.1280 1.1540 7.4620
v 13.1280 1.1540 7.4660
v 12.7320 1.1540 7.4660
v 12.3020 0.7550 7.5000
v 12.2940 0.7550 7.5247
v 12.2730 0.7550 7.5399
v 12.2470 0.7550 7.5399
v 12.2260 0.7550 7.5247
v 12.2180 0.7550 7.5000
v 12.2260 0.7550 7.4753
v 12.2470 0.7550 7.4601
v 12.2730 0.7550 7.4601
v 12.2940 0.7550 7.4753
v 12.3020 0.8500 7.5000
v 12.2940 0.8500 7.5247
v 12.2730 0.8500 7.5399
v 12.2470 0.8500 7.5399
v 12.2260 0.8500 7.5247
v 12.2180 0.8500 7.5000
v 12.2260 0.8500 7.4753
v 12.2470 0.8500 7.4601
v 12.2730 0.8500 7.4601
v 12.2940 0.8500 7.4753
g muro_tapiado_redes
f 1 2 3 4
f 5 8 7 6
f 1 5 6 2
f 2 6 7 3
f 3 7 8 4
f 4 8 5 1
g antepecho_ventanal
f 9 10 11 12
f 13 16 15 14
f 9 13 14 10
f 10 14 15 11
f 11 15 16 12
f 12 16 13 9
g dintel_ventanal
f 17 18 19 20
f 21 24 23 22
f 17 21 22 18
f 18 22 23 19
f 19 23 24 20
f 20 24 21 17
g montante_aluminio
f 25 26 27 28
f 29 32 31 30
f 25 29 30 26
f 26 30 31 27
f 27 31 32 28
f 28 32 29 25
g montante_aluminio
f 33 34 35 36
f 37 40 39 38
f 33 37 38 34
f 34 38 39 35
f 35 39 40 36
f 36 40 37 33
g montante_aluminio
f 41 42 43 44
f 45 48 47 46
f 41 45 46 42
f 42 46 47 43
f 43 47 48 44
f 44 48 45 41
g montante_aluminio
f 49 50 51 52
f 53 56 55 54
f 49 53 54 50
f 50 54 55 51
f 51 55 56 52
f 52 56 53 49
g montante_aluminio
f 57 58 59 60
f 61 64 63 62
f 57 61 62 58
f 58 62 63 59
f 59 63 64 60
f 60 64 61 57
g montante_aluminio
f 65 66 67 68
f 69 72 71 70
f 65 69 70 66
f 66 70 71 67
f 67 71 72 68
f 68 72 69 65
g montante_aluminio
f 73 74 75 76
f 77 80 79 78
f 73 77 78 74
f 74 78 79 75
f 75 79 80 76
f 76 80 77 73
g montante_aluminio
f 81 82 83 84
f 85 88 87 86
f 81 85 86 82
f 82 86 87 83
f 83 87 88 84
f 84 88 85 81
g vidrio_ventanal
f 89 90 91 92
f 93 96 95 94
f 89 93 94 90
f 90 94 95 91
f 91 95 96 92
f 92 96 93 89
g muro_perimetral
f 97 98 99 100
f 101 104 103 102
f 97 101 102 98
f 98 102 103 99
f 99 103 104 100
f 100 104 101 97
g muro_perimetral
f 105 106 107 108
f 109 112 111 110
f 105 109 110 106
f 106 110 111 107
f 107 111 112 108
f 108 112 109 105
g muro_perimetral
f 113 114 115 116
f 117 120 119 118
f 113 117 118 114
f 114 118 119 115
f 115 119 120 116
f 116 120 117 113
g muro_perimetral
f 121 122 123 124
f 125 128 127 126
f 121 125 126 122
f 122 126 127 123
f 123 127 128 124
f 124 128 125 121
g muro_perimetral
f 129 130 131 132
f 133 136 135 134
f 129 133 134 130
f 130 134 135 131
f 131 135 136 132
f 132 136 133 129
g muro_perimetral
f 137 138 139 140
f 141 144 143 142
f 137 141 142 138
f 138 142 143 139
f 139 143 144 140
f 140 144 141 137
g muro_perimetral
f 145 146 147 148
f 149 152 151 150
f 145 149 150 146
f 146 150 151 147
f 147 151 152 148
f 148 152 149 145
g muro_perimetral
f 153 154 155 156
f 157 160 159 158
f 153 157 158 154
f 154 158 159 155
f 155 159 160 156
f 156 160 157 153
g muro_perimetral
f 161 162 163 164
f 165 168 167 166
f 161 165 166 162
f 162 166 167 163
f 163 167 168 164
f 164 168 165 161
g muro_perimetral
f 169 170 171 172
f 173 176 175 174
f 169 173 174 170
f 170 174 175 171
f 171 175 176 172
f 172 176 173 169
g muro_perimetral
f 177 178 179 180
f 181 184 183 182
f 177 181 182 178
f 178 182 183 179
f 179 183 184 180
f 180 184 181 177
g columna_estructural
f 185 186 187 188
f 189 192 191 190
f 185 189 190 186
f 186 190 191 187
f 187 191 192 188
f 188 192 189 185
g RODAPIE
f 193 194 195 196
f 197 200 199 198
f 193 197 198 194
f 194 198 199 195
f 195 199 200 196
f 196 200 197 193
g RODAPIE
f 201 202 203 204
f 205 208 207 206
f 201 205 206 202
f 202 206 207 203
f 203 207 208 204
f 204 208 205 201
g RODAPIE
f 209 210 211 212
f 213 216 215 214
f 209 213 214 210
f 210 214 215 211
f 211 215 216 212
f 212 216 213 209
g RODAPIE
f 217 218 219 220
f 221 224 223 222
f 217 221 222 218
f 218 222 223 219
f 219 223 224 220
f 220 224 221 217
g RODAPIE
f 225 226 227 228
f 229 232 231 230
f 225 229 230 226
f 226 230 231 227
f 227 231 232 228
f 228 232 229 225
g RODAPIE
f 233 234 235 236
f 237 240 239 238
f 233 237 238 234
f 234 238 239 235
f 235 239 240 236
f 236 240 237 233
g RODAPIE
f 241 242 243 244
f 245 248 247 246
f 241 245 246 242
f 242 246 247 243
f 243 247 248 244
f 244 248 245 241
g RODAPIE
f 249 250 251 252
f 253 256 255 254
f 249 253 254 250
f 250 254 255 251
f 251 255 256 252
f 252 256 253 249
g RODAPIE
f 257 258 259 260
f 261 264 263 262
f 257 261 262 258
f 258 262 263 259
f 259 263 264 260
f 260 264 261 257
g RODAPIE
f 265 266 267 268
f 269 272 271 270
f 265 269 270 266
f 266 270 271 267
f 267 271 272 268
f 268 272 269 265
g RODAPIE
f 273 274 275 276
f 277 280 279 278
f 273 277 278 274
f 274 278 279 275
f 275 279 280 276
f 276 280 277 273
g RODAPIE
f 281 282 283 284
f 285 288 287 286
f 281 285 286 282
f 282 286 287 283
f 283 287 288 284
f 284 288 285 281
g RODAPIE
f 289 290 291 292
f 293 296 295 294
f 289 293 294 290
f 290 294 295 291
f 291 295 296 292
f 292 296 293 289
g RODAPIE
f 297 298 299 300
f 301 304 303 302
f 297 301 302 298
f 298 302 303 299
f 299 303 304 300
f 300 304 301 297
g RODAPIE
f 305 306 307 308
f 309 312 311 310
f 305 309 310 306
f 306 310 311 307
f 307 311 312 308
f 308 312 309 305
g RODAPIE
f 313 314 315 316
f 317 320 319 318
f 313 317 318 314
f 314 318 319 315
f 315 319 320 316
f 316 320 317 313
g tabique_redes_este
f 321 322 323 324
f 325 328 327 326
f 321 325 326 322
f 322 326 327 323
f 323 327 328 324
f 324 328 325 321
g tabique_redes_sur_a
f 329 330 331 332
f 333 336 335 334
f 329 333 334 330
f 330 334 335 331
f 331 335 336 332
f 332 336 333 329
g tabique_redes_sur_b
f 337 338 339 340
f 341 344 343 342
f 337 341 342 338
f 338 342 343 339
f 339 343 344 340
f 340 344 341 337
g dintel_puerta_redes
f 345 346 347 348
f 349 352 351 350
f 345 349 350 346
f 346 350 351 347
f 347 351 352 348
f 348 352 349 345
g HOJA_PUERTA_REDES
f 353 354 355 356
f 357 360 359 358
f 353 357 358 354
f 354 358 359 355
f 355 359 360 356
f 356 360 357 353
g vidrio_sala_sur
f 361 362 363 364
f 365 368 367 366
f 361 365 366 362
f 362 366 367 363
f 363 367 368 364
f 364 368 365 361
g vidrio_sala_este
f 369 370 371 372
f 373 376 375 374
f 369 373 374 370
f 370 374 375 371
f 371 375 376 372
f 372 376 373 369
g vidrio_pecera
f 377 378 379 380
f 381 384 383 382
f 377 381 382 378
f 378 382 383 379
f 379 383 384 380
f 380 384 381 377
g mesa_8pax
f 385 386 387 388
f 389 392 391 390
f 385 389 390 386
f 386 390 391 387
f 387 391 392 388
f 388 392 389 385
g pata
f 393 394 395 396
f 397 400 399 398
f 393 397 398 394
f 394 398 399 395
f 395 399 400 396
f 396 400 397 393
g pata
f 401 402 403 404
f 405 408 407 406
f 401 405 406 402
f 402 406 407 403
f 403 407 408 404
f 404 408 405 401
g pata
f 409 410 411 412
f 413 416 415 414
f 409 413 414 410
f 410 414 415 411
f 411 415 416 412
f 412 416 413 409
g pata
f 417 418 419 420
f 421 424 423 422
f 417 421 422 418
f 418 422 423 419
f 419 423 424 420
f 420 424 421 417
g base_silla
f 425 426 427 428
f 429 432 431 430
f 425 429 430 426
f 426 430 431 427
f 427 431 432 428
f 428 432 429 425
g rueda_silla
f 433 434 442 441
f 434 435 443 442
f 435 436 444 443
f 436 437 445 444
f 437 438 446 445
f 438 439 447 446
f 439 440 448 447
f 440 433 441 448
f 433 434 435 436 437 438 439 440
f 448 447 446 445 444 443 442 441
g base_silla
f 449 450 451 452
f 453 456 455 454
f 449 453 454 450
f 450 454 455 451
f 451 455 456 452
f 452 456 453 449
g rueda_silla
f 457 458 466 465
f 458 459 467 466
f 459 460 468 467
f 460 461 469 468
f 461 462 470 469
f 462 463 471 470
f 463 464 472 471
f 464 457 465 472
f 457 458 459 460 461 462 463 464
f 472 471 470 469 468 467 466 465
g base_silla
f 473 474 475 476
f 477 480 479 478
f 473 477 478 474
f 474 478 479 475
f 475 479 480 476
f 476 480 477 473
g rueda_silla
f 481 482 490 489
f 482 483 491 490
f 483 484 492 491
f 484 485 493 492
f 485 486 494 493
f 486 487 495 494
f 487 488 496 495
f 488 481 489 496
f 481 482 483 484 485 486 487 488
f 496 495 494 493 492 491 490 489
g base_silla
f 497 498 499 500
f 501 504 503 502
f 497 501 502 498
f 498 502 503 499
f 499 503 504 500
f 500 504 501 497
g rueda_silla
f 505 506 514 513
f 506 507 515 514
f 507 508 516 515
f 508 509 517 516
f 509 510 518 517
f 510 511 519 518
f 511 512 520 519
f 512 505 513 520
f 505 506 507 508 509 510 511 512
f 520 519 518 517 516 515 514 513
g base_silla
f 521 522 523 524
f 525 528 527 526
f 521 525 526 522
f 522 526 527 523
f 523 527 528 524
f 524 528 525 521
g rueda_silla
f 529 530 538 537
f 530 531 539 538
f 531 532 540 539
f 532 533 541 540
f 533 534 542 541
f 534 535 543 542
f 535 536 544 543
f 536 529 537 544
f 529 530 531 532 533 534 535 536
f 544 543 542 541 540 539 538 537
g base_silla
f 545 546 556 555
f 546 547 557 556
f 547 548 558 557
f 548 549 559 558
f 549 550 560 559
f 550 551 561 560
f 551 552 562 561
f 552 553 563 562
f 553 554 564 563
f 554 545 555 564
f 545 546 547 548 549 550 551 552 553 554
f 564 563 562 561 560 559 558 557 556 555
g columna_silla
f 565 566 576 575
f 566 567 577 576
f 567 568 578 577
f 568 569 579 578
f 569 570 580 579
f 570 571 581 580
f 571 572 582 581
f 572 573 583 582
f 573 574 584 583
f 574 565 575 584
f 565 566 567 568 569 570 571 572 573 574
f 584 583 582 581 580 579 578 577 576 575
g columna_silla
f 585 586 596 595
f 586 587 597 596
f 587 588 598 597
f 588 589 599 598
f 589 590 600 599
f 590 591 601 600
f 591 592 602 601
f 592 593 603 602
f 593 594 604 603
f 594 585 595 604
f 585 586 587 588 589 590 591 592 593 594
f 604 603 602 601 600 599 598 597 596 595
g SILLA
f 605 606 607 608
f 609 612 611 610
f 605 609 610 606
f 606 610 611 607
f 607 611 612 608
f 608 612 609 605
g SILLA
f 613 614 615 616
f 617 620 619 618
f 613 617 618 614
f 614 618 619 615
f 615 619 620 616
f 616 620 617 613
g marco_silla
f 621 622 623 624
f 625 628 627 626
f 621 625 626 622
f 622 626 627 623
f 623 627 628 624
f 624 628 625 621
g marco_silla
f 629 630 631 632
f 633 636 635 634
f 629 633 634 630
f 630 634 635 631
f 631 635 636 632
f 632 636 633 629
g SILLA
f 637 638 639 640
f 641 644 643 642
f 637 641 642 638
f 638 642 643 639
f 639 643 644 640
f 640 644 641 637
g marco_silla
f 645 646 647 648
f 649 652 651 650
f 645 649 650 646
f 646 650 651 647
f 647 651 652 648
f 648 652 649 645
g marco_silla
f 653 654 655 656
f 657 660 659 658
f 653 657 658 654
f 654 658 659 655
f 655 659 660 656
f 656 660 657 653
g SILLA
f 661 662 663 664
f 665 668 667 666
f 661 665 666 662
f 662 666 667 663
f 663 667 668 664
f 664 668 665 661
g marco_silla
f 669 670 671 672
f 673 676 675 674
f 669 673 674 670
f 670 674 675 671
f 671 675 676 672
f 672 676 673 669
g marco_silla
f 677 678 679 680
f 681 684 683 682
f 677 681 682 678
f 678 682 683 679
f 679 683 684 680
f 680 684 681 677
g SILLA
f 685 686 687 688
f 689 692 691 690
f 685 689 690 686
f 686 690 691 687
f 687 691 692 688
f 688 692 689 685
g marco_silla
f 693 694 695 696
f 697 700 699 698
f 693 697 698 694
f 694 698 699 695
f 695 699 700 696
f 696 700 697 693
g marco_silla
f 701 702 703 704
f 705 708 707 706
f 701 705 706 702
f 702 706 707 703
f 703 707 708 704
f 704 708 705 701
g brazo_silla
f 709 710 711 712
f 713 716 715 714
f 709 713 714 710
f 710 714 715 711
f 711 715 716 712
f 712 716 713 709
g brazo_silla
f 717 718 719 720
f 721 724 723 722
f 717 721 722 718
f 718 722 723 719
f 719 723 724 720
f 720 724 721 717
g brazo_silla
f 725 726 727 728
f 729 732 731 730
f 725 729 730 726
f 726 730 731 727
f 727 731 732 728
f 728 732 729 725
g brazo_silla
f 733 734 735 736
f 737 740 739 738
f 733 737 738 734
f 734 738 739 735
f 735 739 740 736
f 736 740 737 733
g base_silla
f 741 742 743 744
f 745 748 747 746
f 741 745 746 742
f 742 746 747 743
f 743 747 748 744
f 744 748 745 741
g rueda_silla
f 749 750 758 757
f 750 751 759 758
f 751 752 760 759
f 752 753 761 760
f 753 754 762 761
f 754 755 763 762
f 755 756 764 763
f 756 749 757 764
f 749 750 751 752 753 754 755 756
f 764 763 762 761 760 759 758 757
g base_silla
f 765 766 767 768
f 769 772 771 770
f 765 769 770 766
f 766 770 771 767
f 767 771 772 768
f 768 772 769 765
g rueda_silla
f 773 774 782 781
f 774 775 783 782
f 775 776 784 783
f 776 777 785 784
f 777 778 786 785
f 778 779 787 786
f 779 780 788 787
f 780 773 781 788
f 773 774 775 776 777 778 779 780
f 788 787 786 785 784 783 782 781
g base_silla
f 789 790 791 792
f 793 796 795 794
f 789 793 794 790
f 790 794 795 791
f 791 795 796 792
f 792 796 793 789
g rueda_silla
f 797 798 806 805
f 798 799 807 806
f 799 800 808 807
f 800 801 809 808
f 801 802 810 809
f 802 803 811 810
f 803 804 812 811
f 804 797 805 812
f 797 798 799 800 801 802 803 804
f 812 811 810 809 808 807 806 805
g base_silla
f 813 814 815 816
f 817 820 819 818
f 813 817 818 814
f 814 818 819 815
f 815 819 820 816
f 816 820 817 813
g rueda_silla
f 821 822 830 829
f 822 823 831 830
f 823 824 832 831
f 824 825 833 832
f 825 826 834 833
f 826 827 835 834
f 827 828 836 835
f 828 821 829 836
f 821 822 823 824 825 826 827 828
f 836 835 834 833 832 831 830 829
g base_silla
f 837 838 839 840
f 841 844 843 842
f 837 841 842 838
f 838 842 843 839
f 839 843 844 840
f 840 844 841 837
g rueda_silla
f 845 846 854 853
f 846 847 855 854
f 847 848 856 855
f 848 849 857 856
f 849 850 858 857
f 850 851 859 858
f 851 852 860 859
f 852 845 853 860
f 845 846 847 848 849 850 851 852
f 860 859 858 857 856 855 854 853
g base_silla
f 861 862 872 871
f 862 863 873 872
f 863 864 874 873
f 864 865 875 874
f 865 866 876 875
f 866 867 877 876
f 867 868 878 877
f 868 869 879 878
f 869 870 880 879
f 870 861 871 880
f 861 862 863 864 865 866 867 868 869 870
f 880 879 878 877 876 875 874 873 872 871
g columna_silla
f 881 882 892 891
f 882 883 893 892
f 883 884 894 893
f 884 885 895 894
f 885 886 896 895
f 886 887 897 896
f 887 888 898 897
f 888 889 899 898
f 889 890 900 899
f 890 881 891 900
f 881 882 883 884 885 886 887 888 889 890
f 900 899 898 897 896 895 894 893 892 891
g columna_silla
f 901 902 912 911
f 902 903 913 912
f 903 904 914 913
f 904 905 915 914
f 905 906 916 915
f 906 907 917 916
f 907 908 918 917
f 908 909 919 918
f 909 910 920 919
f 910 901 911 920
f 901 902 903 904 905 906 907 908 909 910
f 920 919 918 917 916 915 914 913 912 911
g SILLA
f 921 922 923 924
f 925 928 927 926
f 921 925 926 922
f 922 926 927 923
f 923 927 928 924
f 924 928 925 921
g SILLA
f 929 930 931 932
f 933 936 935 934
f 929 933 934 930
f 930 934 935 931
f 931 935 936 932
f 932 936 933 929
g marco_silla
f 937 938 939 940
f 941 944 943 942
f 937 941 942 938
f 938 942 943 939
f 939 943 944 940
f 940 944 941 937
g marco_silla
f 945 946 947 948
f 949 952 951 950
f 945 949 950 946
f 946 950 951 947
f 947 951 952 948
f 948 952 949 945
g SILLA
f 953 954 955 956
f 957 960 959 958
f 953 957 958 954
f 954 958 959 955
f 955 959 960 956
f 956 960 957 953
g marco_silla
f 961 962 963 964
f 965 968 967 966
f 961 965 966 962
f 962 966 967 963
f 963 967 968 964
f 964 968 965 961
g marco_silla
f 969 970 971 972
f 973 976 975 974
f 969 973 974 970
f 970 974 975 971
f 971 975 976 972
f 972 976 973 969
g SILLA
f 977 978 979 980
f 981 984 983 982
f 977 981 982 978
f 978 982 983 979
f 979 983 984 980
f 980 984 981 977
g marco_silla
f 985 986 987 988
f 989 992 991 990
f 985 989 990 986
f 986 990 991 987
f 987 991 992 988
f 988 992 989 985
g marco_silla
f 993 994 995 996
f 997 1000 999 998
f 993 997 998 994
f 994 998 999 995
f 995 999 1000 996
f 996 1000 997 993
g SILLA
f 1001 1002 1003 1004
f 1005 1008 1007 1006
f 1001 1005 1006 1002
f 1002 1006 1007 1003
f 1003 1007 1008 1004
f 1004 1008 1005 1001
g marco_silla
f 1009 1010 1011 1012
f 1013 1016 1015 1014
f 1009 1013 1014 1010
f 1010 1014 1015 1011
f 1011 1015 1016 1012
f 1012 1016 1013 1009
g marco_silla
f 1017 1018 1019 1020
f 1021 1024 1023 1022
f 1017 1021 1022 1018
f 1018 1022 1023 1019
f 1019 1023 1024 1020
f 1020 1024 1021 1017
g brazo_silla
f 1025 1026 1027 1028
f 1029 1032 1031 1030
f 1025 1029 1030 1026
f 1026 1030 1031 1027
f 1027 1031 1032 1028
f 1028 1032 1029 1025
g brazo_silla
f 1033 1034 1035 1036
f 1037 1040 1039 1038
f 1033 1037 1038 1034
f 1034 1038 1039 1035
f 1035 1039 1040 1036
f 1036 1040 1037 1033
g brazo_silla
f 1041 1042 1043 1044
f 1045 1048 1047 1046
f 1041 1045 1046 1042
f 1042 1046 1047 1043
f 1043 1047 1048 1044
f 1044 1048 1045 1041
g brazo_silla
f 1049 1050 1051 1052
f 1053 1056 1055 1054
f 1049 1053 1054 1050
f 1050 1054 1055 1051
f 1051 1055 1056 1052
f 1052 1056 1053 1049
g base_silla
f 1057 1058 1059 1060
f 1061 1064 1063 1062
f 1057 1061 1062 1058
f 1058 1062 1063 1059
f 1059 1063 1064 1060
f 1060 1064 1061 1057
g rueda_silla
f 1065 1066 1074 1073
f 1066 1067 1075 1074
f 1067 1068 1076 1075
f 1068 1069 1077 1076
f 1069 1070 1078 1077
f 1070 1071 1079 1078
f 1071 1072 1080 1079
f 1072 1065 1073 1080
f 1065 1066 1067 1068 1069 1070 1071 1072
f 1080 1079 1078 1077 1076 1075 1074 1073
g base_silla
f 1081 1082 1083 1084
f 1085 1088 1087 1086
f 1081 1085 1086 1082
f 1082 1086 1087 1083
f 1083 1087 1088 1084
f 1084 1088 1085 1081
g rueda_silla
f 1089 1090 1098 1097
f 1090 1091 1099 1098
f 1091 1092 1100 1099
f 1092 1093 1101 1100
f 1093 1094 1102 1101
f 1094 1095 1103 1102
f 1095 1096 1104 1103
f 1096 1089 1097 1104
f 1089 1090 1091 1092 1093 1094 1095 1096
f 1104 1103 1102 1101 1100 1099 1098 1097
g base_silla
f 1105 1106 1107 1108
f 1109 1112 1111 1110
f 1105 1109 1110 1106
f 1106 1110 1111 1107
f 1107 1111 1112 1108
f 1108 1112 1109 1105
g rueda_silla
f 1113 1114 1122 1121
f 1114 1115 1123 1122
f 1115 1116 1124 1123
f 1116 1117 1125 1124
f 1117 1118 1126 1125
f 1118 1119 1127 1126
f 1119 1120 1128 1127
f 1120 1113 1121 1128
f 1113 1114 1115 1116 1117 1118 1119 1120
f 1128 1127 1126 1125 1124 1123 1122 1121
g base_silla
f 1129 1130 1131 1132
f 1133 1136 1135 1134
f 1129 1133 1134 1130
f 1130 1134 1135 1131
f 1131 1135 1136 1132
f 1132 1136 1133 1129
g rueda_silla
f 1137 1138 1146 1145
f 1138 1139 1147 1146
f 1139 1140 1148 1147
f 1140 1141 1149 1148
f 1141 1142 1150 1149
f 1142 1143 1151 1150
f 1143 1144 1152 1151
f 1144 1137 1145 1152
f 1137 1138 1139 1140 1141 1142 1143 1144
f 1152 1151 1150 1149 1148 1147 1146 1145
g base_silla
f 1153 1154 1155 1156
f 1157 1160 1159 1158
f 1153 1157 1158 1154
f 1154 1158 1159 1155
f 1155 1159 1160 1156
f 1156 1160 1157 1153
g rueda_silla
f 1161 1162 1170 1169
f 1162 1163 1171 1170
f 1163 1164 1172 1171
f 1164 1165 1173 1172
f 1165 1166 1174 1173
f 1166 1167 1175 1174
f 1167 1168 1176 1175
f 1168 1161 1169 1176
f 1161 1162 1163 1164 1165 1166 1167 1168
f 1176 1175 1174 1173 1172 1171 1170 1169
g base_silla
f 1177 1178 1188 1187
f 1178 1179 1189 1188
f 1179 1180 1190 1189
f 1180 1181 1191 1190
f 1181 1182 1192 1191
f 1182 1183 1193 1192
f 1183 1184 1194 1193
f 1184 1185 1195 1194
f 1185 1186 1196 1195
f 1186 1177 1187 1196
f 1177 1178 1179 1180 1181 1182 1183 1184 1185 1186
f 1196 1195 1194 1193 1192 1191 1190 1189 1188 1187
g columna_silla
f 1197 1198 1208 1207
f 1198 1199 1209 1208
f 1199 1200 1210 1209
f 1200 1201 1211 1210
f 1201 1202 1212 1211
f 1202 1203 1213 1212
f 1203 1204 1214 1213
f 1204 1205 1215 1214
f 1205 1206 1216 1215
f 1206 1197 1207 1216
f 1197 1198 1199 1200 1201 1202 1203 1204 1205 1206
f 1216 1215 1214 1213 1212 1211 1210 1209 1208 1207
g columna_silla
f 1217 1218 1228 1227
f 1218 1219 1229 1228
f 1219 1220 1230 1229
f 1220 1221 1231 1230
f 1221 1222 1232 1231
f 1222 1223 1233 1232
f 1223 1224 1234 1233
f 1224 1225 1235 1234
f 1225 1226 1236 1235
f 1226 1217 1227 1236
f 1217 1218 1219 1220 1221 1222 1223 1224 1225 1226
f 1236 1235 1234 1233 1232 1231 1230 1229 1228 1227
g SILLA
f 1237 1238 1239 1240
f 1241 1244 1243 1242
f 1237 1241 1242 1238
f 1238 1242 1243 1239
f 1239 1243 1244 1240
f 1240 1244 1241 1237
g SILLA
f 1245 1246 1247 1248
f 1249 1252 1251 1250
f 1245 1249 1250 1246
f 1246 1250 1251 1247
f 1247 1251 1252 1248
f 1248 1252 1249 1245
g marco_silla
f 1253 1254 1255 1256
f 1257 1260 1259 1258
f 1253 1257 1258 1254
f 1254 1258 1259 1255
f 1255 1259 1260 1256
f 1256 1260 1257 1253
g marco_silla
f 1261 1262 1263 1264
f 1265 1268 1267 1266
f 1261 1265 1266 1262
f 1262 1266 1267 1263
f 1263 1267 1268 1264
f 1264 1268 1265 1261
g SILLA
f 1269 1270 1271 1272
f 1273 1276 1275 1274
f 1269 1273 1274 1270
f 1270 1274 1275 1271
f 1271 1275 1276 1272
f 1272 1276 1273 1269
g marco_silla
f 1277 1278 1279 1280
f 1281 1284 1283 1282
f 1277 1281 1282 1278
f 1278 1282 1283 1279
f 1279 1283 1284 1280
f 1280 1284 1281 1277
g marco_silla
f 1285 1286 1287 1288
f 1289 1292 1291 1290
f 1285 1289 1290 1286
f 1286 1290 1291 1287
f 1287 1291 1292 1288
f 1288 1292 1289 1285
g SILLA
f 1293 1294 1295 1296
f 1297 1300 1299 1298
f 1293 1297 1298 1294
f 1294 1298 1299 1295
f 1295 1299 1300 1296
f 1296 1300 1297 1293
g marco_silla
f 1301 1302 1303 1304
f 1305 1308 1307 1306
f 1301 1305 1306 1302
f 1302 1306 1307 1303
f 1303 1307 1308 1304
f 1304 1308 1305 1301
g marco_silla
f 1309 1310 1311 1312
f 1313 1316 1315 1314
f 1309 1313 1314 1310
f 1310 1314 1315 1311
f 1311 1315 1316 1312
f 1312 1316 1313 1309
g SILLA
f 1317 1318 1319 1320
f 1321 1324 1323 1322
f 1317 1321 1322 1318
f 1318 1322 1323 1319
f 1319 1323 1324 1320
f 1320 1324 1321 1317
g marco_silla
f 1325 1326 1327 1328
f 1329 1332 1331 1330
f 1325 1329 1330 1326
f 1326 1330 1331 1327
f 1327 1331 1332 1328
f 1328 1332 1329 1325
g marco_silla
f 1333 1334 1335 1336
f 1337 1340 1339 1338
f 1333 1337 1338 1334
f 1334 1338 1339 1335
f 1335 1339 1340 1336
f 1336 1340 1337 1333
g brazo_silla
f 1341 1342 1343 1344
f 1345 1348 1347 1346
f 1341 1345 1346 1342
f 1342 1346 1347 1343
f 1343 1347 1348 1344
f 1344 1348 1345 1341
g brazo_silla
f 1349 1350 1351 1352
f 1353 1356 1355 1354
f 1349 1353 1354 1350
f 1350 1354 1355 1351
f 1351 1355 1356 1352
f 1352 1356 1353 1349
g brazo_silla
f 1357 1358 1359 1360
f 1361 1364 1363 1362
f 1357 1361 1362 1358
f 1358 1362 1363 1359
f 1359 1363 1364 1360
f 1360 1364 1361 1357
g brazo_silla
f 1365 1366 1367 1368
f 1369 1372 1371 1370
f 1365 1369 1370 1366
f 1366 1370 1371 1367
f 1367 1371 1372 1368
f 1368 1372 1369 1365
g base_silla
f 1373 1374 1375 1376
f 1377 1380 1379 1378
f 1373 1377 1378 1374
f 1374 1378 1379 1375
f 1375 1379 1380 1376
f 1376 1380 1377 1373
g rueda_silla
f 1381 1382 1390 1389
f 1382 1383 1391 1390
f 1383 1384 1392 1391
f 1384 1385 1393 1392
f 1385 1386 1394 1393
f 1386 1387 1395 1394
f 1387 1388 1396 1395
f 1388 1381 1389 1396
f 1381 1382 1383 1384 1385 1386 1387 1388
f 1396 1395 1394 1393 1392 1391 1390 1389
g base_silla
f 1397 1398 1399 1400
f 1401 1404 1403 1402
f 1397 1401 1402 1398
f 1398 1402 1403 1399
f 1399 1403 1404 1400
f 1400 1404 1401 1397
g rueda_silla
f 1405 1406 1414 1413
f 1406 1407 1415 1414
f 1407 1408 1416 1415
f 1408 1409 1417 1416
f 1409 1410 1418 1417
f 1410 1411 1419 1418
f 1411 1412 1420 1419
f 1412 1405 1413 1420
f 1405 1406 1407 1408 1409 1410 1411 1412
f 1420 1419 1418 1417 1416 1415 1414 1413
g base_silla
f 1421 1422 1423 1424
f 1425 1428 1427 1426
f 1421 1425 1426 1422
f 1422 1426 1427 1423
f 1423 1427 1428 1424
f 1424 1428 1425 1421
g rueda_silla
f 1429 1430 1438 1437
f 1430 1431 1439 1438
f 1431 1432 1440 1439
f 1432 1433 1441 1440
f 1433 1434 1442 1441
f 1434 1435 1443 1442
f 1435 1436 1444 1443
f 1436 1429 1437 1444
f 1429 1430 1431 1432 1433 1434 1435 1436
f 1444 1443 1442 1441 1440 1439 1438 1437
g base_silla
f 1445 1446 1447 1448
f 1449 1452 1451 1450
f 1445 1449 1450 1446
f 1446 1450 1451 1447
f 1447 1451 1452 1448
f 1448 1452 1449 1445
g rueda_silla
f 1453 1454 1462 1461
f 1454 1455 1463 1462
f 1455 1456 1464 1463
f 1456 1457 1465 1464
f 1457 1458 1466 1465
f 1458 1459 1467 1466
f 1459 1460 1468 1467
f 1460 1453 1461 1468
f 1453 1454 1455 1456 1457 1458 1459 1460
f 1468 1467 1466 1465 1464 1463 1462 1461
g base_silla
f 1469 1470 1471 1472
f 1473 1476 1475 1474
f 1469 1473 1474 1470
f 1470 1474 1475 1471
f 1471 1475 1476 1472
f 1472 1476 1473 1469
g rueda_silla
f 1477 1478 1486 1485
f 1478 1479 1487 1486
f 1479 1480 1488 1487
f 1480 1481 1489 1488
f 1481 1482 1490 1489
f 1482 1483 1491 1490
f 1483 1484 1492 1491
f 1484 1477 1485 1492
f 1477 1478 1479 1480 1481 1482 1483 1484
f 1492 1491 1490 1489 1488 1487 1486 1485
g base_silla
f 1493 1494 1504 1503
f 1494 1495 1505 1504
f 1495 1496 1506 1505
f 1496 1497 1507 1506
f 1497 1498 1508 1507
f 1498 1499 1509 1508
f 1499 1500 1510 1509
f 1500 1501 1511 1510
f 1501 1502 1512 1511
f 1502 1493 1503 1512
f 1493 1494 1495 1496 1497 1498 1499 1500 1501 1502
f 1512 1511 1510 1509 1508 1507 1506 1505 1504 1503
g columna_silla
f 1513 1514 1524 1523
f 1514 1515 1525 1524
f 1515 1516 1526 1525
f 1516 1517 1527 1526
f 1517 1518 1528 1527
f 1518 1519 1529 1528
f 1519 1520 1530 1529
f 1520 1521 1531 1530
f 1521 1522 1532 1531
f 1522 1513 1523 1532
f 1513 1514 1515 1516 1517 1518 1519 1520 1521 1522
f 1532 1531 1530 1529 1528 1527 1526 1525 1524 1523
g columna_silla
f 1533 1534 1544 1543
f 1534 1535 1545 1544
f 1535 1536 1546 1545
f 1536 1537 1547 1546
f 1537 1538 1548 1547
f 1538 1539 1549 1548
f 1539 1540 1550 1549
f 1540 1541 1551 1550
f 1541 1542 1552 1551
f 1542 1533 1543 1552
f 1533 1534 1535 1536 1537 1538 1539 1540 1541 1542
f 1552 1551 1550 1549 1548 1547 1546 1545 1544 1543
g SILLA
f 1553 1554 1555 1556
f 1557 1560 1559 1558
f 1553 1557 1558 1554
f 1554 1558 1559 1555
f 1555 1559 1560 1556
f 1556 1560 1557 1553
g SILLA
f 1561 1562 1563 1564
f 1565 1568 1567 1566
f 1561 1565 1566 1562
f 1562 1566 1567 1563
f 1563 1567 1568 1564
f 1564 1568 1565 1561
g marco_silla
f 1569 1570 1571 1572
f 1573 1576 1575 1574
f 1569 1573 1574 1570
f 1570 1574 1575 1571
f 1571 1575 1576 1572
f 1572 1576 1573 1569
g marco_silla
f 1577 1578 1579 1580
f 1581 1584 1583 1582
f 1577 1581 1582 1578
f 1578 1582 1583 1579
f 1579 1583 1584 1580
f 1580 1584 1581 1577
g SILLA
f 1585 1586 1587 1588
f 1589 1592 1591 1590
f 1585 1589 1590 1586
f 1586 1590 1591 1587
f 1587 1591 1592 1588
f 1588 1592 1589 1585
g marco_silla
f 1593 1594 1595 1596
f 1597 1600 1599 1598
f 1593 1597 1598 1594
f 1594 1598 1599 1595
f 1595 1599 1600 1596
f 1596 1600 1597 1593
g marco_silla
f 1601 1602 1603 1604
f 1605 1608 1607 1606
f 1601 1605 1606 1602
f 1602 1606 1607 1603
f 1603 1607 1608 1604
f 1604 1608 1605 1601
g SILLA
f 1609 1610 1611 1612
f 1613 1616 1615 1614
f 1609 1613 1614 1610
f 1610 1614 1615 1611
f 1611 1615 1616 1612
f 1612 1616 1613 1609
g marco_silla
f 1617 1618 1619 1620
f 1621 1624 1623 1622
f 1617 1621 1622 1618
f 1618 1622 1623 1619
f 1619 1623 1624 1620
f 1620 1624 1621 1617
g marco_silla
f 1625 1626 1627 1628
f 1629 1632 1631 1630
f 1625 1629 1630 1626
f 1626 1630 1631 1627
f 1627 1631 1632 1628
f 1628 1632 1629 1625
g SILLA
f 1633 1634 1635 1636
f 1637 1640 1639 1638
f 1633 1637 1638 1634
f 1634 1638 1639 1635
f 1635 1639 1640 1636
f 1636 1640 1637 1633
g marco_silla
f 1641 1642 1643 1644
f 1645 1648 1647 1646
f 1641 1645 1646 1642
f 1642 1646 1647 1643
f 1643 1647 1648 1644
f 1644 1648 1645 1641
g marco_silla
f 1649 1650 1651 1652
f 1653 1656 1655 1654
f 1649 1653 1654 1650
f 1650 1654 1655 1651
f 1651 1655 1656 1652
f 1652 1656 1653 1649
g brazo_silla
f 1657 1658 1659 1660
f 1661 1664 1663 1662
f 1657 1661 1662 1658
f 1658 1662 1663 1659
f 1659 1663 1664 1660
f 1660 1664 1661 1657
g brazo_silla
f 1665 1666 1667 1668
f 1669 1672 1671 1670
f 1665 1669 1670 1666
f 1666 1670 1671 1667
f 1667 1671 1672 1668
f 1668 1672 1669 1665
g brazo_silla
f 1673 1674 1675 1676
f 1677 1680 1679 1678
f 1673 1677 1678 1674
f 1674 1678 1679 1675
f 1675 1679 1680 1676
f 1676 1680 1677 1673
g brazo_silla
f 1681 1682 1683 1684
f 1685 1688 1687 1686
f 1681 1685 1686 1682
f 1682 1686 1687 1683
f 1683 1687 1688 1684
f 1684 1688 1685 1681
g base_silla
f 1689 1690 1691 1692
f 1693 1696 1695 1694
f 1689 1693 1694 1690
f 1690 1694 1695 1691
f 1691 1695 1696 1692
f 1692 1696 1693 1689
g rueda_silla
f 1697 1698 1706 1705
f 1698 1699 1707 1706
f 1699 1700 1708 1707
f 1700 1701 1709 1708
f 1701 1702 1710 1709
f 1702 1703 1711 1710
f 1703 1704 1712 1711
f 1704 1697 1705 1712
f 1697 1698 1699 1700 1701 1702 1703 1704
f 1712 1711 1710 1709 1708 1707 1706 1705
g base_silla
f 1713 1714 1715 1716
f 1717 1720 1719 1718
f 1713 1717 1718 1714
f 1714 1718 1719 1715
f 1715 1719 1720 1716
f 1716 1720 1717 1713
g rueda_silla
f 1721 1722 1730 1729
f 1722 1723 1731 1730
f 1723 1724 1732 1731
f 1724 1725 1733 1732
f 1725 1726 1734 1733
f 1726 1727 1735 1734
f 1727 1728 1736 1735
f 1728 1721 1729 1736
f 1721 1722 1723 1724 1725 1726 1727 1728
f 1736 1735 1734 1733 1732 1731 1730 1729
g base_silla
f 1737 1738 1739 1740
f 1741 1744 1743 1742
f 1737 1741 1742 1738
f 1738 1742 1743 1739
f 1739 1743 1744 1740
f 1740 1744 1741 1737
g rueda_silla
f 1745 1746 1754 1753
f 1746 1747 1755 1754
f 1747 1748 1756 1755
f 1748 1749 1757 1756
f 1749 1750 1758 1757
f 1750 1751 1759 1758
f 1751 1752 1760 1759
f 1752 1745 1753 1760
f 1745 1746 1747 1748 1749 1750 1751 1752
f 1760 1759 1758 1757 1756 1755 1754 1753
g base_silla
f 1761 1762 1763 1764
f 1765 1768 1767 1766
f 1761 1765 1766 1762
f 1762 1766 1767 1763
f 1763 1767 1768 1764
f 1764 1768 1765 1761
g rueda_silla
f 1769 1770 1778 1777
f 1770 1771 1779 1778
f 1771 1772 1780 1779
f 1772 1773 1781 1780
f 1773 1774 1782 1781
f 1774 1775 1783 1782
f 1775 1776 1784 1783
f 1776 1769 1777 1784
f 1769 1770 1771 1772 1773 1774 1775 1776
f 1784 1783 1782 1781 1780 1779 1778 1777
g base_silla
f 1785 1786 1787 1788
f 1789 1792 1791 1790
f 1785 1789 1790 1786
f 1786 1790 1791 1787
f 1787 1791 1792 1788
f 1788 1792 1789 1785
g rueda_silla
f 1793 1794 1802 1801
f 1794 1795 1803 1802
f 1795 1796 1804 1803
f 1796 1797 1805 1804
f 1797 1798 1806 1805
f 1798 1799 1807 1806
f 1799 1800 1808 1807
f 1800 1793 1801 1808
f 1793 1794 1795 1796 1797 1798 1799 1800
f 1808 1807 1806 1805 1804 1803 1802 1801
g base_silla
f 1809 1810 1820 1819
f 1810 1811 1821 1820
f 1811 1812 1822 1821
f 1812 1813 1823 1822
f 1813 1814 1824 1823
f 1814 1815 1825 1824
f 1815 1816 1826 1825
f 1816 1817 1827 1826
f 1817 1818 1828 1827
f 1818 1809 1819 1828
f 1809 1810 1811 1812 1813 1814 1815 1816 1817 1818
f 1828 1827 1826 1825 1824 1823 1822 1821 1820 1819
g columna_silla
f 1829 1830 1840 1839
f 1830 1831 1841 1840
f 1831 1832 1842 1841
f 1832 1833 1843 1842
f 1833 1834 1844 1843
f 1834 1835 1845 1844
f 1835 1836 1846 1845
f 1836 1837 1847 1846
f 1837 1838 1848 1847
f 1838 1829 1839 1848
f 1829 1830 1831 1832 1833 1834 1835 1836 1837 1838
f 1848 1847 1846 1845 1844 1843 1842 1841 1840 1839
g columna_silla
f 1849 1850 1860 1859
f 1850 1851 1861 1860
f 1851 1852 1862 1861
f 1852 1853 1863 1862
f 1853 1854 1864 1863
f 1854 1855 1865 1864
f 1855 1856 1866 1865
f 1856 1857 1867 1866
f 1857 1858 1868 1867
f 1858 1849 1859 1868
f 1849 1850 1851 1852 1853 1854 1855 1856 1857 1858
f 1868 1867 1866 1865 1864 1863 1862 1861 1860 1859
g SILLA
f 1869 1870 1871 1872
f 1873 1876 1875 1874
f 1869 1873 1874 1870
f 1870 1874 1875 1871
f 1871 1875 1876 1872
f 1872 1876 1873 1869
g SILLA
f 1877 1878 1879 1880
f 1881 1884 1883 1882
f 1877 1881 1882 1878
f 1878 1882 1883 1879
f 1879 1883 1884 1880
f 1880 1884 1881 1877
g marco_silla
f 1885 1886 1887 1888
f 1889 1892 1891 1890
f 1885 1889 1890 1886
f 1886 1890 1891 1887
f 1887 1891 1892 1888
f 1888 1892 1889 1885
g marco_silla
f 1893 1894 1895 1896
f 1897 1900 1899 1898
f 1893 1897 1898 1894
f 1894 1898 1899 1895
f 1895 1899 1900 1896
f 1896 1900 1897 1893
g SILLA
f 1901 1902 1903 1904
f 1905 1908 1907 1906
f 1901 1905 1906 1902
f 1902 1906 1907 1903
f 1903 1907 1908 1904
f 1904 1908 1905 1901
g marco_silla
f 1909 1910 1911 1912
f 1913 1916 1915 1914
f 1909 1913 1914 1910
f 1910 1914 1915 1911
f 1911 1915 1916 1912
f 1912 1916 1913 1909
g marco_silla
f 1917 1918 1919 1920
f 1921 1924 1923 1922
f 1917 1921 1922 1918
f 1918 1922 1923 1919
f 1919 1923 1924 1920
f 1920 1924 1921 1917
g SILLA
f 1925 1926 1927 1928
f 1929 1932 1931 1930
f 1925 1929 1930 1926
f 1926 1930 1931 1927
f 1927 1931 1932 1928
f 1928 1932 1929 1925
g marco_silla
f 1933 1934 1935 1936
f 1937 1940 1939 1938
f 1933 1937 1938 1934
f 1934 1938 1939 1935
f 1935 1939 1940 1936
f 1936 1940 1937 1933
g marco_silla
f 1941 1942 1943 1944
f 1945 1948 1947 1946
f 1941 1945 1946 1942
f 1942 1946 1947 1943
f 1943 1947 1948 1944
f 1944 1948 1945 1941
g SILLA
f 1949 1950 1951 1952
f 1953 1956 1955 1954
f 1949 1953 1954 1950
f 1950 1954 1955 1951
f 1951 1955 1956 1952
f 1952 1956 1953 1949
g marco_silla
f 1957 1958 1959 1960
f 1961 1964 1963 1962
f 1957 1961 1962 1958
f 1958 1962 1963 1959
f 1959 1963 1964 1960
f 1960 1964 1961 1957
g marco_silla
f 1965 1966 1967 1968
f 1969 1972 1971 1970
f 1965 1969 1970 1966
f 1966 1970 1971 1967
f 1967 1971 1972 1968
f 1968 1972 1969 1965
g brazo_silla
f 1973 1974 1975 1976
f 1977 1980 1979 1978
f 1973 1977 1978 1974
f 1974 1978 1979 1975
f 1975 1979 1980 1976
f 1976 1980 1977 1973
g brazo_silla
f 1981 1982 1983 1984
f 1985 1988 1987 1986
f 1981 1985 1986 1982
f 1982 1986 1987 1983
f 1983 1987 1988 1984
f 1984 1988 1985 1981
g brazo_silla
f 1989 1990 1991 1992
f 1993 1996 1995 1994
f 1989 1993 1994 1990
f 1990 1994 1995 1991
f 1991 1995 1996 1992
f 1992 1996 1993 1989
g brazo_silla
f 1997 1998 1999 2000
f 2001 2004 2003 2002
f 1997 2001 2002 1998
f 1998 2002 2003 1999
f 1999 2003 2004 2000
f 2000 2004 2001 1997
g base_silla
f 2005 2006 2007 2008
f 2009 2012 2011 2010
f 2005 2009 2010 2006
f 2006 2010 2011 2007
f 2007 2011 2012 2008
f 2008 2012 2009 2005
g rueda_silla
f 2013 2014 2022 2021
f 2014 2015 2023 2022
f 2015 2016 2024 2023
f 2016 2017 2025 2024
f 2017 2018 2026 2025
f 2018 2019 2027 2026
f 2019 2020 2028 2027
f 2020 2013 2021 2028
f 2013 2014 2015 2016 2017 2018 2019 2020
f 2028 2027 2026 2025 2024 2023 2022 2021
g base_silla
f 2029 2030 2031 2032
f 2033 2036 2035 2034
f 2029 2033 2034 2030
f 2030 2034 2035 2031
f 2031 2035 2036 2032
f 2032 2036 2033 2029
g rueda_silla
f 2037 2038 2046 2045
f 2038 2039 2047 2046
f 2039 2040 2048 2047
f 2040 2041 2049 2048
f 2041 2042 2050 2049
f 2042 2043 2051 2050
f 2043 2044 2052 2051
f 2044 2037 2045 2052
f 2037 2038 2039 2040 2041 2042 2043 2044
f 2052 2051 2050 2049 2048 2047 2046 2045
g base_silla
f 2053 2054 2055 2056
f 2057 2060 2059 2058
f 2053 2057 2058 2054
f 2054 2058 2059 2055
f 2055 2059 2060 2056
f 2056 2060 2057 2053
g rueda_silla
f 2061 2062 2070 2069
f 2062 2063 2071 2070
f 2063 2064 2072 2071
f 2064 2065 2073 2072
f 2065 2066 2074 2073
f 2066 2067 2075 2074
f 2067 2068 2076 2075
f 2068 2061 2069 2076
f 2061 2062 2063 2064 2065 2066 2067 2068
f 2076 2075 2074 2073 2072 2071 2070 2069
g base_silla
f 2077 2078 2079 2080
f 2081 2084 2083 2082
f 2077 2081 2082 2078
f 2078 2082 2083 2079
f 2079 2083 2084 2080
f 2080 2084 2081 2077
g rueda_silla
f 2085 2086 2094 2093
f 2086 2087 2095 2094
f 2087 2088 2096 2095
f 2088 2089 2097 2096
f 2089 2090 2098 2097
f 2090 2091 2099 2098
f 2091 2092 2100 2099
f 2092 2085 2093 2100
f 2085 2086 2087 2088 2089 2090 2091 2092
f 2100 2099 2098 2097 2096 2095 2094 2093
g base_silla
f 2101 2102 2103 2104
f 2105 2108 2107 2106
f 2101 2105 2106 2102
f 2102 2106 2107 2103
f 2103 2107 2108 2104
f 2104 2108 2105 2101
g rueda_silla
f 2109 2110 2118 2117
f 2110 2111 2119 2118
f 2111 2112 2120 2119
f 2112 2113 2121 2120
f 2113 2114 2122 2121
f 2114 2115 2123 2122
f 2115 2116 2124 2123
f 2116 2109 2117 2124
f 2109 2110 2111 2112 2113 2114 2115 2116
f 2124 2123 2122 2121 2120 2119 2118 2117
g base_silla
f 2125 2126 2136 2135
f 2126 2127 2137 2136
f 2127 2128 2138 2137
f 2128 2129 2139 2138
f 2129 2130 2140 2139
f 2130 2131 2141 2140
f 2131 2132 2142 2141
f 2132 2133 2143 2142
f 2133 2134 2144 2143
f 2134 2125 2135 2144
f 2125 2126 2127 2128 2129 2130 2131 2132 2133 2134
f 2144 2143 2142 2141 2140 2139 2138 2137 2136 2135
g columna_silla
f 2145 2146 2156 2155
f 2146 2147 2157 2156
f 2147 2148 2158 2157
f 2148 2149 2159 2158
f 2149 2150 2160 2159
f 2150 2151 2161 2160
f 2151 2152 2162 2161
f 2152 2153 2163 2162
f 2153 2154 2164 2163
f 2154 2145 2155 2164
f 2145 2146 2147 2148 2149 2150 2151 2152 2153 2154
f 2164 2163 2162 2161 2160 2159 2158 2157 2156 2155
g columna_silla
f 2165 2166 2176 2175
f 2166 2167 2177 2176
f 2167 2168 2178 2177
f 2168 2169 2179 2178
f 2169 2170 2180 2179
f 2170 2171 2181 2180
f 2171 2172 2182 2181
f 2172 2173 2183 2182
f 2173 2174 2184 2183
f 2174 2165 2175 2184
f 2165 2166 2167 2168 2169 2170 2171 2172 2173 2174
f 2184 2183 2182 2181 2180 2179 2178 2177 2176 2175
g SILLA
f 2185 2186 2187 2188
f 2189 2192 2191 2190
f 2185 2189 2190 2186
f 2186 2190 2191 2187
f 2187 2191 2192 2188
f 2188 2192 2189 2185
g SILLA
f 2193 2194 2195 2196
f 2197 2200 2199 2198
f 2193 2197 2198 2194
f 2194 2198 2199 2195
f 2195 2199 2200 2196
f 2196 2200 2197 2193
g marco_silla
f 2201 2202 2203 2204
f 2205 2208 2207 2206
f 2201 2205 2206 2202
f 2202 2206 2207 2203
f 2203 2207 2208 2204
f 2204 2208 2205 2201
g marco_silla
f 2209 2210 2211 2212
f 2213 2216 2215 2214
f 2209 2213 2214 2210
f 2210 2214 2215 2211
f 2211 2215 2216 2212
f 2212 2216 2213 2209
g SILLA
f 2217 2218 2219 2220
f 2221 2224 2223 2222
f 2217 2221 2222 2218
f 2218 2222 2223 2219
f 2219 2223 2224 2220
f 2220 2224 2221 2217
g marco_silla
f 2225 2226 2227 2228
f 2229 2232 2231 2230
f 2225 2229 2230 2226
f 2226 2230 2231 2227
f 2227 2231 2232 2228
f 2228 2232 2229 2225
g marco_silla
f 2233 2234 2235 2236
f 2237 2240 2239 2238
f 2233 2237 2238 2234
f 2234 2238 2239 2235
f 2235 2239 2240 2236
f 2236 2240 2237 2233
g SILLA
f 2241 2242 2243 2244
f 2245 2248 2247 2246
f 2241 2245 2246 2242
f 2242 2246 2247 2243
f 2243 2247 2248 2244
f 2244 2248 2245 2241
g marco_silla
f 2249 2250 2251 2252
f 2253 2256 2255 2254
f 2249 2253 2254 2250
f 2250 2254 2255 2251
f 2251 2255 2256 2252
f 2252 2256 2253 2249
g marco_silla
f 2257 2258 2259 2260
f 2261 2264 2263 2262
f 2257 2261 2262 2258
f 2258 2262 2263 2259
f 2259 2263 2264 2260
f 2260 2264 2261 2257
g SILLA
f 2265 2266 2267 2268
f 2269 2272 2271 2270
f 2265 2269 2270 2266
f 2266 2270 2271 2267
f 2267 2271 2272 2268
f 2268 2272 2269 2265
g marco_silla
f 2273 2274 2275 2276
f 2277 2280 2279 2278
f 2273 2277 2278 2274
f 2274 2278 2279 2275
f 2275 2279 2280 2276
f 2276 2280 2277 2273
g marco_silla
f 2281 2282 2283 2284
f 2285 2288 2287 2286
f 2281 2285 2286 2282
f 2282 2286 2287 2283
f 2283 2287 2288 2284
f 2284 2288 2285 2281
g brazo_silla
f 2289 2290 2291 2292
f 2293 2296 2295 2294
f 2289 2293 2294 2290
f 2290 2294 2295 2291
f 2291 2295 2296 2292
f 2292 2296 2293 2289
g brazo_silla
f 2297 2298 2299 2300
f 2301 2304 2303 2302
f 2297 2301 2302 2298
f 2298 2302 2303 2299
f 2299 2303 2304 2300
f 2300 2304 2301 2297
g brazo_silla
f 2305 2306 2307 2308
f 2309 2312 2311 2310
f 2305 2309 2310 2306
f 2306 2310 2311 2307
f 2307 2311 2312 2308
f 2308 2312 2309 2305
g brazo_silla
f 2313 2314 2315 2316
f 2317 2320 2319 2318
f 2313 2317 2318 2314
f 2314 2318 2319 2315
f 2315 2319 2320 2316
f 2316 2320 2317 2313
g base_silla
f 2321 2322 2323 2324
f 2325 2328 2327 2326
f 2321 2325 2326 2322
f 2322 2326 2327 2323
f 2323 2327 2328 2324
f 2324 2328 2325 2321
g rueda_silla
f 2329 2330 2338 2337
f 2330 2331 2339 2338
f 2331 2332 2340 2339
f 2332 2333 2341 2340
f 2333 2334 2342 2341
f 2334 2335 2343 2342
f 2335 2336 2344 2343
f 2336 2329 2337 2344
f 2329 2330 2331 2332 2333 2334 2335 2336
f 2344 2343 2342 2341 2340 2339 2338 2337
g base_silla
f 2345 2346 2347 2348
f 2349 2352 2351 2350
f 2345 2349 2350 2346
f 2346 2350 2351 2347
f 2347 2351 2352 2348
f 2348 2352 2349 2345
g rueda_silla
f 2353 2354 2362 2361
f 2354 2355 2363 2362
f 2355 2356 2364 2363
f 2356 2357 2365 2364
f 2357 2358 2366 2365
f 2358 2359 2367 2366
f 2359 2360 2368 2367
f 2360 2353 2361 2368
f 2353 2354 2355 2356 2357 2358 2359 2360
f 2368 2367 2366 2365 2364 2363 2362 2361
g base_silla
f 2369 2370 2371 2372
f 2373 2376 2375 2374
f 2369 2373 2374 2370
f 2370 2374 2375 2371
f 2371 2375 2376 2372
f 2372 2376 2373 2369
g rueda_silla
f 2377 2378 2386 2385
f 2378 2379 2387 2386
f 2379 2380 2388 2387
f 2380 2381 2389 2388
f 2381 2382 2390 2389
f 2382 2383 2391 2390
f 2383 2384 2392 2391
f 2384 2377 2385 2392
f 2377 2378 2379 2380 2381 2382 2383 2384
f 2392 2391 2390 2389 2388 2387 2386 2385
g base_silla
f 2393 2394 2395 2396
f 2397 2400 2399 2398
f 2393 2397 2398 2394
f 2394 2398 2399 2395
f 2395 2399 2400 2396
f 2396 2400 2397 2393
g rueda_silla
f 2401 2402 2410 2409
f 2402 2403 2411 2410
f 2403 2404 2412 2411
f 2404 2405 2413 2412
f 2405 2406 2414 2413
f 2406 2407 2415 2414
f 2407 2408 2416 2415
f 2408 2401 2409 2416
f 2401 2402 2403 2404 2405 2406 2407 2408
f 2416 2415 2414 2413 2412 2411 2410 2409
g base_silla
f 2417 2418 2419 2420
f 2421 2424 2423 2422
f 2417 2421 2422 2418
f 2418 2422 2423 2419
f 2419 2423 2424 2420
f 2420 2424 2421 2417
g rueda_silla
f 2425 2426 2434 2433
f 2426 2427 2435 2434
f 2427 2428 2436 2435
f 2428 2429 2437 2436
f 2429 2430 2438 2437
f 2430 2431 2439 2438
f 2431 2432 2440 2439
f 2432 2425 2433 2440
f 2425 2426 2427 2428 2429 2430 2431 2432
f 2440 2439 2438 2437 2436 2435 2434 2433
g base_silla
f 2441 2442 2452 2451
f 2442 2443 2453 2452
f 2443 2444 2454 2453
f 2444 2445 2455 2454
f 2445 2446 2456 2455
f 2446 2447 2457 2456
f 2447 2448 2458 2457
f 2448 2449 2459 2458
f 2449 2450 2460 2459
f 2450 2441 2451 2460
f 2441 2442 2443 2444 2445 2446 2447 2448 2449 2450
f 2460 2459 2458 2457 2456 2455 2454 2453 2452 2451
g columna_silla
f 2461 2462 2472 2471
f 2462 2463 2473 2472
f 2463 2464 2474 2473
f 2464 2465 2475 2474
f 2465 2466 2476 2475
f 2466 2467 2477 2476
f 2467 2468 2478 2477
f 2468 2469 2479 2478
f 2469 2470 2480 2479
f 2470 2461 2471 2480
f 2461 2462 2463 2464 2465 2466 2467 2468 2469 2470
f 2480 2479 2478 2477 2476 2475 2474 2473 2472 2471
g columna_silla
f 2481 2482 2492 2491
f 2482 2483 2493 2492
f 2483 2484 2494 2493
f 2484 2485 2495 2494
f 2485 2486 2496 2495
f 2486 2487 2497 2496
f 2487 2488 2498 2497
f 2488 2489 2499 2498
f 2489 2490 2500 2499
f 2490 2481 2491 2500
f 2481 2482 2483 2484 2485 2486 2487 2488 2489 2490
f 2500 2499 2498 2497 2496 2495 2494 2493 2492 2491
g SILLA
f 2501 2502 2503 2504
f 2505 2508 2507 2506
f 2501 2505 2506 2502
f 2502 2506 2507 2503
f 2503 2507 2508 2504
f 2504 2508 2505 2501
g SILLA
f 2509 2510 2511 2512
f 2513 2516 2515 2514
f 2509 2513 2514 2510
f 2510 2514 2515 2511
f 2511 2515 2516 2512
f 2512 2516 2513 2509
g marco_silla
f 2517 2518 2519 2520
f 2521 2524 2523 2522
f 2517 2521 2522 2518
f 2518 2522 2523 2519
f 2519 2523 2524 2520
f 2520 2524 2521 2517
g marco_silla
f 2525 2526 2527 2528
f 2529 2532 2531 2530
f 2525 2529 2530 2526
f 2526 2530 2531 2527
f 2527 2531 2532 2528
f 2528 2532 2529 2525
g SILLA
f 2533 2534 2535 2536
f 2537 2540 2539 2538
f 2533 2537 2538 2534
f 2534 2538 2539 2535
f 2535 2539 2540 2536
f 2536 2540 2537 2533
g marco_silla
f 2541 2542 2543 2544
f 2545 2548 2547 2546
f 2541 2545 2546 2542
f 2542 2546 2547 2543
f 2543 2547 2548 2544
f 2544 2548 2545 2541
g marco_silla
f 2549 2550 2551 2552
f 2553 2556 2555 2554
f 2549 2553 2554 2550
f 2550 2554 2555 2551
f 2551 2555 2556 2552
f 2552 2556 2553 2549
g SILLA
f 2557 2558 2559 2560
f 2561 2564 2563 2562
f 2557 2561 2562 2558
f 2558 2562 2563 2559
f 2559 2563 2564 2560
f 2560 2564 2561 2557
g marco_silla
f 2565 2566 2567 2568
f 2569 2572 2571 2570
f 2565 2569 2570 2566
f 2566 2570 2571 2567
f 2567 2571 2572 2568
f 2568 2572 2569 2565
g marco_silla
f 2573 2574 2575 2576
f 2577 2580 2579 2578
f 2573 2577 2578 2574
f 2574 2578 2579 2575
f 2575 2579 2580 2576
f 2576 2580 2577 2573
g SILLA
f 2581 2582 2583 2584
f 2585 2588 2587 2586
f 2581 2585 2586 2582
f 2582 2586 2587 2583
f 2583 2587 2588 2584
f 2584 2588 2585 2581
g marco_silla
f 2589 2590 2591 2592
f 2593 2596 2595 2594
f 2589 2593 2594 2590
f 2590 2594 2595 2591
f 2591 2595 2596 2592
f 2592 2596 2593 2589
g marco_silla
f 2597 2598 2599 2600
f 2601 2604 2603 2602
f 2597 2601 2602 2598
f 2598 2602 2603 2599
f 2599 2603 2604 2600
f 2600 2604 2601 2597
g brazo_silla
f 2605 2606 2607 2608
f 2609 2612 2611 2610
f 2605 2609 2610 2606
f 2606 2610 2611 2607
f 2607 2611 2612 2608
f 2608 2612 2609 2605
g brazo_silla
f 2613 2614 2615 2616
f 2617 2620 2619 2618
f 2613 2617 2618 2614
f 2614 2618 2619 2615
f 2615 2619 2620 2616
f 2616 2620 2617 2613
g brazo_silla
f 2621 2622 2623 2624
f 2625 2628 2627 2626
f 2621 2625 2626 2622
f 2622 2626 2627 2623
f 2623 2627 2628 2624
f 2624 2628 2625 2621
g brazo_silla
f 2629 2630 2631 2632
f 2633 2636 2635 2634
f 2629 2633 2634 2630
f 2630 2634 2635 2631
f 2631 2635 2636 2632
f 2632 2636 2633 2629
g base_silla
f 2637 2638 2639 2640
f 2641 2644 2643 2642
f 2637 2641 2642 2638
f 2638 2642 2643 2639
f 2639 2643 2644 2640
f 2640 2644 2641 2637
g rueda_silla
f 2645 2646 2654 2653
f 2646 2647 2655 2654
f 2647 2648 2656 2655
f 2648 2649 2657 2656
f 2649 2650 2658 2657
f 2650 2651 2659 2658
f 2651 2652 2660 2659
f 2652 2645 2653 2660
f 2645 2646 2647 2648 2649 2650 2651 2652
f 2660 2659 2658 2657 2656 2655 2654 2653
g base_silla
f 2661 2662 2663 2664
f 2665 2668 2667 2666
f 2661 2665 2666 2662
f 2662 2666 2667 2663
f 2663 2667 2668 2664
f 2664 2668 2665 2661
g rueda_silla
f 2669 2670 2678 2677
f 2670 2671 2679 2678
f 2671 2672 2680 2679
f 2672 2673 2681 2680
f 2673 2674 2682 2681
f 2674 2675 2683 2682
f 2675 2676 2684 2683
f 2676 2669 2677 2684
f 2669 2670 2671 2672 2673 2674 2675 2676
f 2684 2683 2682 2681 2680 2679 2678 2677
g base_silla
f 2685 2686 2687 2688
f 2689 2692 2691 2690
f 2685 2689 2690 2686
f 2686 2690 2691 2687
f 2687 2691 2692 2688
f 2688 2692 2689 2685
g rueda_silla
f 2693 2694 2702 2701
f 2694 2695 2703 2702
f 2695 2696 2704 2703
f 2696 2697 2705 2704
f 2697 2698 2706 2705
f 2698 2699 2707 2706
f 2699 2700 2708 2707
f 2700 2693 2701 2708
f 2693 2694 2695 2696 2697 2698 2699 2700
f 2708 2707 2706 2705 2704 2703 2702 2701
g base_silla
f 2709 2710 2711 2712
f 2713 2716 2715 2714
f 2709 2713 2714 2710
f 2710 2714 2715 2711
f 2711 2715 2716 2712
f 2712 2716 2713 2709
g rueda_silla
f 2717 2718 2726 2725
f 2718 2719 2727 2726
f 2719 2720 2728 2727
f 2720 2721 2729 2728
f 2721 2722 2730 2729
f 2722 2723 2731 2730
f 2723 2724 2732 2731
f 2724 2717 2725 2732
f 2717 2718 2719 2720 2721 2722 2723 2724
f 2732 2731 2730 2729 2728 2727 2726 2725
g base_silla
f 2733 2734 2735 2736
f 2737 2740 2739 2738
f 2733 2737 2738 2734
f 2734 2738 2739 2735
f 2735 2739 2740 2736
f 2736 2740 2737 2733
g rueda_silla
f 2741 2742 2750 2749
f 2742 2743 2751 2750
f 2743 2744 2752 2751
f 2744 2745 2753 2752
f 2745 2746 2754 2753
f 2746 2747 2755 2754
f 2747 2748 2756 2755
f 2748 2741 2749 2756
f 2741 2742 2743 2744 2745 2746 2747 2748
f 2756 2755 2754 2753 2752 2751 2750 2749
g base_silla
f 2757 2758 2768 2767
f 2758 2759 2769 2768
f 2759 2760 2770 2769
f 2760 2761 2771 2770
f 2761 2762 2772 2771
f 2762 2763 2773 2772
f 2763 2764 2774 2773
f 2764 2765 2775 2774
f 2765 2766 2776 2775
f 2766 2757 2767 2776
f 2757 2758 2759 2760 2761 2762 2763 2764 2765 2766
f 2776 2775 2774 2773 2772 2771 2770 2769 2768 2767
g columna_silla
f 2777 2778 2788 2787
f 2778 2779 2789 2788
f 2779 2780 2790 2789
f 2780 2781 2791 2790
f 2781 2782 2792 2791
f 2782 2783 2793 2792
f 2783 2784 2794 2793
f 2784 2785 2795 2794
f 2785 2786 2796 2795
f 2786 2777 2787 2796
f 2777 2778 2779 2780 2781 2782 2783 2784 2785 2786
f 2796 2795 2794 2793 2792 2791 2790 2789 2788 2787
g columna_silla
f 2797 2798 2808 2807
f 2798 2799 2809 2808
f 2799 2800 2810 2809
f 2800 2801 2811 2810
f 2801 2802 2812 2811
f 2802 2803 2813 2812
f 2803 2804 2814 2813
f 2804 2805 2815 2814
f 2805 2806 2816 2815
f 2806 2797 2807 2816
f 2797 2798 2799 2800 2801 2802 2803 2804 2805 2806
f 2816 2815 2814 2813 2812 2811 2810 2809 2808 2807
g SILLA
f 2817 2818 2819 2820
f 2821 2824 2823 2822
f 2817 2821 2822 2818
f 2818 2822 2823 2819
f 2819 2823 2824 2820
f 2820 2824 2821 2817
g SILLA
f 2825 2826 2827 2828
f 2829 2832 2831 2830
f 2825 2829 2830 2826
f 2826 2830 2831 2827
f 2827 2831 2832 2828
f 2828 2832 2829 2825
g marco_silla
f 2833 2834 2835 2836
f 2837 2840 2839 2838
f 2833 2837 2838 2834
f 2834 2838 2839 2835
f 2835 2839 2840 2836
f 2836 2840 2837 2833
g marco_silla
f 2841 2842 2843 2844
f 2845 2848 2847 2846
f 2841 2845 2846 2842
f 2842 2846 2847 2843
f 2843 2847 2848 2844
f 2844 2848 2845 2841
g SILLA
f 2849 2850 2851 2852
f 2853 2856 2855 2854
f 2849 2853 2854 2850
f 2850 2854 2855 2851
f 2851 2855 2856 2852
f 2852 2856 2853 2849
g marco_silla
f 2857 2858 2859 2860
f 2861 2864 2863 2862
f 2857 2861 2862 2858
f 2858 2862 2863 2859
f 2859 2863 2864 2860
f 2860 2864 2861 2857
g marco_silla
f 2865 2866 2867 2868
f 2869 2872 2871 2870
f 2865 2869 2870 2866
f 2866 2870 2871 2867
f 2867 2871 2872 2868
f 2868 2872 2869 2865
g SILLA
f 2873 2874 2875 2876
f 2877 2880 2879 2878
f 2873 2877 2878 2874
f 2874 2878 2879 2875
f 2875 2879 2880 2876
f 2876 2880 2877 2873
g marco_silla
f 2881 2882 2883 2884
f 2885 2888 2887 2886
f 2881 2885 2886 2882
f 2882 2886 2887 2883
f 2883 2887 2888 2884
f 2884 2888 2885 2881
g marco_silla
f 2889 2890 2891 2892
f 2893 2896 2895 2894
f 2889 2893 2894 2890
f 2890 2894 2895 2891
f 2891 2895 2896 2892
f 2892 2896 2893 2889
g SILLA
f 2897 2898 2899 2900
f 2901 2904 2903 2902
f 2897 2901 2902 2898
f 2898 2902 2903 2899
f 2899 2903 2904 2900
f 2900 2904 2901 2897
g marco_silla
f 2905 2906 2907 2908
f 2909 2912 2911 2910
f 2905 2909 2910 2906
f 2906 2910 2911 2907
f 2907 2911 2912 2908
f 2908 2912 2909 2905
g marco_silla
f 2913 2914 2915 2916
f 2917 2920 2919 2918
f 2913 2917 2918 2914
f 2914 2918 2919 2915
f 2915 2919 2920 2916
f 2916 2920 2917 2913
g brazo_silla
f 2921 2922 2923 2924
f 2925 2928 2927 2926
f 2921 2925 2926 2922
f 2922 2926 2927 2923
f 2923 2927 2928 2924
f 2924 2928 2925 2921
g brazo_silla
f 2929 2930 2931 2932
f 2933 2936 2935 2934
f 2929 2933 2934 2930
f 2930 2934 2935 2931
f 2931 2935 2936 2932
f 2932 2936 2933 2929
g brazo_silla
f 2937 2938 2939 2940
f 2941 2944 2943 2942
f 2937 2941 2942 2938
f 2938 2942 2943 2939
f 2939 2943 2944 2940
f 2940 2944 2941 2937
g brazo_silla
f 2945 2946 2947 2948
f 2949 2952 2951 2950
f 2945 2949 2950 2946
f 2946 2950 2951 2947
f 2947 2951 2952 2948
f 2948 2952 2949 2945
g mesa_8pax
f 2953 2954 2955 2956
f 2957 2960 2959 2958
f 2953 2957 2958 2954
f 2954 2958 2959 2955
f 2955 2959 2960 2956
f 2956 2960 2957 2953
g pata
f 2961 2962 2963 2964
f 2965 2968 2967 2966
f 2961 2965 2966 2962
f 2962 2966 2967 2963
f 2963 2967 2968 2964
f 2964 2968 2965 2961
g pata
f 2969 2970 2971 2972
f 2973 2976 2975 2974
f 2969 2973 2974 2970
f 2970 2974 2975 2971
f 2971 2975 2976 2972
f 2972 2976 2973 2969
g pata
f 2977 2978 2979 2980
f 2981 2984 2983 2982
f 2977 2981 2982 2978
f 2978 2982 2983 2979
f 2979 2983 2984 2980
f 2980 2984 2981 2977
g pata
f 2985 2986 2987 2988
f 2989 2992 2991 2990
f 2985 2989 2990 2986
f 2986 2990 2991 2987
f 2987 2991 2992 2988
f 2988 2992 2989 2985
g base_silla
f 2993 2994 2995 2996
f 2997 3000 2999 2998
f 2993 2997 2998 2994
f 2994 2998 2999 2995
f 2995 2999 3000 2996
f 2996 3000 2997 2993
g rueda_silla
f 3001 3002 3010 3009
f 3002 3003 3011 3010
f 3003 3004 3012 3011
f 3004 3005 3013 3012
f 3005 3006 3014 3013
f 3006 3007 3015 3014
f 3007 3008 3016 3015
f 3008 3001 3009 3016
f 3001 3002 3003 3004 3005 3006 3007 3008
f 3016 3015 3014 3013 3012 3011 3010 3009
g base_silla
f 3017 3018 3019 3020
f 3021 3024 3023 3022
f 3017 3021 3022 3018
f 3018 3022 3023 3019
f 3019 3023 3024 3020
f 3020 3024 3021 3017
g rueda_silla
f 3025 3026 3034 3033
f 3026 3027 3035 3034
f 3027 3028 3036 3035
f 3028 3029 3037 3036
f 3029 3030 3038 3037
f 3030 3031 3039 3038
f 3031 3032 3040 3039
f 3032 3025 3033 3040
f 3025 3026 3027 3028 3029 3030 3031 3032
f 3040 3039 3038 3037 3036 3035 3034 3033
g base_silla
f 3041 3042 3043 3044
f 3045 3048 3047 3046
f 3041 3045 3046 3042
f 3042 3046 3047 3043
f 3043 3047 3048 3044
f 3044 3048 3045 3041
g rueda_silla
f 3049 3050 3058 3057
f 3050 3051 3059 3058
f 3051 3052 3060 3059
f 3052 3053 3061 3060
f 3053 3054 3062 3061
f 3054 3055 3063 3062
f 3055 3056 3064 3063
f 3056 3049 3057 3064
f 3049 3050 3051 3052 3053 3054 3055 3056
f 3064 3063 3062 3061 3060 3059 3058 3057
g base_silla
f 3065 3066 3067 3068
f 3069 3072 3071 3070
f 3065 3069 3070 3066
f 3066 3070 3071 3067
f 3067 3071 3072 3068
f 3068 3072 3069 3065
g rueda_silla
f 3073 3074 3082 3081
f 3074 3075 3083 3082
f 3075 3076 3084 3083
f 3076 3077 3085 3084
f 3077 3078 3086 3085
f 3078 3079 3087 3086
f 3079 3080 3088 3087
f 3080 3073 3081 3088
f 3073 3074 3075 3076 3077 3078 3079 3080
f 3088 3087 3086 3085 3084 3083 3082 3081
g base_silla
f 3089 3090 3091 3092
f 3093 3096 3095 3094
f 3089 3093 3094 3090
f 3090 3094 3095 3091
f 3091 3095 3096 3092
f 3092 3096 3093 3089
g rueda_silla
f 3097 3098 3106 3105
f 3098 3099 3107 3106
f 3099 3100 3108 3107
f 3100 3101 3109 3108
f 3101 3102 3110 3109
f 3102 3103 3111 3110
f 3103 3104 3112 3111
f 3104 3097 3105 3112
f 3097 3098 3099 3100 3101 3102 3103 3104
f 3112 3111 3110 3109 3108 3107 3106 3105
g base_silla
f 3113 3114 3124 3123
f 3114 3115 3125 3124
f 3115 3116 3126 3125
f 3116 3117 3127 3126
f 3117 3118 3128 3127
f 3118 3119 3129 3128
f 3119 3120 3130 3129
f 3120 3121 3131 3130
f 3121 3122 3132 3131
f 3122 3113 3123 3132
f 3113 3114 3115 3116 3117 3118 3119 3120 3121 3122
f 3132 3131 3130 3129 3128 3127 3126 3125 3124 3123
g columna_silla
f 3133 3134 3144 3143
f 3134 3135 3145 3144
f 3135 3136 3146 3145
f 3136 3137 3147 3146
f 3137 3138 3148 3147
f 3138 3139 3149 3148
f 3139 3140 3150 3149
f 3140 3141 3151 3150
f 3141 3142 3152 3151
f 3142 3133 3143 3152
f 3133 3134 3135 3136 3137 3138 3139 3140 3141 3142
f 3152 3151 3150 3149 3148 3147 3146 3145 3144 3143
g columna_silla
f 3153 3154 3164 3163
f 3154 3155 3165 3164
f 3155 3156 3166 3165
f 3156 3157 3167 3166
f 3157 3158 3168 3167
f 3158 3159 3169 3168
f 3159 3160 3170 3169
f 3160 3161 3171 3170
f 3161 3162 3172 3171
f 3162 3153 3163 3172
f 3153 3154 3155 3156 3157 3158 3159 3160 3161 3162
f 3172 3171 3170 3169 3168 3167 3166 3165 3164 3163
g SILLA
f 3173 3174 3175 3176
f 3177 3180 3179 3178
f 3173 3177 3178 3174
f 3174 3178 3179 3175
f 3175 3179 3180 3176
f 3176 3180 3177 3173
g SILLA
f 3181 3182 3183 3184
f 3185 3188 3187 3186
f 3181 3185 3186 3182
f 3182 3186 3187 3183
f 3183 3187 3188 3184
f 3184 3188 3185 3181
g marco_silla
f 3189 3190 3191 3192
f 3193 3196 3195 3194
f 3189 3193 3194 3190
f 3190 3194 3195 3191
f 3191 3195 3196 3192
f 3192 3196 3193 3189
g marco_silla
f 3197 3198 3199 3200
f 3201 3204 3203 3202
f 3197 3201 3202 3198
f 3198 3202 3203 3199
f 3199 3203 3204 3200
f 3200 3204 3201 3197
g SILLA
f 3205 3206 3207 3208
f 3209 3212 3211 3210
f 3205 3209 3210 3206
f 3206 3210 3211 3207
f 3207 3211 3212 3208
f 3208 3212 3209 3205
g marco_silla
f 3213 3214 3215 3216
f 3217 3220 3219 3218
f 3213 3217 3218 3214
f 3214 3218 3219 3215
f 3215 3219 3220 3216
f 3216 3220 3217 3213
g marco_silla
f 3221 3222 3223 3224
f 3225 3228 3227 3226
f 3221 3225 3226 3222
f 3222 3226 3227 3223
f 3223 3227 3228 3224
f 3224 3228 3225 3221
g SILLA
f 3229 3230 3231 3232
f 3233 3236 3235 3234
f 3229 3233 3234 3230
f 3230 3234 3235 3231
f 3231 3235 3236 3232
f 3232 3236 3233 3229
g marco_silla
f 3237 3238 3239 3240
f 3241 3244 3243 3242
f 3237 3241 3242 3238
f 3238 3242 3243 3239
f 3239 3243 3244 3240
f 3240 3244 3241 3237
g marco_silla
f 3245 3246 3247 3248
f 3249 3252 3251 3250
f 3245 3249 3250 3246
f 3246 3250 3251 3247
f 3247 3251 3252 3248
f 3248 3252 3249 3245
g SILLA
f 3253 3254 3255 3256
f 3257 3260 3259 3258
f 3253 3257 3258 3254
f 3254 3258 3259 3255
f 3255 3259 3260 3256
f 3256 3260 3257 3253
g marco_silla
f 3261 3262 3263 3264
f 3265 3268 3267 3266
f 3261 3265 3266 3262
f 3262 3266 3267 3263
f 3263 3267 3268 3264
f 3264 3268 3265 3261
g marco_silla
f 3269 3270 3271 3272
f 3273 3276 3275 3274
f 3269 3273 3274 3270
f 3270 3274 3275 3271
f 3271 3275 3276 3272
f 3272 3276 3273 3269
g brazo_silla
f 3277 3278 3279 3280
f 3281 3284 3283 3282
f 3277 3281 3282 3278
f 3278 3282 3283 3279
f 3279 3283 3284 3280
f 3280 3284 3281 3277
g brazo_silla
f 3285 3286 3287 3288
f 3289 3292 3291 3290
f 3285 3289 3290 3286
f 3286 3290 3291 3287
f 3287 3291 3292 3288
f 3288 3292 3289 3285
g brazo_silla
f 3293 3294 3295 3296
f 3297 3300 3299 3298
f 3293 3297 3298 3294
f 3294 3298 3299 3295
f 3295 3299 3300 3296
f 3296 3300 3297 3293
g brazo_silla
f 3301 3302 3303 3304
f 3305 3308 3307 3306
f 3301 3305 3306 3302
f 3302 3306 3307 3303
f 3303 3307 3308 3304
f 3304 3308 3305 3301
g base_silla
f 3309 3310 3311 3312
f 3313 3316 3315 3314
f 3309 3313 3314 3310
f 3310 3314 3315 3311
f 3311 3315 3316 3312
f 3312 3316 3313 3309
g rueda_silla
f 3317 3318 3326 3325
f 3318 3319 3327 3326
f 3319 3320 3328 3327
f 3320 3321 3329 3328
f 3321 3322 3330 3329
f 3322 3323 3331 3330
f 3323 3324 3332 3331
f 3324 3317 3325 3332
f 3317 3318 3319 3320 3321 3322 3323 3324
f 3332 3331 3330 3329 3328 3327 3326 3325
g base_silla
f 3333 3334 3335 3336
f 3337 3340 3339 3338
f 3333 3337 3338 3334
f 3334 3338 3339 3335
f 3335 3339 3340 3336
f 3336 3340 3337 3333
g rueda_silla
f 3341 3342 3350 3349
f 3342 3343 3351 3350
f 3343 3344 3352 3351
f 3344 3345 3353 3352
f 3345 3346 3354 3353
f 3346 3347 3355 3354
f 3347 3348 3356 3355
f 3348 3341 3349 3356
f 3341 3342 3343 3344 3345 3346 3347 3348
f 3356 3355 3354 3353 3352 3351 3350 3349
g base_silla
f 3357 3358 3359 3360
f 3361 3364 3363 3362
f 3357 3361 3362 3358
f 3358 3362 3363 3359
f 3359 3363 3364 3360
f 3360 3364 3361 3357
g rueda_silla
f 3365 3366 3374 3373
f 3366 3367 3375 3374
f 3367 3368 3376 3375
f 3368 3369 3377 3376
f 3369 3370 3378 3377
f 3370 3371 3379 3378
f 3371 3372 3380 3379
f 3372 3365 3373 3380
f 3365 3366 3367 3368 3369 3370 3371 3372
f 3380 3379 3378 3377 3376 3375 3374 3373
g base_silla
f 3381 3382 3383 3384
f 3385 3388 3387 3386
f 3381 3385 3386 3382
f 3382 3386 3387 3383
f 3383 3387 3388 3384
f 3384 3388 3385 3381
g rueda_silla
f 3389 3390 3398 3397
f 3390 3391 3399 3398
f 3391 3392 3400 3399
f 3392 3393 3401 3400
f 3393 3394 3402 3401
f 3394 3395 3403 3402
f 3395 3396 3404 3403
f 3396 3389 3397 3404
f 3389 3390 3391 3392 3393 3394 3395 3396
f 3404 3403 3402 3401 3400 3399 3398 3397
g base_silla
f 3405 3406 3407 3408
f 3409 3412 3411 3410
f 3405 3409 3410 3406
f 3406 3410 3411 3407
f 3407 3411 3412 3408
f 3408 3412 3409 3405
g rueda_silla
f 3413 3414 3422 3421
f 3414 3415 3423 3422
f 3415 3416 3424 3423
f 3416 3417 3425 3424
f 3417 3418 3426 3425
f 3418 3419 3427 3426
f 3419 3420 3428 3427
f 3420 3413 3421 3428
f 3413 3414 3415 3416 3417 3418 3419 3420
f 3428 3427 3426 3425 3424 3423 3422 3421
g base_silla
f 3429 3430 3440 3439
f 3430 3431 3441 3440
f 3431 3432 3442 3441
f 3432 3433 3443 3442
f 3433 3434 3444 3443
f 3434 3435 3445 3444
f 3435 3436 3446 3445
f 3436 3437 3447 3446
f 3437 3438 3448 3447
f 3438 3429 3439 3448
f 3429 3430 3431 3432 3433 3434 3435 3436 3437 3438
f 3448 3447 3446 3445 3444 3443 3442 3441 3440 3439
g columna_silla
f 3449 3450 3460 3459
f 3450 3451 3461 3460
f 3451 3452 3462 3461
f 3452 3453 3463 3462
f 3453 3454 3464 3463
f 3454 3455 3465 3464
f 3455 3456 3466 3465
f 3456 3457 3467 3466
f 3457 3458 3468 3467
f 3458 3449 3459 3468
f 3449 3450 3451 3452 3453 3454 3455 3456 3457 3458
f 3468 3467 3466 3465 3464 3463 3462 3461 3460 3459
g columna_silla
f 3469 3470 3480 3479
f 3470 3471 3481 3480
f 3471 3472 3482 3481
f 3472 3473 3483 3482
f 3473 3474 3484 3483
f 3474 3475 3485 3484
f 3475 3476 3486 3485
f 3476 3477 3487 3486
f 3477 3478 3488 3487
f 3478 3469 3479 3488
f 3469 3470 3471 3472 3473 3474 3475 3476 3477 3478
f 3488 3487 3486 3485 3484 3483 3482 3481 3480 3479
g SILLA
f 3489 3490 3491 3492
f 3493 3496 3495 3494
f 3489 3493 3494 3490
f 3490 3494 3495 3491
f 3491 3495 3496 3492
f 3492 3496 3493 3489
g SILLA
f 3497 3498 3499 3500
f 3501 3504 3503 3502
f 3497 3501 3502 3498
f 3498 3502 3503 3499
f 3499 3503 3504 3500
f 3500 3504 3501 3497
g marco_silla
f 3505 3506 3507 3508
f 3509 3512 3511 3510
f 3505 3509 3510 3506
f 3506 3510 3511 3507
f 3507 3511 3512 3508
f 3508 3512 3509 3505
g marco_silla
f 3513 3514 3515 3516
f 3517 3520 3519 3518
f 3513 3517 3518 3514
f 3514 3518 3519 3515
f 3515 3519 3520 3516
f 3516 3520 3517 3513
g SILLA
f 3521 3522 3523 3524
f 3525 3528 3527 3526
f 3521 3525 3526 3522
f 3522 3526 3527 3523
f 3523 3527 3528 3524
f 3524 3528 3525 3521
g marco_silla
f 3529 3530 3531 3532
f 3533 3536 3535 3534
f 3529 3533 3534 3530
f 3530 3534 3535 3531
f 3531 3535 3536 3532
f 3532 3536 3533 3529
g marco_silla
f 3537 3538 3539 3540
f 3541 3544 3543 3542
f 3537 3541 3542 3538
f 3538 3542 3543 3539
f 3539 3543 3544 3540
f 3540 3544 3541 3537
g SILLA
f 3545 3546 3547 3548
f 3549 3552 3551 3550
f 3545 3549 3550 3546
f 3546 3550 3551 3547
f 3547 3551 3552 3548
f 3548 3552 3549 3545
g marco_silla
f 3553 3554 3555 3556
f 3557 3560 3559 3558
f 3553 3557 3558 3554
f 3554 3558 3559 3555
f 3555 3559 3560 3556
f 3556 3560 3557 3553
g marco_silla
f 3561 3562 3563 3564
f 3565 3568 3567 3566
f 3561 3565 3566 3562
f 3562 3566 3567 3563
f 3563 3567 3568 3564
f 3564 3568 3565 3561
g SILLA
f 3569 3570 3571 3572
f 3573 3576 3575 3574
f 3569 3573 3574 3570
f 3570 3574 3575 3571
f 3571 3575 3576 3572
f 3572 3576 3573 3569
g marco_silla
f 3577 3578 3579 3580
f 3581 3584 3583 3582
f 3577 3581 3582 3578
f 3578 3582 3583 3579
f 3579 3583 3584 3580
f 3580 3584 3581 3577
g marco_silla
f 3585 3586 3587 3588
f 3589 3592 3591 3590
f 3585 3589 3590 3586
f 3586 3590 3591 3587
f 3587 3591 3592 3588
f 3588 3592 3589 3585
g brazo_silla
f 3593 3594 3595 3596
f 3597 3600 3599 3598
f 3593 3597 3598 3594
f 3594 3598 3599 3595
f 3595 3599 3600 3596
f 3596 3600 3597 3593
g brazo_silla
f 3601 3602 3603 3604
f 3605 3608 3607 3606
f 3601 3605 3606 3602
f 3602 3606 3607 3603
f 3603 3607 3608 3604
f 3604 3608 3605 3601
g brazo_silla
f 3609 3610 3611 3612
f 3613 3616 3615 3614
f 3609 3613 3614 3610
f 3610 3614 3615 3611
f 3611 3615 3616 3612
f 3612 3616 3613 3609
g brazo_silla
f 3617 3618 3619 3620
f 3621 3624 3623 3622
f 3617 3621 3622 3618
f 3618 3622 3623 3619
f 3619 3623 3624 3620
f 3620 3624 3621 3617
g base_silla
f 3625 3626 3627 3628
f 3629 3632 3631 3630
f 3625 3629 3630 3626
f 3626 3630 3631 3627
f 3627 3631 3632 3628
f 3628 3632 3629 3625
g rueda_silla
f 3633 3634 3642 3641
f 3634 3635 3643 3642
f 3635 3636 3644 3643
f 3636 3637 3645 3644
f 3637 3638 3646 3645
f 3638 3639 3647 3646
f 3639 3640 3648 3647
f 3640 3633 3641 3648
f 3633 3634 3635 3636 3637 3638 3639 3640
f 3648 3647 3646 3645 3644 3643 3642 3641
g base_silla
f 3649 3650 3651 3652
f 3653 3656 3655 3654
f 3649 3653 3654 3650
f 3650 3654 3655 3651
f 3651 3655 3656 3652
f 3652 3656 3653 3649
g rueda_silla
f 3657 3658 3666 3665
f 3658 3659 3667 3666
f 3659 3660 3668 3667
f 3660 3661 3669 3668
f 3661 3662 3670 3669
f 3662 3663 3671 3670
f 3663 3664 3672 3671
f 3664 3657 3665 3672
f 3657 3658 3659 3660 3661 3662 3663 3664
f 3672 3671 3670 3669 3668 3667 3666 3665
g base_silla
f 3673 3674 3675 3676
f 3677 3680 3679 3678
f 3673 3677 3678 3674
f 3674 3678 3679 3675
f 3675 3679 3680 3676
f 3676 3680 3677 3673
g rueda_silla
f 3681 3682 3690 3689
f 3682 3683 3691 3690
f 3683 3684 3692 3691
f 3684 3685 3693 3692
f 3685 3686 3694 3693
f 3686 3687 3695 3694
f 3687 3688 3696 3695
f 3688 3681 3689 3696
f 3681 3682 3683 3684 3685 3686 3687 3688
f 3696 3695 3694 3693 3692 3691 3690 3689
g base_silla
f 3697 3698 3699 3700
f 3701 3704 3703 3702
f 3697 3701 3702 3698
f 3698 3702 3703 3699
f 3699 3703 3704 3700
f 3700 3704 3701 3697
g rueda_silla
f 3705 3706 3714 3713
f 3706 3707 3715 3714
f 3707 3708 3716 3715
f 3708 3709 3717 3716
f 3709 3710 3718 3717
f 3710 3711 3719 3718
f 3711 3712 3720 3719
f 3712 3705 3713 3720
f 3705 3706 3707 3708 3709 3710 3711 3712
f 3720 3719 3718 3717 3716 3715 3714 3713
g base_silla
f 3721 3722 3723 3724
f 3725 3728 3727 3726
f 3721 3725 3726 3722
f 3722 3726 3727 3723
f 3723 3727 3728 3724
f 3724 3728 3725 3721
g rueda_silla
f 3729 3730 3738 3737
f 3730 3731 3739 3738
f 3731 3732 3740 3739
f 3732 3733 3741 3740
f 3733 3734 3742 3741
f 3734 3735 3743 3742
f 3735 3736 3744 3743
f 3736 3729 3737 3744
f 3729 3730 3731 3732 3733 3734 3735 3736
f 3744 3743 3742 3741 3740 3739 3738 3737
g base_silla
f 3745 3746 3756 3755
f 3746 3747 3757 3756
f 3747 3748 3758 3757
f 3748 3749 3759 3758
f 3749 3750 3760 3759
f 3750 3751 3761 3760
f 3751 3752 3762 3761
f 3752 3753 3763 3762
f 3753 3754 3764 3763
f 3754 3745 3755 3764
f 3745 3746 3747 3748 3749 3750 3751 3752 3753 3754
f 3764 3763 3762 3761 3760 3759 3758 3757 3756 3755
g columna_silla
f 3765 3766 3776 3775
f 3766 3767 3777 3776
f 3767 3768 3778 3777
f 3768 3769 3779 3778
f 3769 3770 3780 3779
f 3770 3771 3781 3780
f 3771 3772 3782 3781
f 3772 3773 3783 3782
f 3773 3774 3784 3783
f 3774 3765 3775 3784
f 3765 3766 3767 3768 3769 3770 3771 3772 3773 3774
f 3784 3783 3782 3781 3780 3779 3778 3777 3776 3775
g columna_silla
f 3785 3786 3796 3795
f 3786 3787 3797 3796
f 3787 3788 3798 3797
f 3788 3789 3799 3798
f 3789 3790 3800 3799
f 3790 3791 3801 3800
f 3791 3792 3802 3801
f 3792 3793 3803 3802
f 3793 3794 3804 3803
f 3794 3785 3795 3804
f 3785 3786 3787 3788 3789 3790 3791 3792 3793 3794
f 3804 3803 3802 3801 3800 3799 3798 3797 3796 3795
g SILLA
f 3805 3806 3807 3808
f 3809 3812 3811 3810
f 3805 3809 3810 3806
f 3806 3810 3811 3807
f 3807 3811 3812 3808
f 3808 3812 3809 3805
g SILLA
f 3813 3814 3815 3816
f 3817 3820 3819 3818
f 3813 3817 3818 3814
f 3814 3818 3819 3815
f 3815 3819 3820 3816
f 3816 3820 3817 3813
g marco_silla
f 3821 3822 3823 3824
f 3825 3828 3827 3826
f 3821 3825 3826 3822
f 3822 3826 3827 3823
f 3823 3827 3828 3824
f 3824 3828 3825 3821
g marco_silla
f 3829 3830 3831 3832
f 3833 3836 3835 3834
f 3829 3833 3834 3830
f 3830 3834 3835 3831
f 3831 3835 3836 3832
f 3832 3836 3833 3829
g SILLA
f 3837 3838 3839 3840
f 3841 3844 3843 3842
f 3837 3841 3842 3838
f 3838 3842 3843 3839
f 3839 3843 3844 3840
f 3840 3844 3841 3837
g marco_silla
f 3845 3846 3847 3848
f 3849 3852 3851 3850
f 3845 3849 3850 3846
f 3846 3850 3851 3847
f 3847 3851 3852 3848
f 3848 3852 3849 3845
g marco_silla
f 3853 3854 3855 3856
f 3857 3860 3859 3858
f 3853 3857 3858 3854
f 3854 3858 3859 3855
f 3855 3859 3860 3856
f 3856 3860 3857 3853
g SILLA
f 3861 3862 3863 3864
f 3865 3868 3867 3866
f 3861 3865 3866 3862
f 3862 3866 3867 3863
f 3863 3867 3868 3864
f 3864 3868 3865 3861
g marco_silla
f 3869 3870 3871 3872
f 3873 3876 3875 3874
f 3869 3873 3874 3870
f 3870 3874 3875 3871
f 3871 3875 3876 3872
f 3872 3876 3873 3869
g marco_silla
f 3877 3878 3879 3880
f 3881 3884 3883 3882
f 3877 3881 3882 3878
f 3878 3882 3883 3879
f 3879 3883 3884 3880
f 3880 3884 3881 3877
g SILLA
f 3885 3886 3887 3888
f 3889 3892 3891 3890
f 3885 3889 3890 3886
f 3886 3890 3891 3887
f 3887 3891 3892 3888
f 3888 3892 3889 3885
g marco_silla
f 3893 3894 3895 3896
f 3897 3900 3899 3898
f 3893 3897 3898 3894
f 3894 3898 3899 3895
f 3895 3899 3900 3896
f 3896 3900 3897 3893
g marco_silla
f 3901 3902 3903 3904
f 3905 3908 3907 3906
f 3901 3905 3906 3902
f 3902 3906 3907 3903
f 3903 3907 3908 3904
f 3904 3908 3905 3901
g brazo_silla
f 3909 3910 3911 3912
f 3913 3916 3915 3914
f 3909 3913 3914 3910
f 3910 3914 3915 3911
f 3911 3915 3916 3912
f 3912 3916 3913 3909
g brazo_silla
f 3917 3918 3919 3920
f 3921 3924 3923 3922
f 3917 3921 3922 3918
f 3918 3922 3923 3919
f 3919 3923 3924 3920
f 3920 3924 3921 3917
g brazo_silla
f 3925 3926 3927 3928
f 3929 3932 3931 3930
f 3925 3929 3930 3926
f 3926 3930 3931 3927
f 3927 3931 3932 3928
f 3928 3932 3929 3925
g brazo_silla
f 3933 3934 3935 3936
f 3937 3940 3939 3938
f 3933 3937 3938 3934
f 3934 3938 3939 3935
f 3935 3939 3940 3936
f 3936 3940 3937 3933
g base_silla
f 3941 3942 3943 3944
f 3945 3948 3947 3946
f 3941 3945 3946 3942
f 3942 3946 3947 3943
f 3943 3947 3948 3944
f 3944 3948 3945 3941
g rueda_silla
f 3949 3950 3958 3957
f 3950 3951 3959 3958
f 3951 3952 3960 3959
f 3952 3953 3961 3960
f 3953 3954 3962 3961
f 3954 3955 3963 3962
f 3955 3956 3964 3963
f 3956 3949 3957 3964
f 3949 3950 3951 3952 3953 3954 3955 3956
f 3964 3963 3962 3961 3960 3959 3958 3957
g base_silla
f 3965 3966 3967 3968
f 3969 3972 3971 3970
f 3965 3969 3970 3966
f 3966 3970 3971 3967
f 3967 3971 3972 3968
f 3968 3972 3969 3965
g rueda_silla
f 3973 3974 3982 3981
f 3974 3975 3983 3982
f 3975 3976 3984 3983
f 3976 3977 3985 3984
f 3977 3978 3986 3985
f 3978 3979 3987 3986
f 3979 3980 3988 3987
f 3980 3973 3981 3988
f 3973 3974 3975 3976 3977 3978 3979 3980
f 3988 3987 3986 3985 3984 3983 3982 3981
g base_silla
f 3989 3990 3991 3992
f 3993 3996 3995 3994
f 3989 3993 3994 3990
f 3990 3994 3995 3991
f 3991 3995 3996 3992
f 3992 3996 3993 3989
g rueda_silla
f 3997 3998 4006 4005
f 3998 3999 4007 4006
f 3999 4000 4008 4007
f 4000 4001 4009 4008
f 4001 4002 4010 4009
f 4002 4003 4011 4010
f 4003 4004 4012 4011
f 4004 3997 4005 4012
f 3997 3998 3999 4000 4001 4002 4003 4004
f 4012 4011 4010 4009 4008 4007 4006 4005
g base_silla
f 4013 4014 4015 4016
f 4017 4020 4019 4018
f 4013 4017 4018 4014
f 4014 4018 4019 4015
f 4015 4019 4020 4016
f 4016 4020 4017 4013
g rueda_silla
f 4021 4022 4030 4029
f 4022 4023 4031 4030
f 4023 4024 4032 4031
f 4024 4025 4033 4032
f 4025 4026 4034 4033
f 4026 4027 4035 4034
f 4027 4028 4036 4035
f 4028 4021 4029 4036
f 4021 4022 4023 4024 4025 4026 4027 4028
f 4036 4035 4034 4033 4032 4031 4030 4029
g base_silla
f 4037 4038 4039 4040
f 4041 4044 4043 4042
f 4037 4041 4042 4038
f 4038 4042 4043 4039
f 4039 4043 4044 4040
f 4040 4044 4041 4037
g rueda_silla
f 4045 4046 4054 4053
f 4046 4047 4055 4054
f 4047 4048 4056 4055
f 4048 4049 4057 4056
f 4049 4050 4058 4057
f 4050 4051 4059 4058
f 4051 4052 4060 4059
f 4052 4045 4053 4060
f 4045 4046 4047 4048 4049 4050 4051 4052
f 4060 4059 4058 4057 4056 4055 4054 4053
g base_silla
f 4061 4062 4072 4071
f 4062 4063 4073 4072
f 4063 4064 4074 4073
f 4064 4065 4075 4074
f 4065 4066 4076 4075
f 4066 4067 4077 4076
f 4067 4068 4078 4077
f 4068 4069 4079 4078
f 4069 4070 4080 4079
f 4070 4061 4071 4080
f 4061 4062 4063 4064 4065 4066 4067 4068 4069 4070
f 4080 4079 4078 4077 4076 4075 4074 4073 4072 4071
g columna_silla
f 4081 4082 4092 4091
f 4082 4083 4093 4092
f 4083 4084 4094 4093
f 4084 4085 4095 4094
f 4085 4086 4096 4095
f 4086 4087 4097 4096
f 4087 4088 4098 4097
f 4088 4089 4099 4098
f 4089 4090 4100 4099
f 4090 4081 4091 4100
f 4081 4082 4083 4084 4085 4086 4087 4088 4089 4090
f 4100 4099 4098 4097 4096 4095 4094 4093 4092 4091
g columna_silla
f 4101 4102 4112 4111
f 4102 4103 4113 4112
f 4103 4104 4114 4113
f 4104 4105 4115 4114
f 4105 4106 4116 4115
f 4106 4107 4117 4116
f 4107 4108 4118 4117
f 4108 4109 4119 4118
f 4109 4110 4120 4119
f 4110 4101 4111 4120
f 4101 4102 4103 4104 4105 4106 4107 4108 4109 4110
f 4120 4119 4118 4117 4116 4115 4114 4113 4112 4111
g SILLA
f 4121 4122 4123 4124
f 4125 4128 4127 4126
f 4121 4125 4126 4122
f 4122 4126 4127 4123
f 4123 4127 4128 4124
f 4124 4128 4125 4121
g SILLA
f 4129 4130 4131 4132
f 4133 4136 4135 4134
f 4129 4133 4134 4130
f 4130 4134 4135 4131
f 4131 4135 4136 4132
f 4132 4136 4133 4129
g marco_silla
f 4137 4138 4139 4140
f 4141 4144 4143 4142
f 4137 4141 4142 4138
f 4138 4142 4143 4139
f 4139 4143 4144 4140
f 4140 4144 4141 4137
g marco_silla
f 4145 4146 4147 4148
f 4149 4152 4151 4150
f 4145 4149 4150 4146
f 4146 4150 4151 4147
f 4147 4151 4152 4148
f 4148 4152 4149 4145
g SILLA
f 4153 4154 4155 4156
f 4157 4160 4159 4158
f 4153 4157 4158 4154
f 4154 4158 4159 4155
f 4155 4159 4160 4156
f 4156 4160 4157 4153
g marco_silla
f 4161 4162 4163 4164
f 4165 4168 4167 4166
f 4161 4165 4166 4162
f 4162 4166 4167 4163
f 4163 4167 4168 4164
f 4164 4168 4165 4161
g marco_silla
f 4169 4170 4171 4172
f 4173 4176 4175 4174
f 4169 4173 4174 4170
f 4170 4174 4175 4171
f 4171 4175 4176 4172
f 4172 4176 4173 4169
g SILLA
f 4177 4178 4179 4180
f 4181 4184 4183 4182
f 4177 4181 4182 4178
f 4178 4182 4183 4179
f 4179 4183 4184 4180
f 4180 4184 4181 4177
g marco_silla
f 4185 4186 4187 4188
f 4189 4192 4191 4190
f 4185 4189 4190 4186
f 4186 4190 4191 4187
f 4187 4191 4192 4188
f 4188 4192 4189 4185
g marco_silla
f 4193 4194 4195 4196
f 4197 4200 4199 4198
f 4193 4197 4198 4194
f 4194 4198 4199 4195
f 4195 4199 4200 4196
f 4196 4200 4197 4193
g SILLA
f 4201 4202 4203 4204
f 4205 4208 4207 4206
f 4201 4205 4206 4202
f 4202 4206 4207 4203
f 4203 4207 4208 4204
f 4204 4208 4205 4201
g marco_silla
f 4209 4210 4211 4212
f 4213 4216 4215 4214
f 4209 4213 4214 4210
f 4210 4214 4215 4211
f 4211 4215 4216 4212
f 4212 4216 4213 4209
g marco_silla
f 4217 4218 4219 4220
f 4221 4224 4223 4222
f 4217 4221 4222 4218
f 4218 4222 4223 4219
f 4219 4223 4224 4220
f 4220 4224 4221 4217
g brazo_silla
f 4225 4226 4227 4228
f 4229 4232 4231 4230
f 4225 4229 4230 4226
f 4226 4230 4231 4227
f 4227 4231 4232 4228
f 4228 4232 4229 4225
g brazo_silla
f 4233 4234 4235 4236
f 4237 4240 4239 4238
f 4233 4237 4238 4234
f 4234 4238 4239 4235
f 4235 4239 4240 4236
f 4236 4240 4237 4233
g brazo_silla
f 4241 4242 4243 4244
f 4245 4248 4247 4246
f 4241 4245 4246 4242
f 4242 4246 4247 4243
f 4243 4247 4248 4244
f 4244 4248 4245 4241
g brazo_silla
f 4249 4250 4251 4252
f 4253 4256 4255 4254
f 4249 4253 4254 4250
f 4250 4254 4255 4251
f 4251 4255 4256 4252
f 4252 4256 4253 4249
g base_silla
f 4257 4258 4259 4260
f 4261 4264 4263 4262
f 4257 4261 4262 4258
f 4258 4262 4263 4259
f 4259 4263 4264 4260
f 4260 4264 4261 4257
g rueda_silla
f 4265 4266 4274 4273
f 4266 4267 4275 4274
f 4267 4268 4276 4275
f 4268 4269 4277 4276
f 4269 4270 4278 4277
f 4270 4271 4279 4278
f 4271 4272 4280 4279
f 4272 4265 4273 4280
f 4265 4266 4267 4268 4269 4270 4271 4272
f 4280 4279 4278 4277 4276 4275 4274 4273
g base_silla
f 4281 4282 4283 4284
f 4285 4288 4287 4286
f 4281 4285 4286 4282
f 4282 4286 4287 4283
f 4283 4287 4288 4284
f 4284 4288 4285 4281
g rueda_silla
f 4289 4290 4298 4297
f 4290 4291 4299 4298
f 4291 4292 4300 4299
f 4292 4293 4301 4300
f 4293 4294 4302 4301
f 4294 4295 4303 4302
f 4295 4296 4304 4303
f 4296 4289 4297 4304
f 4289 4290 4291 4292 4293 4294 4295 4296
f 4304 4303 4302 4301 4300 4299 4298 4297
g base_silla
f 4305 4306 4307 4308
f 4309 4312 4311 4310
f 4305 4309 4310 4306
f 4306 4310 4311 4307
f 4307 4311 4312 4308
f 4308 4312 4309 4305
g rueda_silla
f 4313 4314 4322 4321
f 4314 4315 4323 4322
f 4315 4316 4324 4323
f 4316 4317 4325 4324
f 4317 4318 4326 4325
f 4318 4319 4327 4326
f 4319 4320 4328 4327
f 4320 4313 4321 4328
f 4313 4314 4315 4316 4317 4318 4319 4320
f 4328 4327 4326 4325 4324 4323 4322 4321
g base_silla
f 4329 4330 4331 4332
f 4333 4336 4335 4334
f 4329 4333 4334 4330
f 4330 4334 4335 4331
f 4331 4335 4336 4332
f 4332 4336 4333 4329
g rueda_silla
f 4337 4338 4346 4345
f 4338 4339 4347 4346
f 4339 4340 4348 4347
f 4340 4341 4349 4348
f 4341 4342 4350 4349
f 4342 4343 4351 4350
f 4343 4344 4352 4351
f 4344 4337 4345 4352
f 4337 4338 4339 4340 4341 4342 4343 4344
f 4352 4351 4350 4349 4348 4347 4346 4345
g base_silla
f 4353 4354 4355 4356
f 4357 4360 4359 4358
f 4353 4357 4358 4354
f 4354 4358 4359 4355
f 4355 4359 4360 4356
f 4356 4360 4357 4353
g rueda_silla
f 4361 4362 4370 4369
f 4362 4363 4371 4370
f 4363 4364 4372 4371
f 4364 4365 4373 4372
f 4365 4366 4374 4373
f 4366 4367 4375 4374
f 4367 4368 4376 4375
f 4368 4361 4369 4376
f 4361 4362 4363 4364 4365 4366 4367 4368
f 4376 4375 4374 4373 4372 4371 4370 4369
g base_silla
f 4377 4378 4388 4387
f 4378 4379 4389 4388
f 4379 4380 4390 4389
f 4380 4381 4391 4390
f 4381 4382 4392 4391
f 4382 4383 4393 4392
f 4383 4384 4394 4393
f 4384 4385 4395 4394
f 4385 4386 4396 4395
f 4386 4377 4387 4396
f 4377 4378 4379 4380 4381 4382 4383 4384 4385 4386
f 4396 4395 4394 4393 4392 4391 4390 4389 4388 4387
g columna_silla
f 4397 4398 4408 4407
f 4398 4399 4409 4408
f 4399 4400 4410 4409
f 4400 4401 4411 4410
f 4401 4402 4412 4411
f 4402 4403 4413 4412
f 4403 4404 4414 4413
f 4404 4405 4415 4414
f 4405 4406 4416 4415
f 4406 4397 4407 4416
f 4397 4398 4399 4400 4401 4402 4403 4404 4405 4406
f 4416 4415 4414 4413 4412 4411 4410 4409 4408 4407
g columna_silla
f 4417 4418 4428 4427
f 4418 4419 4429 4428
f 4419 4420 4430 4429
f 4420 4421 4431 4430
f 4421 4422 4432 4431
f 4422 4423 4433 4432
f 4423 4424 4434 4433
f 4424 4425 4435 4434
f 4425 4426 4436 4435
f 4426 4417 4427 4436
f 4417 4418 4419 4420 4421 4422 4423 4424 4425 4426
f 4436 4435 4434 4433 4432 4431 4430 4429 4428 4427
g SILLA
f 4437 4438 4439 4440
f 4441 4444 4443 4442
f 4437 4441 4442 4438
f 4438 4442 4443 4439
f 4439 4443 4444 4440
f 4440 4444 4441 4437
g SILLA
f 4445 4446 4447 4448
f 4449 4452 4451 4450
f 4445 4449 4450 4446
f 4446 4450 4451 4447
f 4447 4451 4452 4448
f 4448 4452 4449 4445
g marco_silla
f 4453 4454 4455 4456
f 4457 4460 4459 4458
f 4453 4457 4458 4454
f 4454 4458 4459 4455
f 4455 4459 4460 4456
f 4456 4460 4457 4453
g marco_silla
f 4461 4462 4463 4464
f 4465 4468 4467 4466
f 4461 4465 4466 4462
f 4462 4466 4467 4463
f 4463 4467 4468 4464
f 4464 4468 4465 4461
g SILLA
f 4469 4470 4471 4472
f 4473 4476 4475 4474
f 4469 4473 4474 4470
f 4470 4474 4475 4471
f 4471 4475 4476 4472
f 4472 4476 4473 4469
g marco_silla
f 4477 4478 4479 4480
f 4481 4484 4483 4482
f 4477 4481 4482 4478
f 4478 4482 4483 4479
f 4479 4483 4484 4480
f 4480 4484 4481 4477
g marco_silla
f 4485 4486 4487 4488
f 4489 4492 4491 4490
f 4485 4489 4490 4486
f 4486 4490 4491 4487
f 4487 4491 4492 4488
f 4488 4492 4489 4485
g SILLA
f 4493 4494 4495 4496
f 4497 4500 4499 4498
f 4493 4497 4498 4494
f 4494 4498 4499 4495
f 4495 4499 4500 4496
f 4496 4500 4497 4493
g marco_silla
f 4501 4502 4503 4504
f 4505 4508 4507 4506
f 4501 4505 4506 4502
f 4502 4506 4507 4503
f 4503 4507 4508 4504
f 4504 4508 4505 4501
g marco_silla
f 4509 4510 4511 4512
f 4513 4516 4515 4514
f 4509 4513 4514 4510
f 4510 4514 4515 4511
f 4511 4515 4516 4512
f 4512 4516 4513 4509
g SILLA
f 4517 4518 4519 4520
f 4521 4524 4523 4522
f 4517 4521 4522 4518
f 4518 4522 4523 4519
f 4519 4523 4524 4520
f 4520 4524 4521 4517
g marco_silla
f 4525 4526 4527 4528
f 4529 4532 4531 4530
f 4525 4529 4530 4526
f 4526 4530 4531 4527
f 4527 4531 4532 4528
f 4528 4532 4529 4525
g marco_silla
f 4533 4534 4535 4536
f 4537 4540 4539 4538
f 4533 4537 4538 4534
f 4534 4538 4539 4535
f 4535 4539 4540 4536
f 4536 4540 4537 4533
g brazo_silla
f 4541 4542 4543 4544
f 4545 4548 4547 4546
f 4541 4545 4546 4542
f 4542 4546 4547 4543
f 4543 4547 4548 4544
f 4544 4548 4545 4541
g brazo_silla
f 4549 4550 4551 4552
f 4553 4556 4555 4554
f 4549 4553 4554 4550
f 4550 4554 4555 4551
f 4551 4555 4556 4552
f 4552 4556 4553 4549
g brazo_silla
f 4557 4558 4559 4560
f 4561 4564 4563 4562
f 4557 4561 4562 4558
f 4558 4562 4563 4559
f 4559 4563 4564 4560
f 4560 4564 4561 4557
g brazo_silla
f 4565 4566 4567 4568
f 4569 4572 4571 4570
f 4565 4569 4570 4566
f 4566 4570 4571 4567
f 4567 4571 4572 4568
f 4568 4572 4569 4565
g base_silla
f 4573 4574 4575 4576
f 4577 4580 4579 4578
f 4573 4577 4578 4574
f 4574 4578 4579 4575
f 4575 4579 4580 4576
f 4576 4580 4577 4573
g rueda_silla
f 4581 4582 4590 4589
f 4582 4583 4591 4590
f 4583 4584 4592 4591
f 4584 4585 4593 4592
f 4585 4586 4594 4593
f 4586 4587 4595 4594
f 4587 4588 4596 4595
f 4588 4581 4589 4596
f 4581 4582 4583 4584 4585 4586 4587 4588
f 4596 4595 4594 4593 4592 4591 4590 4589
g base_silla
f 4597 4598 4599 4600
f 4601 4604 4603 4602
f 4597 4601 4602 4598
f 4598 4602 4603 4599
f 4599 4603 4604 4600
f 4600 4604 4601 4597
g rueda_silla
f 4605 4606 4614 4613
f 4606 4607 4615 4614
f 4607 4608 4616 4615
f 4608 4609 4617 4616
f 4609 4610 4618 4617
f 4610 4611 4619 4618
f 4611 4612 4620 4619
f 4612 4605 4613 4620
f 4605 4606 4607 4608 4609 4610 4611 4612
f 4620 4619 4618 4617 4616 4615 4614 4613
g base_silla
f 4621 4622 4623 4624
f 4625 4628 4627 4626
f 4621 4625 4626 4622
f 4622 4626 4627 4623
f 4623 4627 4628 4624
f 4624 4628 4625 4621
g rueda_silla
f 4629 4630 4638 4637
f 4630 4631 4639 4638
f 4631 4632 4640 4639
f 4632 4633 4641 4640
f 4633 4634 4642 4641
f 4634 4635 4643 4642
f 4635 4636 4644 4643
f 4636 4629 4637 4644
f 4629 4630 4631 4632 4633 4634 4635 4636
f 4644 4643 4642 4641 4640 4639 4638 4637
g base_silla
f 4645 4646 4647 4648
f 4649 4652 4651 4650
f 4645 4649 4650 4646
f 4646 4650 4651 4647
f 4647 4651 4652 4648
f 4648 4652 4649 4645
g rueda_silla
f 4653 4654 4662 4661
f 4654 4655 4663 4662
f 4655 4656 4664 4663
f 4656 4657 4665 4664
f 4657 4658 4666 4665
f 4658 4659 4667 4666
f 4659 4660 4668 4667
f 4660 4653 4661 4668
f 4653 4654 4655 4656 4657 4658 4659 4660
f 4668 4667 4666 4665 4664 4663 4662 4661
g base_silla
f 4669 4670 4671 4672
f 4673 4676 4675 4674
f 4669 4673 4674 4670
f 4670 4674 4675 4671
f 4671 4675 4676 4672
f 4672 4676 4673 4669
g rueda_silla
f 4677 4678 4686 4685
f 4678 4679 4687 4686
f 4679 4680 4688 4687
f 4680 4681 4689 4688
f 4681 4682 4690 4689
f 4682 4683 4691 4690
f 4683 4684 4692 4691
f 4684 4677 4685 4692
f 4677 4678 4679 4680 4681 4682 4683 4684
f 4692 4691 4690 4689 4688 4687 4686 4685
g base_silla
f 4693 4694 4704 4703
f 4694 4695 4705 4704
f 4695 4696 4706 4705
f 4696 4697 4707 4706
f 4697 4698 4708 4707
f 4698 4699 4709 4708
f 4699 4700 4710 4709
f 4700 4701 4711 4710
f 4701 4702 4712 4711
f 4702 4693 4703 4712
f 4693 4694 4695 4696 4697 4698 4699 4700 4701 4702
f 4712 4711 4710 4709 4708 4707 4706 4705 4704 4703
g columna_silla
f 4713 4714 4724 4723
f 4714 4715 4725 4724
f 4715 4716 4726 4725
f 4716 4717 4727 4726
f 4717 4718 4728 4727
f 4718 4719 4729 4728
f 4719 4720 4730 4729
f 4720 4721 4731 4730
f 4721 4722 4732 4731
f 4722 4713 4723 4732
f 4713 4714 4715 4716 4717 4718 4719 4720 4721 4722
f 4732 4731 4730 4729 4728 4727 4726 4725 4724 4723
g columna_silla
f 4733 4734 4744 4743
f 4734 4735 4745 4744
f 4735 4736 4746 4745
f 4736 4737 4747 4746
f 4737 4738 4748 4747
f 4738 4739 4749 4748
f 4739 4740 4750 4749
f 4740 4741 4751 4750
f 4741 4742 4752 4751
f 4742 4733 4743 4752
f 4733 4734 4735 4736 4737 4738 4739 4740 4741 4742
f 4752 4751 4750 4749 4748 4747 4746 4745 4744 4743
g SILLA
f 4753 4754 4755 4756
f 4757 4760 4759 4758
f 4753 4757 4758 4754
f 4754 4758 4759 4755
f 4755 4759 4760 4756
f 4756 4760 4757 4753
g SILLA
f 4761 4762 4763 4764
f 4765 4768 4767 4766
f 4761 4765 4766 4762
f 4762 4766 4767 4763
f 4763 4767 4768 4764
f 4764 4768 4765 4761
g marco_silla
f 4769 4770 4771 4772
f 4773 4776 4775 4774
f 4769 4773 4774 4770
f 4770 4774 4775 4771
f 4771 4775 4776 4772
f 4772 4776 4773 4769
g marco_silla
f 4777 4778 4779 4780
f 4781 4784 4783 4782
f 4777 4781 4782 4778
f 4778 4782 4783 4779
f 4779 4783 4784 4780
f 4780 4784 4781 4777
g SILLA
f 4785 4786 4787 4788
f 4789 4792 4791 4790
f 4785 4789 4790 4786
f 4786 4790 4791 4787
f 4787 4791 4792 4788
f 4788 4792 4789 4785
g marco_silla
f 4793 4794 4795 4796
f 4797 4800 4799 4798
f 4793 4797 4798 4794
f 4794 4798 4799 4795
f 4795 4799 4800 4796
f 4796 4800 4797 4793
g marco_silla
f 4801 4802 4803 4804
f 4805 4808 4807 4806
f 4801 4805 4806 4802
f 4802 4806 4807 4803
f 4803 4807 4808 4804
f 4804 4808 4805 4801
g SILLA
f 4809 4810 4811 4812
f 4813 4816 4815 4814
f 4809 4813 4814 4810
f 4810 4814 4815 4811
f 4811 4815 4816 4812
f 4812 4816 4813 4809
g marco_silla
f 4817 4818 4819 4820
f 4821 4824 4823 4822
f 4817 4821 4822 4818
f 4818 4822 4823 4819
f 4819 4823 4824 4820
f 4820 4824 4821 4817
g marco_silla
f 4825 4826 4827 4828
f 4829 4832 4831 4830
f 4825 4829 4830 4826
f 4826 4830 4831 4827
f 4827 4831 4832 4828
f 4828 4832 4829 4825
g SILLA
f 4833 4834 4835 4836
f 4837 4840 4839 4838
f 4833 4837 4838 4834
f 4834 4838 4839 4835
f 4835 4839 4840 4836
f 4836 4840 4837 4833
g marco_silla
f 4841 4842 4843 4844
f 4845 4848 4847 4846
f 4841 4845 4846 4842
f 4842 4846 4847 4843
f 4843 4847 4848 4844
f 4844 4848 4845 4841
g marco_silla
f 4849 4850 4851 4852
f 4853 4856 4855 4854
f 4849 4853 4854 4850
f 4850 4854 4855 4851
f 4851 4855 4856 4852
f 4852 4856 4853 4849
g brazo_silla
f 4857 4858 4859 4860
f 4861 4864 4863 4862
f 4857 4861 4862 4858
f 4858 4862 4863 4859
f 4859 4863 4864 4860
f 4860 4864 4861 4857
g brazo_silla
f 4865 4866 4867 4868
f 4869 4872 4871 4870
f 4865 4869 4870 4866
f 4866 4870 4871 4867
f 4867 4871 4872 4868
f 4868 4872 4869 4865
g brazo_silla
f 4873 4874 4875 4876
f 4877 4880 4879 4878
f 4873 4877 4878 4874
f 4874 4878 4879 4875
f 4875 4879 4880 4876
f 4876 4880 4877 4873
g brazo_silla
f 4881 4882 4883 4884
f 4885 4888 4887 4886
f 4881 4885 4886 4882
f 4882 4886 4887 4883
f 4883 4887 4888 4884
f 4884 4888 4885 4881
g base_silla
f 4889 4890 4891 4892
f 4893 4896 4895 4894
f 4889 4893 4894 4890
f 4890 4894 4895 4891
f 4891 4895 4896 4892
f 4892 4896 4893 4889
g rueda_silla
f 4897 4898 4906 4905
f 4898 4899 4907 4906
f 4899 4900 4908 4907
f 4900 4901 4909 4908
f 4901 4902 4910 4909
f 4902 4903 4911 4910
f 4903 4904 4912 4911
f 4904 4897 4905 4912
f 4897 4898 4899 4900 4901 4902 4903 4904
f 4912 4911 4910 4909 4908 4907 4906 4905
g base_silla
f 4913 4914 4915 4916
f 4917 4920 4919 4918
f 4913 4917 4918 4914
f 4914 4918 4919 4915
f 4915 4919 4920 4916
f 4916 4920 4917 4913
g rueda_silla
f 4921 4922 4930 4929
f 4922 4923 4931 4930
f 4923 4924 4932 4931
f 4924 4925 4933 4932
f 4925 4926 4934 4933
f 4926 4927 4935 4934
f 4927 4928 4936 4935
f 4928 4921 4929 4936
f 4921 4922 4923 4924 4925 4926 4927 4928
f 4936 4935 4934 4933 4932 4931 4930 4929
g base_silla
f 4937 4938 4939 4940
f 4941 4944 4943 4942
f 4937 4941 4942 4938
f 4938 4942 4943 4939
f 4939 4943 4944 4940
f 4940 4944 4941 4937
g rueda_silla
f 4945 4946 4954 4953
f 4946 4947 4955 4954
f 4947 4948 4956 4955
f 4948 4949 4957 4956
f 4949 4950 4958 4957
f 4950 4951 4959 4958
f 4951 4952 4960 4959
f 4952 4945 4953 4960
f 4945 4946 4947 4948 4949 4950 4951 4952
f 4960 4959 4958 4957 4956 4955 4954 4953
g base_silla
f 4961 4962 4963 4964
f 4965 4968 4967 4966
f 4961 4965 4966 4962
f 4962 4966 4967 4963
f 4963 4967 4968 4964
f 4964 4968 4965 4961
g rueda_silla
f 4969 4970 4978 4977
f 4970 4971 4979 4978
f 4971 4972 4980 4979
f 4972 4973 4981 4980
f 4973 4974 4982 4981
f 4974 4975 4983 4982
f 4975 4976 4984 4983
f 4976 4969 4977 4984
f 4969 4970 4971 4972 4973 4974 4975 4976
f 4984 4983 4982 4981 4980 4979 4978 4977
g base_silla
f 4985 4986 4987 4988
f 4989 4992 4991 4990
f 4985 4989 4990 4986
f 4986 4990 4991 4987
f 4987 4991 4992 4988
f 4988 4992 4989 4985
g rueda_silla
f 4993 4994 5002 5001
f 4994 4995 5003 5002
f 4995 4996 5004 5003
f 4996 4997 5005 5004
f 4997 4998 5006 5005
f 4998 4999 5007 5006
f 4999 5000 5008 5007
f 5000 4993 5001 5008
f 4993 4994 4995 4996 4997 4998 4999 5000
f 5008 5007 5006 5005 5004 5003 5002 5001
g base_silla
f 5009 5010 5020 5019
f 5010 5011 5021 5020
f 5011 5012 5022 5021
f 5012 5013 5023 5022
f 5013 5014 5024 5023
f 5014 5015 5025 5024
f 5015 5016 5026 5025
f 5016 5017 5027 5026
f 5017 5018 5028 5027
f 5018 5009 5019 5028
f 5009 5010 5011 5012 5013 5014 5015 5016 5017 5018
f 5028 5027 5026 5025 5024 5023 5022 5021 5020 5019
g columna_silla
f 5029 5030 5040 5039
f 5030 5031 5041 5040
f 5031 5032 5042 5041
f 5032 5033 5043 5042
f 5033 5034 5044 5043
f 5034 5035 5045 5044
f 5035 5036 5046 5045
f 5036 5037 5047 5046
f 5037 5038 5048 5047
f 5038 5029 5039 5048
f 5029 5030 5031 5032 5033 5034 5035 5036 5037 5038
f 5048 5047 5046 5045 5044 5043 5042 5041 5040 5039
g columna_silla
f 5049 5050 5060 5059
f 5050 5051 5061 5060
f 5051 5052 5062 5061
f 5052 5053 5063 5062
f 5053 5054 5064 5063
f 5054 5055 5065 5064
f 5055 5056 5066 5065
f 5056 5057 5067 5066
f 5057 5058 5068 5067
f 5058 5049 5059 5068
f 5049 5050 5051 5052 5053 5054 5055 5056 5057 5058
f 5068 5067 5066 5065 5064 5063 5062 5061 5060 5059
g SILLA
f 5069 5070 5071 5072
f 5073 5076 5075 5074
f 5069 5073 5074 5070
f 5070 5074 5075 5071
f 5071 5075 5076 5072
f 5072 5076 5073 5069
g SILLA
f 5077 5078 5079 5080
f 5081 5084 5083 5082
f 5077 5081 5082 5078
f 5078 5082 5083 5079
f 5079 5083 5084 5080
f 5080 5084 5081 5077
g marco_silla
f 5085 5086 5087 5088
f 5089 5092 5091 5090
f 5085 5089 5090 5086
f 5086 5090 5091 5087
f 5087 5091 5092 5088
f 5088 5092 5089 5085
g marco_silla
f 5093 5094 5095 5096
f 5097 5100 5099 5098
f 5093 5097 5098 5094
f 5094 5098 5099 5095
f 5095 5099 5100 5096
f 5096 5100 5097 5093
g SILLA
f 5101 5102 5103 5104
f 5105 5108 5107 5106
f 5101 5105 5106 5102
f 5102 5106 5107 5103
f 5103 5107 5108 5104
f 5104 5108 5105 5101
g marco_silla
f 5109 5110 5111 5112
f 5113 5116 5115 5114
f 5109 5113 5114 5110
f 5110 5114 5115 5111
f 5111 5115 5116 5112
f 5112 5116 5113 5109
g marco_silla
f 5117 5118 5119 5120
f 5121 5124 5123 5122
f 5117 5121 5122 5118
f 5118 5122 5123 5119
f 5119 5123 5124 5120
f 5120 5124 5121 5117
g SILLA
f 5125 5126 5127 5128
f 5129 5132 5131 5130
f 5125 5129 5130 5126
f 5126 5130 5131 5127
f 5127 5131 5132 5128
f 5128 5132 5129 5125
g marco_silla
f 5133 5134 5135 5136
f 5137 5140 5139 5138
f 5133 5137 5138 5134
f 5134 5138 5139 5135
f 5135 5139 5140 5136
f 5136 5140 5137 5133
g marco_silla
f 5141 5142 5143 5144
f 5145 5148 5147 5146
f 5141 5145 5146 5142
f 5142 5146 5147 5143
f 5143 5147 5148 5144
f 5144 5148 5145 5141
g SILLA
f 5149 5150 5151 5152
f 5153 5156 5155 5154
f 5149 5153 5154 5150
f 5150 5154 5155 5151
f 5151 5155 5156 5152
f 5152 5156 5153 5149
g marco_silla
f 5157 5158 5159 5160
f 5161 5164 5163 5162
f 5157 5161 5162 5158
f 5158 5162 5163 5159
f 5159 5163 5164 5160
f 5160 5164 5161 5157
g marco_silla
f 5165 5166 5167 5168
f 5169 5172 5171 5170
f 5165 5169 5170 5166
f 5166 5170 5171 5167
f 5167 5171 5172 5168
f 5168 5172 5169 5165
g brazo_silla
f 5173 5174 5175 5176
f 5177 5180 5179 5178
f 5173 5177 5178 5174
f 5174 5178 5179 5175
f 5175 5179 5180 5176
f 5176 5180 5177 5173
g brazo_silla
f 5181 5182 5183 5184
f 5185 5188 5187 5186
f 5181 5185 5186 5182
f 5182 5186 5187 5183
f 5183 5187 5188 5184
f 5184 5188 5185 5181
g brazo_silla
f 5189 5190 5191 5192
f 5193 5196 5195 5194
f 5189 5193 5194 5190
f 5190 5194 5195 5191
f 5191 5195 5196 5192
f 5192 5196 5193 5189
g brazo_silla
f 5197 5198 5199 5200
f 5201 5204 5203 5202
f 5197 5201 5202 5198
f 5198 5202 5203 5199
f 5199 5203 5204 5200
f 5200 5204 5201 5197
g base_silla
f 5205 5206 5207 5208
f 5209 5212 5211 5210
f 5205 5209 5210 5206
f 5206 5210 5211 5207
f 5207 5211 5212 5208
f 5208 5212 5209 5205
g rueda_silla
f 5213 5214 5222 5221
f 5214 5215 5223 5222
f 5215 5216 5224 5223
f 5216 5217 5225 5224
f 5217 5218 5226 5225
f 5218 5219 5227 5226
f 5219 5220 5228 5227
f 5220 5213 5221 5228
f 5213 5214 5215 5216 5217 5218 5219 5220
f 5228 5227 5226 5225 5224 5223 5222 5221
g base_silla
f 5229 5230 5231 5232
f 5233 5236 5235 5234
f 5229 5233 5234 5230
f 5230 5234 5235 5231
f 5231 5235 5236 5232
f 5232 5236 5233 5229
g rueda_silla
f 5237 5238 5246 5245
f 5238 5239 5247 5246
f 5239 5240 5248 5247
f 5240 5241 5249 5248
f 5241 5242 5250 5249
f 5242 5243 5251 5250
f 5243 5244 5252 5251
f 5244 5237 5245 5252
f 5237 5238 5239 5240 5241 5242 5243 5244
f 5252 5251 5250 5249 5248 5247 5246 5245
g base_silla
f 5253 5254 5255 5256
f 5257 5260 5259 5258
f 5253 5257 5258 5254
f 5254 5258 5259 5255
f 5255 5259 5260 5256
f 5256 5260 5257 5253
g rueda_silla
f 5261 5262 5270 5269
f 5262 5263 5271 5270
f 5263 5264 5272 5271
f 5264 5265 5273 5272
f 5265 5266 5274 5273
f 5266 5267 5275 5274
f 5267 5268 5276 5275
f 5268 5261 5269 5276
f 5261 5262 5263 5264 5265 5266 5267 5268
f 5276 5275 5274 5273 5272 5271 5270 5269
g base_silla
f 5277 5278 5279 5280
f 5281 5284 5283 5282
f 5277 5281 5282 5278
f 5278 5282 5283 5279
f 5279 5283 5284 5280
f 5280 5284 5281 5277
g rueda_silla
f 5285 5286 5294 5293
f 5286 5287 5295 5294
f 5287 5288 5296 5295
f 5288 5289 5297 5296
f 5289 5290 5298 5297
f 5290 5291 5299 5298
f 5291 5292 5300 5299
f 5292 5285 5293 5300
f 5285 5286 5287 5288 5289 5290 5291 5292
f 5300 5299 5298 5297 5296 5295 5294 5293
g base_silla
f 5301 5302 5303 5304
f 5305 5308 5307 5306
f 5301 5305 5306 5302
f 5302 5306 5307 5303
f 5303 5307 5308 5304
f 5304 5308 5305 5301
g rueda_silla
f 5309 5310 5318 5317
f 5310 5311 5319 5318
f 5311 5312 5320 5319
f 5312 5313 5321 5320
f 5313 5314 5322 5321
f 5314 5315 5323 5322
f 5315 5316 5324 5323
f 5316 5309 5317 5324
f 5309 5310 5311 5312 5313 5314 5315 5316
f 5324 5323 5322 5321 5320 5319 5318 5317
g base_silla
f 5325 5326 5336 5335
f 5326 5327 5337 5336
f 5327 5328 5338 5337
f 5328 5329 5339 5338
f 5329 5330 5340 5339
f 5330 5331 5341 5340
f 5331 5332 5342 5341
f 5332 5333 5343 5342
f 5333 5334 5344 5343
f 5334 5325 5335 5344
f 5325 5326 5327 5328 5329 5330 5331 5332 5333 5334
f 5344 5343 5342 5341 5340 5339 5338 5337 5336 5335
g columna_silla
f 5345 5346 5356 5355
f 5346 5347 5357 5356
f 5347 5348 5358 5357
f 5348 5349 5359 5358
f 5349 5350 5360 5359
f 5350 5351 5361 5360
f 5351 5352 5362 5361
f 5352 5353 5363 5362
f 5353 5354 5364 5363
f 5354 5345 5355 5364
f 5345 5346 5347 5348 5349 5350 5351 5352 5353 5354
f 5364 5363 5362 5361 5360 5359 5358 5357 5356 5355
g columna_silla
f 5365 5366 5376 5375
f 5366 5367 5377 5376
f 5367 5368 5378 5377
f 5368 5369 5379 5378
f 5369 5370 5380 5379
f 5370 5371 5381 5380
f 5371 5372 5382 5381
f 5372 5373 5383 5382
f 5373 5374 5384 5383
f 5374 5365 5375 5384
f 5365 5366 5367 5368 5369 5370 5371 5372 5373 5374
f 5384 5383 5382 5381 5380 5379 5378 5377 5376 5375
g SILLA
f 5385 5386 5387 5388
f 5389 5392 5391 5390
f 5385 5389 5390 5386
f 5386 5390 5391 5387
f 5387 5391 5392 5388
f 5388 5392 5389 5385
g SILLA
f 5393 5394 5395 5396
f 5397 5400 5399 5398
f 5393 5397 5398 5394
f 5394 5398 5399 5395
f 5395 5399 5400 5396
f 5396 5400 5397 5393
g marco_silla
f 5401 5402 5403 5404
f 5405 5408 5407 5406
f 5401 5405 5406 5402
f 5402 5406 5407 5403
f 5403 5407 5408 5404
f 5404 5408 5405 5401
g marco_silla
f 5409 5410 5411 5412
f 5413 5416 5415 5414
f 5409 5413 5414 5410
f 5410 5414 5415 5411
f 5411 5415 5416 5412
f 5412 5416 5413 5409
g SILLA
f 5417 5418 5419 5420
f 5421 5424 5423 5422
f 5417 5421 5422 5418
f 5418 5422 5423 5419
f 5419 5423 5424 5420
f 5420 5424 5421 5417
g marco_silla
f 5425 5426 5427 5428
f 5429 5432 5431 5430
f 5425 5429 5430 5426
f 5426 5430 5431 5427
f 5427 5431 5432 5428
f 5428 5432 5429 5425
g marco_silla
f 5433 5434 5435 5436
f 5437 5440 5439 5438
f 5433 5437 5438 5434
f 5434 5438 5439 5435
f 5435 5439 5440 5436
f 5436 5440 5437 5433
g SILLA
f 5441 5442 5443 5444
f 5445 5448 5447 5446
f 5441 5445 5446 5442
f 5442 5446 5447 5443
f 5443 5447 5448 5444
f 5444 5448 5445 5441
g marco_silla
f 5449 5450 5451 5452
f 5453 5456 5455 5454
f 5449 5453 5454 5450
f 5450 5454 5455 5451
f 5451 5455 5456 5452
f 5452 5456 5453 5449
g marco_silla
f 5457 5458 5459 5460
f 5461 5464 5463 5462
f 5457 5461 5462 5458
f 5458 5462 5463 5459
f 5459 5463 5464 5460
f 5460 5464 5461 5457
g SILLA
f 5465 5466 5467 5468
f 5469 5472 5471 5470
f 5465 5469 5470 5466
f 5466 5470 5471 5467
f 5467 5471 5472 5468
f 5468 5472 5469 5465
g marco_silla
f 5473 5474 5475 5476
f 5477 5480 5479 5478
f 5473 5477 5478 5474
f 5474 5478 5479 5475
f 5475 5479 5480 5476
f 5476 5480 5477 5473
g marco_silla
f 5481 5482 5483 5484
f 5485 5488 5487 5486
f 5481 5485 5486 5482
f 5482 5486 5487 5483
f 5483 5487 5488 5484
f 5484 5488 5485 5481
g brazo_silla
f 5489 5490 5491 5492
f 5493 5496 5495 5494
f 5489 5493 5494 5490
f 5490 5494 5495 5491
f 5491 5495 5496 5492
f 5492 5496 5493 5489
g brazo_silla
f 5497 5498 5499 5500
f 5501 5504 5503 5502
f 5497 5501 5502 5498
f 5498 5502 5503 5499
f 5499 5503 5504 5500
f 5500 5504 5501 5497
g brazo_silla
f 5505 5506 5507 5508
f 5509 5512 5511 5510
f 5505 5509 5510 5506
f 5506 5510 5511 5507
f 5507 5511 5512 5508
f 5508 5512 5509 5505
g brazo_silla
f 5513 5514 5515 5516
f 5517 5520 5519 5518
f 5513 5517 5518 5514
f 5514 5518 5519 5515
f 5515 5519 5520 5516
f 5516 5520 5517 5513
g mesa_6pax
f 5521 5522 5523 5524
f 5525 5528 5527 5526
f 5521 5525 5526 5522
f 5522 5526 5527 5523
f 5523 5527 5528 5524
f 5524 5528 5525 5521
g pata
f 5529 5530 5531 5532
f 5533 5536 5535 5534
f 5529 5533 5534 5530
f 5530 5534 5535 5531
f 5531 5535 5536 5532
f 5532 5536 5533 5529
g pata
f 5537 5538 5539 5540
f 5541 5544 5543 5542
f 5537 5541 5542 5538
f 5538 5542 5543 5539
f 5539 5543 5544 5540
f 5540 5544 5541 5537
g pata
f 5545 5546 5547 5548
f 5549 5552 5551 5550
f 5545 5549 5550 5546
f 5546 5550 5551 5547
f 5547 5551 5552 5548
f 5548 5552 5549 5545
g pata
f 5553 5554 5555 5556
f 5557 5560 5559 5558
f 5553 5557 5558 5554
f 5554 5558 5559 5555
f 5555 5559 5560 5556
f 5556 5560 5557 5553
g base_silla
f 5561 5562 5563 5564
f 5565 5568 5567 5566
f 5561 5565 5566 5562
f 5562 5566 5567 5563
f 5563 5567 5568 5564
f 5564 5568 5565 5561
g rueda_silla
f 5569 5570 5578 5577
f 5570 5571 5579 5578
f 5571 5572 5580 5579
f 5572 5573 5581 5580
f 5573 5574 5582 5581
f 5574 5575 5583 5582
f 5575 5576 5584 5583
f 5576 5569 5577 5584
f 5569 5570 5571 5572 5573 5574 5575 5576
f 5584 5583 5582 5581 5580 5579 5578 5577
g base_silla
f 5585 5586 5587 5588
f 5589 5592 5591 5590
f 5585 5589 5590 5586
f 5586 5590 5591 5587
f 5587 5591 5592 5588
f 5588 5592 5589 5585
g rueda_silla
f 5593 5594 5602 5601
f 5594 5595 5603 5602
f 5595 5596 5604 5603
f 5596 5597 5605 5604
f 5597 5598 5606 5605
f 5598 5599 5607 5606
f 5599 5600 5608 5607
f 5600 5593 5601 5608
f 5593 5594 5595 5596 5597 5598 5599 5600
f 5608 5607 5606 5605 5604 5603 5602 5601
g base_silla
f 5609 5610 5611 5612
f 5613 5616 5615 5614
f 5609 5613 5614 5610
f 5610 5614 5615 5611
f 5611 5615 5616 5612
f 5612 5616 5613 5609
g rueda_silla
f 5617 5618 5626 5625
f 5618 5619 5627 5626
f 5619 5620 5628 5627
f 5620 5621 5629 5628
f 5621 5622 5630 5629
f 5622 5623 5631 5630
f 5623 5624 5632 5631
f 5624 5617 5625 5632
f 5617 5618 5619 5620 5621 5622 5623 5624
f 5632 5631 5630 5629 5628 5627 5626 5625
g base_silla
f 5633 5634 5635 5636
f 5637 5640 5639 5638
f 5633 5637 5638 5634
f 5634 5638 5639 5635
f 5635 5639 5640 5636
f 5636 5640 5637 5633
g rueda_silla
f 5641 5642 5650 5649
f 5642 5643 5651 5650
f 5643 5644 5652 5651
f 5644 5645 5653 5652
f 5645 5646 5654 5653
f 5646 5647 5655 5654
f 5647 5648 5656 5655
f 5648 5641 5649 5656
f 5641 5642 5643 5644 5645 5646 5647 5648
f 5656 5655 5654 5653 5652 5651 5650 5649
g base_silla
f 5657 5658 5659 5660
f 5661 5664 5663 5662
f 5657 5661 5662 5658
f 5658 5662 5663 5659
f 5659 5663 5664 5660
f 5660 5664 5661 5657
g rueda_silla
f 5665 5666 5674 5673
f 5666 5667 5675 5674
f 5667 5668 5676 5675
f 5668 5669 5677 5676
f 5669 5670 5678 5677
f 5670 5671 5679 5678
f 5671 5672 5680 5679
f 5672 5665 5673 5680
f 5665 5666 5667 5668 5669 5670 5671 5672
f 5680 5679 5678 5677 5676 5675 5674 5673
g base_silla
f 5681 5682 5692 5691
f 5682 5683 5693 5692
f 5683 5684 5694 5693
f 5684 5685 5695 5694
f 5685 5686 5696 5695
f 5686 5687 5697 5696
f 5687 5688 5698 5697
f 5688 5689 5699 5698
f 5689 5690 5700 5699
f 5690 5681 5691 5700
f 5681 5682 5683 5684 5685 5686 5687 5688 5689 5690
f 5700 5699 5698 5697 5696 5695 5694 5693 5692 5691
g columna_silla
f 5701 5702 5712 5711
f 5702 5703 5713 5712
f 5703 5704 5714 5713
f 5704 5705 5715 5714
f 5705 5706 5716 5715
f 5706 5707 5717 5716
f 5707 5708 5718 5717
f 5708 5709 5719 5718
f 5709 5710 5720 5719
f 5710 5701 5711 5720
f 5701 5702 5703 5704 5705 5706 5707 5708 5709 5710
f 5720 5719 5718 5717 5716 5715 5714 5713 5712 5711
g columna_silla
f 5721 5722 5732 5731
f 5722 5723 5733 5732
f 5723 5724 5734 5733
f 5724 5725 5735 5734
f 5725 5726 5736 5735
f 5726 5727 5737 5736
f 5727 5728 5738 5737
f 5728 5729 5739 5738
f 5729 5730 5740 5739
f 5730 5721 5731 5740
f 5721 5722 5723 5724 5725 5726 5727 5728 5729 5730
f 5740 5739 5738 5737 5736 5735 5734 5733 5732 5731
g SILLA
f 5741 5742 5743 5744
f 5745 5748 5747 5746
f 5741 5745 5746 5742
f 5742 5746 5747 5743
f 5743 5747 5748 5744
f 5744 5748 5745 5741
g SILLA
f 5749 5750 5751 5752
f 5753 5756 5755 5754
f 5749 5753 5754 5750
f 5750 5754 5755 5751
f 5751 5755 5756 5752
f 5752 5756 5753 5749
g marco_silla
f 5757 5758 5759 5760
f 5761 5764 5763 5762
f 5757 5761 5762 5758
f 5758 5762 5763 5759
f 5759 5763 5764 5760
f 5760 5764 5761 5757
g marco_silla
f 5765 5766 5767 5768
f 5769 5772 5771 5770
f 5765 5769 5770 5766
f 5766 5770 5771 5767
f 5767 5771 5772 5768
f 5768 5772 5769 5765
g SILLA
f 5773 5774 5775 5776
f 5777 5780 5779 5778
f 5773 5777 5778 5774
f 5774 5778 5779 5775
f 5775 5779 5780 5776
f 5776 5780 5777 5773
g marco_silla
f 5781 5782 5783 5784
f 5785 5788 5787 5786
f 5781 5785 5786 5782
f 5782 5786 5787 5783
f 5783 5787 5788 5784
f 5784 5788 5785 5781
g marco_silla
f 5789 5790 5791 5792
f 5793 5796 5795 5794
f 5789 5793 5794 5790
f 5790 5794 5795 5791
f 5791 5795 5796 5792
f 5792 5796 5793 5789
g SILLA
f 5797 5798 5799 5800
f 5801 5804 5803 5802
f 5797 5801 5802 5798
f 5798 5802 5803 5799
f 5799 5803 5804 5800
f 5800 5804 5801 5797
g marco_silla
f 5805 5806 5807 5808
f 5809 5812 5811 5810
f 5805 5809 5810 5806
f 5806 5810 5811 5807
f 5807 5811 5812 5808
f 5808 5812 5809 5805
g marco_silla
f 5813 5814 5815 5816
f 5817 5820 5819 5818
f 5813 5817 5818 5814
f 5814 5818 5819 5815
f 5815 5819 5820 5816
f 5816 5820 5817 5813
g SILLA
f 5821 5822 5823 5824
f 5825 5828 5827 5826
f 5821 5825 5826 5822
f 5822 5826 5827 5823
f 5823 5827 5828 5824
f 5824 5828 5825 5821
g marco_silla
f 5829 5830 5831 5832
f 5833 5836 5835 5834
f 5829 5833 5834 5830
f 5830 5834 5835 5831
f 5831 5835 5836 5832
f 5832 5836 5833 5829
g marco_silla
f 5837 5838 5839 5840
f 5841 5844 5843 5842
f 5837 5841 5842 5838
f 5838 5842 5843 5839
f 5839 5843 5844 5840
f 5840 5844 5841 5837
g brazo_silla
f 5845 5846 5847 5848
f 5849 5852 5851 5850
f 5845 5849 5850 5846
f 5846 5850 5851 5847
f 5847 5851 5852 5848
f 5848 5852 5849 5845
g brazo_silla
f 5853 5854 5855 5856
f 5857 5860 5859 5858
f 5853 5857 5858 5854
f 5854 5858 5859 5855
f 5855 5859 5860 5856
f 5856 5860 5857 5853
g brazo_silla
f 5861 5862 5863 5864
f 5865 5868 5867 5866
f 5861 5865 5866 5862
f 5862 5866 5867 5863
f 5863 5867 5868 5864
f 5864 5868 5865 5861
g brazo_silla
f 5869 5870 5871 5872
f 5873 5876 5875 5874
f 5869 5873 5874 5870
f 5870 5874 5875 5871
f 5871 5875 5876 5872
f 5872 5876 5873 5869
g base_silla
f 5877 5878 5879 5880
f 5881 5884 5883 5882
f 5877 5881 5882 5878
f 5878 5882 5883 5879
f 5879 5883 5884 5880
f 5880 5884 5881 5877
g rueda_silla
f 5885 5886 5894 5893
f 5886 5887 5895 5894
f 5887 5888 5896 5895
f 5888 5889 5897 5896
f 5889 5890 5898 5897
f 5890 5891 5899 5898
f 5891 5892 5900 5899
f 5892 5885 5893 5900
f 5885 5886 5887 5888 5889 5890 5891 5892
f 5900 5899 5898 5897 5896 5895 5894 5893
g base_silla
f 5901 5902 5903 5904
f 5905 5908 5907 5906
f 5901 5905 5906 5902
f 5902 5906 5907 5903
f 5903 5907 5908 5904
f 5904 5908 5905 5901
g rueda_silla
f 5909 5910 5918 5917
f 5910 5911 5919 5918
f 5911 5912 5920 5919
f 5912 5913 5921 5920
f 5913 5914 5922 5921
f 5914 5915 5923 5922
f 5915 5916 5924 5923
f 5916 5909 5917 5924
f 5909 5910 5911 5912 5913 5914 5915 5916
f 5924 5923 5922 5921 5920 5919 5918 5917
g base_silla
f 5925 5926 5927 5928
f 5929 5932 5931 5930
f 5925 5929 5930 5926
f 5926 5930 5931 5927
f 5927 5931 5932 5928
f 5928 5932 5929 5925
g rueda_silla
f 5933 5934 5942 5941
f 5934 5935 5943 5942
f 5935 5936 5944 5943
f 5936 5937 5945 5944
f 5937 5938 5946 5945
f 5938 5939 5947 5946
f 5939 5940 5948 5947
f 5940 5933 5941 5948
f 5933 5934 5935 5936 5937 5938 5939 5940
f 5948 5947 5946 5945 5944 5943 5942 5941
g base_silla
f 5949 5950 5951 5952
f 5953 5956 5955 5954
f 5949 5953 5954 5950
f 5950 5954 5955 5951
f 5951 5955 5956 5952
f 5952 5956 5953 5949
g rueda_silla
f 5957 5958 5966 5965
f 5958 5959 5967 5966
f 5959 5960 5968 5967
f 5960 5961 5969 5968
f 5961 5962 5970 5969
f 5962 5963 5971 5970
f 5963 5964 5972 5971
f 5964 5957 5965 5972
f 5957 5958 5959 5960 5961 5962 5963 5964
f 5972 5971 5970 5969 5968 5967 5966 5965
g base_silla
f 5973 5974 5975 5976
f 5977 5980 5979 5978
f 5973 5977 5978 5974
f 5974 5978 5979 5975
f 5975 5979 5980 5976
f 5976 5980 5977 5973
g rueda_silla
f 5981 5982 5990 5989
f 5982 5983 5991 5990
f 5983 5984 5992 5991
f 5984 5985 5993 5992
f 5985 5986 5994 5993
f 5986 5987 5995 5994
f 5987 5988 5996 5995
f 5988 5981 5989 5996
f 5981 5982 5983 5984 5985 5986 5987 5988
f 5996 5995 5994 5993 5992 5991 5990 5989
g base_silla
f 5997 5998 6008 6007
f 5998 5999 6009 6008
f 5999 6000 6010 6009
f 6000 6001 6011 6010
f 6001 6002 6012 6011
f 6002 6003 6013 6012
f 6003 6004 6014 6013
f 6004 6005 6015 6014
f 6005 6006 6016 6015
f 6006 5997 6007 6016
f 5997 5998 5999 6000 6001 6002 6003 6004 6005 6006
f 6016 6015 6014 6013 6012 6011 6010 6009 6008 6007
g columna_silla
f 6017 6018 6028 6027
f 6018 6019 6029 6028
f 6019 6020 6030 6029
f 6020 6021 6031 6030
f 6021 6022 6032 6031
f 6022 6023 6033 6032
f 6023 6024 6034 6033
f 6024 6025 6035 6034
f 6025 6026 6036 6035
f 6026 6017 6027 6036
f 6017 6018 6019 6020 6021 6022 6023 6024 6025 6026
f 6036 6035 6034 6033 6032 6031 6030 6029 6028 6027
g columna_silla
f 6037 6038 6048 6047
f 6038 6039 6049 6048
f 6039 6040 6050 6049
f 6040 6041 6051 6050
f 6041 6042 6052 6051
f 6042 6043 6053 6052
f 6043 6044 6054 6053
f 6044 6045 6055 6054
f 6045 6046 6056 6055
f 6046 6037 6047 6056
f 6037 6038 6039 6040 6041 6042 6043 6044 6045 6046
f 6056 6055 6054 6053 6052 6051 6050 6049 6048 6047
g SILLA
f 6057 6058 6059 6060
f 6061 6064 6063 6062
f 6057 6061 6062 6058
f 6058 6062 6063 6059
f 6059 6063 6064 6060
f 6060 6064 6061 6057
g SILLA
f 6065 6066 6067 6068
f 6069 6072 6071 6070
f 6065 6069 6070 6066
f 6066 6070 6071 6067
f 6067 6071 6072 6068
f 6068 6072 6069 6065
g marco_silla
f 6073 6074 6075 6076
f 6077 6080 6079 6078
f 6073 6077 6078 6074
f 6074 6078 6079 6075
f 6075 6079 6080 6076
f 6076 6080 6077 6073
g marco_silla
f 6081 6082 6083 6084
f 6085 6088 6087 6086
f 6081 6085 6086 6082
f 6082 6086 6087 6083
f 6083 6087 6088 6084
f 6084 6088 6085 6081
g SILLA
f 6089 6090 6091 6092
f 6093 6096 6095 6094
f 6089 6093 6094 6090
f 6090 6094 6095 6091
f 6091 6095 6096 6092
f 6092 6096 6093 6089
g marco_silla
f 6097 6098 6099 6100
f 6101 6104 6103 6102
f 6097 6101 6102 6098
f 6098 6102 6103 6099
f 6099 6103 6104 6100
f 6100 6104 6101 6097
g marco_silla
f 6105 6106 6107 6108
f 6109 6112 6111 6110
f 6105 6109 6110 6106
f 6106 6110 6111 6107
f 6107 6111 6112 6108
f 6108 6112 6109 6105
g SILLA
f 6113 6114 6115 6116
f 6117 6120 6119 6118
f 6113 6117 6118 6114
f 6114 6118 6119 6115
f 6115 6119 6120 6116
f 6116 6120 6117 6113
g marco_silla
f 6121 6122 6123 6124
f 6125 6128 6127 6126
f 6121 6125 6126 6122
f 6122 6126 6127 6123
f 6123 6127 6128 6124
f 6124 6128 6125 6121
g marco_silla
f 6129 6130 6131 6132
f 6133 6136 6135 6134
f 6129 6133 6134 6130
f 6130 6134 6135 6131
f 6131 6135 6136 6132
f 6132 6136 6133 6129
g SILLA
f 6137 6138 6139 6140
f 6141 6144 6143 6142
f 6137 6141 6142 6138
f 6138 6142 6143 6139
f 6139 6143 6144 6140
f 6140 6144 6141 6137
g marco_silla
f 6145 6146 6147 6148
f 6149 6152 6151 6150
f 6145 6149 6150 6146
f 6146 6150 6151 6147
f 6147 6151 6152 6148
f 6148 6152 6149 6145
g marco_silla
f 6153 6154 6155 6156
f 6157 6160 6159 6158
f 6153 6157 6158 6154
f 6154 6158 6159 6155
f 6155 6159 6160 6156
f 6156 6160 6157 6153
g brazo_silla
f 6161 6162 6163 6164
f 6165 6168 6167 6166
f 6161 6165 6166 6162
f 6162 6166 6167 6163
f 6163 6167 6168 6164
f 6164 6168 6165 6161
g brazo_silla
f 6169 6170 6171 6172
f 6173 6176 6175 6174
f 6169 6173 6174 6170
f 6170 6174 6175 6171
f 6171 6175 6176 6172
f 6172 6176 6173 6169
g brazo_silla
f 6177 6178 6179 6180
f 6181 6184 6183 6182
f 6177 6181 6182 6178
f 6178 6182 6183 6179
f 6179 6183 6184 6180
f 6180 6184 6181 6177
g brazo_silla
f 6185 6186 6187 6188
f 6189 6192 6191 6190
f 6185 6189 6190 6186
f 6186 6190 6191 6187
f 6187 6191 6192 6188
f 6188 6192 6189 6185
g base_silla
f 6193 6194 6195 6196
f 6197 6200 6199 6198
f 6193 6197 6198 6194
f 6194 6198 6199 6195
f 6195 6199 6200 6196
f 6196 6200 6197 6193
g rueda_silla
f 6201 6202 6210 6209
f 6202 6203 6211 6210
f 6203 6204 6212 6211
f 6204 6205 6213 6212
f 6205 6206 6214 6213
f 6206 6207 6215 6214
f 6207 6208 6216 6215
f 6208 6201 6209 6216
f 6201 6202 6203 6204 6205 6206 6207 6208
f 6216 6215 6214 6213 6212 6211 6210 6209
g base_silla
f 6217 6218 6219 6220
f 6221 6224 6223 6222
f 6217 6221 6222 6218
f 6218 6222 6223 6219
f 6219 6223 6224 6220
f 6220 6224 6221 6217
g rueda_silla
f 6225 6226 6234 6233
f 6226 6227 6235 6234
f 6227 6228 6236 6235
f 6228 6229 6237 6236
f 6229 6230 6238 6237
f 6230 6231 6239 6238
f 6231 6232 6240 6239
f 6232 6225 6233 6240
f 6225 6226 6227 6228 6229 6230 6231 6232
f 6240 6239 6238 6237 6236 6235 6234 6233
g base_silla
f 6241 6242 6243 6244
f 6245 6248 6247 6246
f 6241 6245 6246 6242
f 6242 6246 6247 6243
f 6243 6247 6248 6244
f 6244 6248 6245 6241
g rueda_silla
f 6249 6250 6258 6257
f 6250 6251 6259 6258
f 6251 6252 6260 6259
f 6252 6253 6261 6260
f 6253 6254 6262 6261
f 6254 6255 6263 6262
f 6255 6256 6264 6263
f 6256 6249 6257 6264
f 6249 6250 6251 6252 6253 6254 6255 6256
f 6264 6263 6262 6261 6260 6259 6258 6257
g base_silla
f 6265 6266 6267 6268
f 6269 6272 6271 6270
f 6265 6269 6270 6266
f 6266 6270 6271 6267
f 6267 6271 6272 6268
f 6268 6272 6269 6265
g rueda_silla
f 6273 6274 6282 6281
f 6274 6275 6283 6282
f 6275 6276 6284 6283
f 6276 6277 6285 6284
f 6277 6278 6286 6285
f 6278 6279 6287 6286
f 6279 6280 6288 6287
f 6280 6273 6281 6288
f 6273 6274 6275 6276 6277 6278 6279 6280
f 6288 6287 6286 6285 6284 6283 6282 6281
g base_silla
f 6289 6290 6291 6292
f 6293 6296 6295 6294
f 6289 6293 6294 6290
f 6290 6294 6295 6291
f 6291 6295 6296 6292
f 6292 6296 6293 6289
g rueda_silla
f 6297 6298 6306 6305
f 6298 6299 6307 6306
f 6299 6300 6308 6307
f 6300 6301 6309 6308
f 6301 6302 6310 6309
f 6302 6303 6311 6310
f 6303 6304 6312 6311
f 6304 6297 6305 6312
f 6297 6298 6299 6300 6301 6302 6303 6304
f 6312 6311 6310 6309 6308 6307 6306 6305
g base_silla
f 6313 6314 6324 6323
f 6314 6315 6325 6324
f 6315 6316 6326 6325
f 6316 6317 6327 6326
f 6317 6318 6328 6327
f 6318 6319 6329 6328
f 6319 6320 6330 6329
f 6320 6321 6331 6330
f 6321 6322 6332 6331
f 6322 6313 6323 6332
f 6313 6314 6315 6316 6317 6318 6319 6320 6321 6322
f 6332 6331 6330 6329 6328 6327 6326 6325 6324 6323
g columna_silla
f 6333 6334 6344 6343
f 6334 6335 6345 6344
f 6335 6336 6346 6345
f 6336 6337 6347 6346
f 6337 6338 6348 6347
f 6338 6339 6349 6348
f 6339 6340 6350 6349
f 6340 6341 6351 6350
f 6341 6342 6352 6351
f 6342 6333 6343 6352
f 6333 6334 6335 6336 6337 6338 6339 6340 6341 6342
f 6352 6351 6350 6349 6348 6347 6346 6345 6344 6343
g columna_silla
f 6353 6354 6364 6363
f 6354 6355 6365 6364
f 6355 6356 6366 6365
f 6356 6357 6367 6366
f 6357 6358 6368 6367
f 6358 6359 6369 6368
f 6359 6360 6370 6369
f 6360 6361 6371 6370
f 6361 6362 6372 6371
f 6362 6353 6363 6372
f 6353 6354 6355 6356 6357 6358 6359 6360 6361 6362
f 6372 6371 6370 6369 6368 6367 6366 6365 6364 6363
g SILLA
f 6373 6374 6375 6376
f 6377 6380 6379 6378
f 6373 6377 6378 6374
f 6374 6378 6379 6375
f 6375 6379 6380 6376
f 6376 6380 6377 6373
g SILLA
f 6381 6382 6383 6384
f 6385 6388 6387 6386
f 6381 6385 6386 6382
f 6382 6386 6387 6383
f 6383 6387 6388 6384
f 6384 6388 6385 6381
g marco_silla
f 6389 6390 6391 6392
f 6393 6396 6395 6394
f 6389 6393 6394 6390
f 6390 6394 6395 6391
f 6391 6395 6396 6392
f 6392 6396 6393 6389
g marco_silla
f 6397 6398 6399 6400
f 6401 6404 6403 6402
f 6397 6401 6402 6398
f 6398 6402 6403 6399
f 6399 6403 6404 6400
f 6400 6404 6401 6397
g SILLA
f 6405 6406 6407 6408
f 6409 6412 6411 6410
f 6405 6409 6410 6406
f 6406 6410 6411 6407
f 6407 6411 6412 6408
f 6408 6412 6409 6405
g marco_silla
f 6413 6414 6415 6416
f 6417 6420 6419 6418
f 6413 6417 6418 6414
f 6414 6418 6419 6415
f 6415 6419 6420 6416
f 6416 6420 6417 6413
g marco_silla
f 6421 6422 6423 6424
f 6425 6428 6427 6426
f 6421 6425 6426 6422
f 6422 6426 6427 6423
f 6423 6427 6428 6424
f 6424 6428 6425 6421
g SILLA
f 6429 6430 6431 6432
f 6433 6436 6435 6434
f 6429 6433 6434 6430
f 6430 6434 6435 6431
f 6431 6435 6436 6432
f 6432 6436 6433 6429
g marco_silla
f 6437 6438 6439 6440
f 6441 6444 6443 6442
f 6437 6441 6442 6438
f 6438 6442 6443 6439
f 6439 6443 6444 6440
f 6440 6444 6441 6437
g marco_silla
f 6445 6446 6447 6448
f 6449 6452 6451 6450
f 6445 6449 6450 6446
f 6446 6450 6451 6447
f 6447 6451 6452 6448
f 6448 6452 6449 6445
g SILLA
f 6453 6454 6455 6456
f 6457 6460 6459 6458
f 6453 6457 6458 6454
f 6454 6458 6459 6455
f 6455 6459 6460 6456
f 6456 6460 6457 6453
g marco_silla
f 6461 6462 6463 6464
f 6465 6468 6467 6466
f 6461 6465 6466 6462
f 6462 6466 6467 6463
f 6463 6467 6468 6464
f 6464 6468 6465 6461
g marco_silla
f 6469 6470 6471 6472
f 6473 6476 6475 6474
f 6469 6473 6474 6470
f 6470 6474 6475 6471
f 6471 6475 6476 6472
f 6472 6476 6473 6469
g brazo_silla
f 6477 6478 6479 6480
f 6481 6484 6483 6482
f 6477 6481 6482 6478
f 6478 6482 6483 6479
f 6479 6483 6484 6480
f 6480 6484 6481 6477
g brazo_silla
f 6485 6486 6487 6488
f 6489 6492 6491 6490
f 6485 6489 6490 6486
f 6486 6490 6491 6487
f 6487 6491 6492 6488
f 6488 6492 6489 6485
g brazo_silla
f 6493 6494 6495 6496
f 6497 6500 6499 6498
f 6493 6497 6498 6494
f 6494 6498 6499 6495
f 6495 6499 6500 6496
f 6496 6500 6497 6493
g brazo_silla
f 6501 6502 6503 6504
f 6505 6508 6507 6506
f 6501 6505 6506 6502
f 6502 6506 6507 6503
f 6503 6507 6508 6504
f 6504 6508 6505 6501
g base_silla
f 6509 6510 6511 6512
f 6513 6516 6515 6514
f 6509 6513 6514 6510
f 6510 6514 6515 6511
f 6511 6515 6516 6512
f 6512 6516 6513 6509
g rueda_silla
f 6517 6518 6526 6525
f 6518 6519 6527 6526
f 6519 6520 6528 6527
f 6520 6521 6529 6528
f 6521 6522 6530 6529
f 6522 6523 6531 6530
f 6523 6524 6532 6531
f 6524 6517 6525 6532
f 6517 6518 6519 6520 6521 6522 6523 6524
f 6532 6531 6530 6529 6528 6527 6526 6525
g base_silla
f 6533 6534 6535 6536
f 6537 6540 6539 6538
f 6533 6537 6538 6534
f 6534 6538 6539 6535
f 6535 6539 6540 6536
f 6536 6540 6537 6533
g rueda_silla
f 6541 6542 6550 6549
f 6542 6543 6551 6550
f 6543 6544 6552 6551
f 6544 6545 6553 6552
f 6545 6546 6554 6553
f 6546 6547 6555 6554
f 6547 6548 6556 6555
f 6548 6541 6549 6556
f 6541 6542 6543 6544 6545 6546 6547 6548
f 6556 6555 6554 6553 6552 6551 6550 6549
g base_silla
f 6557 6558 6559 6560
f 6561 6564 6563 6562
f 6557 6561 6562 6558
f 6558 6562 6563 6559
f 6559 6563 6564 6560
f 6560 6564 6561 6557
g rueda_silla
f 6565 6566 6574 6573
f 6566 6567 6575 6574
f 6567 6568 6576 6575
f 6568 6569 6577 6576
f 6569 6570 6578 6577
f 6570 6571 6579 6578
f 6571 6572 6580 6579
f 6572 6565 6573 6580
f 6565 6566 6567 6568 6569 6570 6571 6572
f 6580 6579 6578 6577 6576 6575 6574 6573
g base_silla
f 6581 6582 6583 6584
f 6585 6588 6587 6586
f 6581 6585 6586 6582
f 6582 6586 6587 6583
f 6583 6587 6588 6584
f 6584 6588 6585 6581
g rueda_silla
f 6589 6590 6598 6597
f 6590 6591 6599 6598
f 6591 6592 6600 6599
f 6592 6593 6601 6600
f 6593 6594 6602 6601
f 6594 6595 6603 6602
f 6595 6596 6604 6603
f 6596 6589 6597 6604
f 6589 6590 6591 6592 6593 6594 6595 6596
f 6604 6603 6602 6601 6600 6599 6598 6597
g base_silla
f 6605 6606 6607 6608
f 6609 6612 6611 6610
f 6605 6609 6610 6606
f 6606 6610 6611 6607
f 6607 6611 6612 6608
f 6608 6612 6609 6605
g rueda_silla
f 6613 6614 6622 6621
f 6614 6615 6623 6622
f 6615 6616 6624 6623
f 6616 6617 6625 6624
f 6617 6618 6626 6625
f 6618 6619 6627 6626
f 6619 6620 6628 6627
f 6620 6613 6621 6628
f 6613 6614 6615 6616 6617 6618 6619 6620
f 6628 6627 6626 6625 6624 6623 6622 6621
g base_silla
f 6629 6630 6640 6639
f 6630 6631 6641 6640
f 6631 6632 6642 6641
f 6632 6633 6643 6642
f 6633 6634 6644 6643
f 6634 6635 6645 6644
f 6635 6636 6646 6645
f 6636 6637 6647 6646
f 6637 6638 6648 6647
f 6638 6629 6639 6648
f 6629 6630 6631 6632 6633 6634 6635 6636 6637 6638
f 6648 6647 6646 6645 6644 6643 6642 6641 6640 6639
g columna_silla
f 6649 6650 6660 6659
f 6650 6651 6661 6660
f 6651 6652 6662 6661
f 6652 6653 6663 6662
f 6653 6654 6664 6663
f 6654 6655 6665 6664
f 6655 6656 6666 6665
f 6656 6657 6667 6666
f 6657 6658 6668 6667
f 6658 6649 6659 6668
f 6649 6650 6651 6652 6653 6654 6655 6656 6657 6658
f 6668 6667 6666 6665 6664 6663 6662 6661 6660 6659
g columna_silla
f 6669 6670 6680 6679
f 6670 6671 6681 6680
f 6671 6672 6682 6681
f 6672 6673 6683 6682
f 6673 6674 6684 6683
f 6674 6675 6685 6684
f 6675 6676 6686 6685
f 6676 6677 6687 6686
f 6677 6678 6688 6687
f 6678 6669 6679 6688
f 6669 6670 6671 6672 6673 6674 6675 6676 6677 6678
f 6688 6687 6686 6685 6684 6683 6682 6681 6680 6679
g SILLA
f 6689 6690 6691 6692
f 6693 6696 6695 6694
f 6689 6693 6694 6690
f 6690 6694 6695 6691
f 6691 6695 6696 6692
f 6692 6696 6693 6689
g SILLA
f 6697 6698 6699 6700
f 6701 6704 6703 6702
f 6697 6701 6702 6698
f 6698 6702 6703 6699
f 6699 6703 6704 6700
f 6700 6704 6701 6697
g marco_silla
f 6705 6706 6707 6708
f 6709 6712 6711 6710
f 6705 6709 6710 6706
f 6706 6710 6711 6707
f 6707 6711 6712 6708
f 6708 6712 6709 6705
g marco_silla
f 6713 6714 6715 6716
f 6717 6720 6719 6718
f 6713 6717 6718 6714
f 6714 6718 6719 6715
f 6715 6719 6720 6716
f 6716 6720 6717 6713
g SILLA
f 6721 6722 6723 6724
f 6725 6728 6727 6726
f 6721 6725 6726 6722
f 6722 6726 6727 6723
f 6723 6727 6728 6724
f 6724 6728 6725 6721
g marco_silla
f 6729 6730 6731 6732
f 6733 6736 6735 6734
f 6729 6733 6734 6730
f 6730 6734 6735 6731
f 6731 6735 6736 6732
f 6732 6736 6733 6729
g marco_silla
f 6737 6738 6739 6740
f 6741 6744 6743 6742
f 6737 6741 6742 6738
f 6738 6742 6743 6739
f 6739 6743 6744 6740
f 6740 6744 6741 6737
g SILLA
f 6745 6746 6747 6748
f 6749 6752 6751 6750
f 6745 6749 6750 6746
f 6746 6750 6751 6747
f 6747 6751 6752 6748
f 6748 6752 6749 6745
g marco_silla
f 6753 6754 6755 6756
f 6757 6760 6759 6758
f 6753 6757 6758 6754
f 6754 6758 6759 6755
f 6755 6759 6760 6756
f 6756 6760 6757 6753
g marco_silla
f 6761 6762 6763 6764
f 6765 6768 6767 6766
f 6761 6765 6766 6762
f 6762 6766 6767 6763
f 6763 6767 6768 6764
f 6764 6768 6765 6761
g SILLA
f 6769 6770 6771 6772
f 6773 6776 6775 6774
f 6769 6773 6774 6770
f 6770 6774 6775 6771
f 6771 6775 6776 6772
f 6772 6776 6773 6769
g marco_silla
f 6777 6778 6779 6780
f 6781 6784 6783 6782
f 6777 6781 6782 6778
f 6778 6782 6783 6779
f 6779 6783 6784 6780
f 6780 6784 6781 6777
g marco_silla
f 6785 6786 6787 6788
f 6789 6792 6791 6790
f 6785 6789 6790 6786
f 6786 6790 6791 6787
f 6787 6791 6792 6788
f 6788 6792 6789 6785
g brazo_silla
f 6793 6794 6795 6796
f 6797 6800 6799 6798
f 6793 6797 6798 6794
f 6794 6798 6799 6795
f 6795 6799 6800 6796
f 6796 6800 6797 6793
g brazo_silla
f 6801 6802 6803 6804
f 6805 6808 6807 6806
f 6801 6805 6806 6802
f 6802 6806 6807 6803
f 6803 6807 6808 6804
f 6804 6808 6805 6801
g brazo_silla
f 6809 6810 6811 6812
f 6813 6816 6815 6814
f 6809 6813 6814 6810
f 6810 6814 6815 6811
f 6811 6815 6816 6812
f 6812 6816 6813 6809
g brazo_silla
f 6817 6818 6819 6820
f 6821 6824 6823 6822
f 6817 6821 6822 6818
f 6818 6822 6823 6819
f 6819 6823 6824 6820
f 6820 6824 6821 6817
g base_silla
f 6825 6826 6827 6828
f 6829 6832 6831 6830
f 6825 6829 6830 6826
f 6826 6830 6831 6827
f 6827 6831 6832 6828
f 6828 6832 6829 6825
g rueda_silla
f 6833 6834 6842 6841
f 6834 6835 6843 6842
f 6835 6836 6844 6843
f 6836 6837 6845 6844
f 6837 6838 6846 6845
f 6838 6839 6847 6846
f 6839 6840 6848 6847
f 6840 6833 6841 6848
f 6833 6834 6835 6836 6837 6838 6839 6840
f 6848 6847 6846 6845 6844 6843 6842 6841
g base_silla
f 6849 6850 6851 6852
f 6853 6856 6855 6854
f 6849 6853 6854 6850
f 6850 6854 6855 6851
f 6851 6855 6856 6852
f 6852 6856 6853 6849
g rueda_silla
f 6857 6858 6866 6865
f 6858 6859 6867 6866
f 6859 6860 6868 6867
f 6860 6861 6869 6868
f 6861 6862 6870 6869
f 6862 6863 6871 6870
f 6863 6864 6872 6871
f 6864 6857 6865 6872
f 6857 6858 6859 6860 6861 6862 6863 6864
f 6872 6871 6870 6869 6868 6867 6866 6865
g base_silla
f 6873 6874 6875 6876
f 6877 6880 6879 6878
f 6873 6877 6878 6874
f 6874 6878 6879 6875
f 6875 6879 6880 6876
f 6876 6880 6877 6873
g rueda_silla
f 6881 6882 6890 6889
f 6882 6883 6891 6890
f 6883 6884 6892 6891
f 6884 6885 6893 6892
f 6885 6886 6894 6893
f 6886 6887 6895 6894
f 6887 6888 6896 6895
f 6888 6881 6889 6896
f 6881 6882 6883 6884 6885 6886 6887 6888
f 6896 6895 6894 6893 6892 6891 6890 6889
g base_silla
f 6897 6898 6899 6900
f 6901 6904 6903 6902
f 6897 6901 6902 6898
f 6898 6902 6903 6899
f 6899 6903 6904 6900
f 6900 6904 6901 6897
g rueda_silla
f 6905 6906 6914 6913
f 6906 6907 6915 6914
f 6907 6908 6916 6915
f 6908 6909 6917 6916
f 6909 6910 6918 6917
f 6910 6911 6919 6918
f 6911 6912 6920 6919
f 6912 6905 6913 6920
f 6905 6906 6907 6908 6909 6910 6911 6912
f 6920 6919 6918 6917 6916 6915 6914 6913
g base_silla
f 6921 6922 6923 6924
f 6925 6928 6927 6926
f 6921 6925 6926 6922
f 6922 6926 6927 6923
f 6923 6927 6928 6924
f 6924 6928 6925 6921
g rueda_silla
f 6929 6930 6938 6937
f 6930 6931 6939 6938
f 6931 6932 6940 6939
f 6932 6933 6941 6940
f 6933 6934 6942 6941
f 6934 6935 6943 6942
f 6935 6936 6944 6943
f 6936 6929 6937 6944
f 6929 6930 6931 6932 6933 6934 6935 6936
f 6944 6943 6942 6941 6940 6939 6938 6937
g base_silla
f 6945 6946 6956 6955
f 6946 6947 6957 6956
f 6947 6948 6958 6957
f 6948 6949 6959 6958
f 6949 6950 6960 6959
f 6950 6951 6961 6960
f 6951 6952 6962 6961
f 6952 6953 6963 6962
f 6953 6954 6964 6963
f 6954 6945 6955 6964
f 6945 6946 6947 6948 6949 6950 6951 6952 6953 6954
f 6964 6963 6962 6961 6960 6959 6958 6957 6956 6955
g columna_silla
f 6965 6966 6976 6975
f 6966 6967 6977 6976
f 6967 6968 6978 6977
f 6968 6969 6979 6978
f 6969 6970 6980 6979
f 6970 6971 6981 6980
f 6971 6972 6982 6981
f 6972 6973 6983 6982
f 6973 6974 6984 6983
f 6974 6965 6975 6984
f 6965 6966 6967 6968 6969 6970 6971 6972 6973 6974
f 6984 6983 6982 6981 6980 6979 6978 6977 6976 6975
g columna_silla
f 6985 6986 6996 6995
f 6986 6987 6997 6996
f 6987 6988 6998 6997
f 6988 6989 6999 6998
f 6989 6990 7000 6999
f 6990 6991 7001 7000
f 6991 6992 7002 7001
f 6992 6993 7003 7002
f 6993 6994 7004 7003
f 6994 6985 6995 7004
f 6985 6986 6987 6988 6989 6990 6991 6992 6993 6994
f 7004 7003 7002 7001 7000 6999 6998 6997 6996 6995
g SILLA
f 7005 7006 7007 7008
f 7009 7012 7011 7010
f 7005 7009 7010 7006
f 7006 7010 7011 7007
f 7007 7011 7012 7008
f 7008 7012 7009 7005
g SILLA
f 7013 7014 7015 7016
f 7017 7020 7019 7018
f 7013 7017 7018 7014
f 7014 7018 7019 7015
f 7015 7019 7020 7016
f 7016 7020 7017 7013
g marco_silla
f 7021 7022 7023 7024
f 7025 7028 7027 7026
f 7021 7025 7026 7022
f 7022 7026 7027 7023
f 7023 7027 7028 7024
f 7024 7028 7025 7021
g marco_silla
f 7029 7030 7031 7032
f 7033 7036 7035 7034
f 7029 7033 7034 7030
f 7030 7034 7035 7031
f 7031 7035 7036 7032
f 7032 7036 7033 7029
g SILLA
f 7037 7038 7039 7040
f 7041 7044 7043 7042
f 7037 7041 7042 7038
f 7038 7042 7043 7039
f 7039 7043 7044 7040
f 7040 7044 7041 7037
g marco_silla
f 7045 7046 7047 7048
f 7049 7052 7051 7050
f 7045 7049 7050 7046
f 7046 7050 7051 7047
f 7047 7051 7052 7048
f 7048 7052 7049 7045
g marco_silla
f 7053 7054 7055 7056
f 7057 7060 7059 7058
f 7053 7057 7058 7054
f 7054 7058 7059 7055
f 7055 7059 7060 7056
f 7056 7060 7057 7053
g SILLA
f 7061 7062 7063 7064
f 7065 7068 7067 7066
f 7061 7065 7066 7062
f 7062 7066 7067 7063
f 7063 7067 7068 7064
f 7064 7068 7065 7061
g marco_silla
f 7069 7070 7071 7072
f 7073 7076 7075 7074
f 7069 7073 7074 7070
f 7070 7074 7075 7071
f 7071 7075 7076 7072
f 7072 7076 7073 7069
g marco_silla
f 7077 7078 7079 7080
f 7081 7084 7083 7082
f 7077 7081 7082 7078
f 7078 7082 7083 7079
f 7079 7083 7084 7080
f 7080 7084 7081 7077
g SILLA
f 7085 7086 7087 7088
f 7089 7092 7091 7090
f 7085 7089 7090 7086
f 7086 7090 7091 7087
f 7087 7091 7092 7088
f 7088 7092 7089 7085
g marco_silla
f 7093 7094 7095 7096
f 7097 7100 7099 7098
f 7093 7097 7098 7094
f 7094 7098 7099 7095
f 7095 7099 7100 7096
f 7096 7100 7097 7093
g marco_silla
f 7101 7102 7103 7104
f 7105 7108 7107 7106
f 7101 7105 7106 7102
f 7102 7106 7107 7103
f 7103 7107 7108 7104
f 7104 7108 7105 7101
g brazo_silla
f 7109 7110 7111 7112
f 7113 7116 7115 7114
f 7109 7113 7114 7110
f 7110 7114 7115 7111
f 7111 7115 7116 7112
f 7112 7116 7113 7109
g brazo_silla
f 7117 7118 7119 7120
f 7121 7124 7123 7122
f 7117 7121 7122 7118
f 7118 7122 7123 7119
f 7119 7123 7124 7120
f 7120 7124 7121 7117
g brazo_silla
f 7125 7126 7127 7128
f 7129 7132 7131 7130
f 7125 7129 7130 7126
f 7126 7130 7131 7127
f 7127 7131 7132 7128
f 7128 7132 7129 7125
g brazo_silla
f 7133 7134 7135 7136
f 7137 7140 7139 7138
f 7133 7137 7138 7134
f 7134 7138 7139 7135
f 7135 7139 7140 7136
f 7136 7140 7137 7133
g base_silla
f 7141 7142 7143 7144
f 7145 7148 7147 7146
f 7141 7145 7146 7142
f 7142 7146 7147 7143
f 7143 7147 7148 7144
f 7144 7148 7145 7141
g rueda_silla
f 7149 7150 7158 7157
f 7150 7151 7159 7158
f 7151 7152 7160 7159
f 7152 7153 7161 7160
f 7153 7154 7162 7161
f 7154 7155 7163 7162
f 7155 7156 7164 7163
f 7156 7149 7157 7164
f 7149 7150 7151 7152 7153 7154 7155 7156
f 7164 7163 7162 7161 7160 7159 7158 7157
g base_silla
f 7165 7166 7167 7168
f 7169 7172 7171 7170
f 7165 7169 7170 7166
f 7166 7170 7171 7167
f 7167 7171 7172 7168
f 7168 7172 7169 7165
g rueda_silla
f 7173 7174 7182 7181
f 7174 7175 7183 7182
f 7175 7176 7184 7183
f 7176 7177 7185 7184
f 7177 7178 7186 7185
f 7178 7179 7187 7186
f 7179 7180 7188 7187
f 7180 7173 7181 7188
f 7173 7174 7175 7176 7177 7178 7179 7180
f 7188 7187 7186 7185 7184 7183 7182 7181
g base_silla
f 7189 7190 7191 7192
f 7193 7196 7195 7194
f 7189 7193 7194 7190
f 7190 7194 7195 7191
f 7191 7195 7196 7192
f 7192 7196 7193 7189
g rueda_silla
f 7197 7198 7206 7205
f 7198 7199 7207 7206
f 7199 7200 7208 7207
f 7200 7201 7209 7208
f 7201 7202 7210 7209
f 7202 7203 7211 7210
f 7203 7204 7212 7211
f 7204 7197 7205 7212
f 7197 7198 7199 7200 7201 7202 7203 7204
f 7212 7211 7210 7209 7208 7207 7206 7205
g base_silla
f 7213 7214 7215 7216
f 7217 7220 7219 7218
f 7213 7217 7218 7214
f 7214 7218 7219 7215
f 7215 7219 7220 7216
f 7216 7220 7217 7213
g rueda_silla
f 7221 7222 7230 7229
f 7222 7223 7231 7230
f 7223 7224 7232 7231
f 7224 7225 7233 7232
f 7225 7226 7234 7233
f 7226 7227 7235 7234
f 7227 7228 7236 7235
f 7228 7221 7229 7236
f 7221 7222 7223 7224 7225 7226 7227 7228
f 7236 7235 7234 7233 7232 7231 7230 7229
g base_silla
f 7237 7238 7239 7240
f 7241 7244 7243 7242
f 7237 7241 7242 7238
f 7238 7242 7243 7239
f 7239 7243 7244 7240
f 7240 7244 7241 7237
g rueda_silla
f 7245 7246 7254 7253
f 7246 7247 7255 7254
f 7247 7248 7256 7255
f 7248 7249 7257 7256
f 7249 7250 7258 7257
f 7250 7251 7259 7258
f 7251 7252 7260 7259
f 7252 7245 7253 7260
f 7245 7246 7247 7248 7249 7250 7251 7252
f 7260 7259 7258 7257 7256 7255 7254 7253
g base_silla
f 7261 7262 7272 7271
f 7262 7263 7273 7272
f 7263 7264 7274 7273
f 7264 7265 7275 7274
f 7265 7266 7276 7275
f 7266 7267 7277 7276
f 7267 7268 7278 7277
f 7268 7269 7279 7278
f 7269 7270 7280 7279
f 7270 7261 7271 7280
f 7261 7262 7263 7264 7265 7266 7267 7268 7269 7270
f 7280 7279 7278 7277 7276 7275 7274 7273 7272 7271
g columna_silla
f 7281 7282 7292 7291
f 7282 7283 7293 7292
f 7283 7284 7294 7293
f 7284 7285 7295 7294
f 7285 7286 7296 7295
f 7286 7287 7297 7296
f 7287 7288 7298 7297
f 7288 7289 7299 7298
f 7289 7290 7300 7299
f 7290 7281 7291 7300
f 7281 7282 7283 7284 7285 7286 7287 7288 7289 7290
f 7300 7299 7298 7297 7296 7295 7294 7293 7292 7291
g columna_silla
f 7301 7302 7312 7311
f 7302 7303 7313 7312
f 7303 7304 7314 7313
f 7304 7305 7315 7314
f 7305 7306 7316 7315
f 7306 7307 7317 7316
f 7307 7308 7318 7317
f 7308 7309 7319 7318
f 7309 7310 7320 7319
f 7310 7301 7311 7320
f 7301 7302 7303 7304 7305 7306 7307 7308 7309 7310
f 7320 7319 7318 7317 7316 7315 7314 7313 7312 7311
g SILLA
f 7321 7322 7323 7324
f 7325 7328 7327 7326
f 7321 7325 7326 7322
f 7322 7326 7327 7323
f 7323 7327 7328 7324
f 7324 7328 7325 7321
g SILLA
f 7329 7330 7331 7332
f 7333 7336 7335 7334
f 7329 7333 7334 7330
f 7330 7334 7335 7331
f 7331 7335 7336 7332
f 7332 7336 7333 7329
g marco_silla
f 7337 7338 7339 7340
f 7341 7344 7343 7342
f 7337 7341 7342 7338
f 7338 7342 7343 7339
f 7339 7343 7344 7340
f 7340 7344 7341 7337
g marco_silla
f 7345 7346 7347 7348
f 7349 7352 7351 7350
f 7345 7349 7350 7346
f 7346 7350 7351 7347
f 7347 7351 7352 7348
f 7348 7352 7349 7345
g SILLA
f 7353 7354 7355 7356
f 7357 7360 7359 7358
f 7353 7357 7358 7354
f 7354 7358 7359 7355
f 7355 7359 7360 7356
f 7356 7360 7357 7353
g marco_silla
f 7361 7362 7363 7364
f 7365 7368 7367 7366
f 7361 7365 7366 7362
f 7362 7366 7367 7363
f 7363 7367 7368 7364
f 7364 7368 7365 7361
g marco_silla
f 7369 7370 7371 7372
f 7373 7376 7375 7374
f 7369 7373 7374 7370
f 7370 7374 7375 7371
f 7371 7375 7376 7372
f 7372 7376 7373 7369
g SILLA
f 7377 7378 7379 7380
f 7381 7384 7383 7382
f 7377 7381 7382 7378
f 7378 7382 7383 7379
f 7379 7383 7384 7380
f 7380 7384 7381 7377
g marco_silla
f 7385 7386 7387 7388
f 7389 7392 7391 7390
f 7385 7389 7390 7386
f 7386 7390 7391 7387
f 7387 7391 7392 7388
f 7388 7392 7389 7385
g marco_silla
f 7393 7394 7395 7396
f 7397 7400 7399 7398
f 7393 7397 7398 7394
f 7394 7398 7399 7395
f 7395 7399 7400 7396
f 7396 7400 7397 7393
g SILLA
f 7401 7402 7403 7404
f 7405 7408 7407 7406
f 7401 7405 7406 7402
f 7402 7406 7407 7403
f 7403 7407 7408 7404
f 7404 7408 7405 7401
g marco_silla
f 7409 7410 7411 7412
f 7413 7416 7415 7414
f 7409 7413 7414 7410
f 7410 7414 7415 7411
f 7411 7415 7416 7412
f 7412 7416 7413 7409
g marco_silla
f 7417 7418 7419 7420
f 7421 7424 7423 7422
f 7417 7421 7422 7418
f 7418 7422 7423 7419
f 7419 7423 7424 7420
f 7420 7424 7421 7417
g brazo_silla
f 7425 7426 7427 7428
f 7429 7432 7431 7430
f 7425 7429 7430 7426
f 7426 7430 7431 7427
f 7427 7431 7432 7428
f 7428 7432 7429 7425
g brazo_silla
f 7433 7434 7435 7436
f 7437 7440 7439 7438
f 7433 7437 7438 7434
f 7434 7438 7439 7435
f 7435 7439 7440 7436
f 7436 7440 7437 7433
g brazo_silla
f 7441 7442 7443 7444
f 7445 7448 7447 7446
f 7441 7445 7446 7442
f 7442 7446 7447 7443
f 7443 7447 7448 7444
f 7444 7448 7445 7441
g brazo_silla
f 7449 7450 7451 7452
f 7453 7456 7455 7454
f 7449 7453 7454 7450
f 7450 7454 7455 7451
f 7451 7455 7456 7452
f 7452 7456 7453 7449
g mesa_1pax
f 7457 7458 7459 7460
f 7461 7464 7463 7462
f 7457 7461 7462 7458
f 7458 7462 7463 7459
f 7459 7463 7464 7460
f 7460 7464 7461 7457
g pata
f 7465 7466 7467 7468
f 7469 7472 7471 7470
f 7465 7469 7470 7466
f 7466 7470 7471 7467
f 7467 7471 7472 7468
f 7468 7472 7469 7465
g pata
f 7473 7474 7475 7476
f 7477 7480 7479 7478
f 7473 7477 7478 7474
f 7474 7478 7479 7475
f 7475 7479 7480 7476
f 7476 7480 7477 7473
g pata
f 7481 7482 7483 7484
f 7485 7488 7487 7486
f 7481 7485 7486 7482
f 7482 7486 7487 7483
f 7483 7487 7488 7484
f 7484 7488 7485 7481
g pata
f 7489 7490 7491 7492
f 7493 7496 7495 7494
f 7489 7493 7494 7490
f 7490 7494 7495 7491
f 7491 7495 7496 7492
f 7492 7496 7493 7489
g base_silla
f 7497 7498 7499 7500
f 7501 7504 7503 7502
f 7497 7501 7502 7498
f 7498 7502 7503 7499
f 7499 7503 7504 7500
f 7500 7504 7501 7497
g rueda_silla
f 7505 7506 7514 7513
f 7506 7507 7515 7514
f 7507 7508 7516 7515
f 7508 7509 7517 7516
f 7509 7510 7518 7517
f 7510 7511 7519 7518
f 7511 7512 7520 7519
f 7512 7505 7513 7520
f 7505 7506 7507 7508 7509 7510 7511 7512
f 7520 7519 7518 7517 7516 7515 7514 7513
g base_silla
f 7521 7522 7523 7524
f 7525 7528 7527 7526
f 7521 7525 7526 7522
f 7522 7526 7527 7523
f 7523 7527 7528 7524
f 7524 7528 7525 7521
g rueda_silla
f 7529 7530 7538 7537
f 7530 7531 7539 7538
f 7531 7532 7540 7539
f 7532 7533 7541 7540
f 7533 7534 7542 7541
f 7534 7535 7543 7542
f 7535 7536 7544 7543
f 7536 7529 7537 7544
f 7529 7530 7531 7532 7533 7534 7535 7536
f 7544 7543 7542 7541 7540 7539 7538 7537
g base_silla
f 7545 7546 7547 7548
f 7549 7552 7551 7550
f 7545 7549 7550 7546
f 7546 7550 7551 7547
f 7547 7551 7552 7548
f 7548 7552 7549 7545
g rueda_silla
f 7553 7554 7562 7561
f 7554 7555 7563 7562
f 7555 7556 7564 7563
f 7556 7557 7565 7564
f 7557 7558 7566 7565
f 7558 7559 7567 7566
f 7559 7560 7568 7567
f 7560 7553 7561 7568
f 7553 7554 7555 7556 7557 7558 7559 7560
f 7568 7567 7566 7565 7564 7563 7562 7561
g base_silla
f 7569 7570 7571 7572
f 7573 7576 7575 7574
f 7569 7573 7574 7570
f 7570 7574 7575 7571
f 7571 7575 7576 7572
f 7572 7576 7573 7569
g rueda_silla
f 7577 7578 7586 7585
f 7578 7579 7587 7586
f 7579 7580 7588 7587
f 7580 7581 7589 7588
f 7581 7582 7590 7589
f 7582 7583 7591 7590
f 7583 7584 7592 7591
f 7584 7577 7585 7592
f 7577 7578 7579 7580 7581 7582 7583 7584
f 7592 7591 7590 7589 7588 7587 7586 7585
g base_silla
f 7593 7594 7595 7596
f 7597 7600 7599 7598
f 7593 7597 7598 7594
f 7594 7598 7599 7595
f 7595 7599 7600 7596
f 7596 7600 7597 7593
g rueda_silla
f 7601 7602 7610 7609
f 7602 7603 7611 7610
f 7603 7604 7612 7611
f 7604 7605 7613 7612
f 7605 7606 7614 7613
f 7606 7607 7615 7614
f 7607 7608 7616 7615
f 7608 7601 7609 7616
f 7601 7602 7603 7604 7605 7606 7607 7608
f 7616 7615 7614 7613 7612 7611 7610 7609
g base_silla
f 7617 7618 7628 7627
f 7618 7619 7629 7628
f 7619 7620 7630 7629
f 7620 7621 7631 7630
f 7621 7622 7632 7631
f 7622 7623 7633 7632
f 7623 7624 7634 7633
f 7624 7625 7635 7634
f 7625 7626 7636 7635
f 7626 7617 7627 7636
f 7617 7618 7619 7620 7621 7622 7623 7624 7625 7626
f 7636 7635 7634 7633 7632 7631 7630 7629 7628 7627
g columna_silla
f 7637 7638 7648 7647
f 7638 7639 7649 7648
f 7639 7640 7650 7649
f 7640 7641 7651 7650
f 7641 7642 7652 7651
f 7642 7643 7653 7652
f 7643 7644 7654 7653
f 7644 7645 7655 7654
f 7645 7646 7656 7655
f 7646 7637 7647 7656
f 7637 7638 7639 7640 7641 7642 7643 7644 7645 7646
f 7656 7655 7654 7653 7652 7651 7650 7649 7648 7647
g columna_silla
f 7657 7658 7668 7667
f 7658 7659 7669 7668
f 7659 7660 7670 7669
f 7660 7661 7671 7670
f 7661 7662 7672 7671
f 7662 7663 7673 7672
f 7663 7664 7674 7673
f 7664 7665 7675 7674
f 7665 7666 7676 7675
f 7666 7657 7667 7676
f 7657 7658 7659 7660 7661 7662 7663 7664 7665 7666
f 7676 7675 7674 7673 7672 7671 7670 7669 7668 7667
g SILLA
f 7677 7678 7679 7680
f 7681 7684 7683 7682
f 7677 7681 7682 7678
f 7678 7682 7683 7679
f 7679 7683 7684 7680
f 7680 7684 7681 7677
g SILLA
f 7685 7686 7687 7688
f 7689 7692 7691 7690
f 7685 7689 7690 7686
f 7686 7690 7691 7687
f 7687 7691 7692 7688
f 7688 7692 7689 7685
g marco_silla
f 7693 7694 7695 7696
f 7697 7700 7699 7698
f 7693 7697 7698 7694
f 7694 7698 7699 7695
f 7695 7699 7700 7696
f 7696 7700 7697 7693
g marco_silla
f 7701 7702 7703 7704
f 7705 7708 7707 7706
f 7701 7705 7706 7702
f 7702 7706 7707 7703
f 7703 7707 7708 7704
f 7704 7708 7705 7701
g SILLA
f 7709 7710 7711 7712
f 7713 7716 7715 7714
f 7709 7713 7714 7710
f 7710 7714 7715 7711
f 7711 7715 7716 7712
f 7712 7716 7713 7709
g marco_silla
f 7717 7718 7719 7720
f 7721 7724 7723 7722
f 7717 7721 7722 7718
f 7718 7722 7723 7719
f 7719 7723 7724 7720
f 7720 7724 7721 7717
g marco_silla
f 7725 7726 7727 7728
f 7729 7732 7731 7730
f 7725 7729 7730 7726
f 7726 7730 7731 7727
f 7727 7731 7732 7728
f 7728 7732 7729 7725
g SILLA
f 7733 7734 7735 7736
f 7737 7740 7739 7738
f 7733 7737 7738 7734
f 7734 7738 7739 7735
f 7735 7739 7740 7736
f 7736 7740 7737 7733
g marco_silla
f 7741 7742 7743 7744
f 7745 7748 7747 7746
f 7741 7745 7746 7742
f 7742 7746 7747 7743
f 7743 7747 7748 7744
f 7744 7748 7745 7741
g marco_silla
f 7749 7750 7751 7752
f 7753 7756 7755 7754
f 7749 7753 7754 7750
f 7750 7754 7755 7751
f 7751 7755 7756 7752
f 7752 7756 7753 7749
g SILLA
f 7757 7758 7759 7760
f 7761 7764 7763 7762
f 7757 7761 7762 7758
f 7758 7762 7763 7759
f 7759 7763 7764 7760
f 7760 7764 7761 7757
g marco_silla
f 7765 7766 7767 7768
f 7769 7772 7771 7770
f 7765 7769 7770 7766
f 7766 7770 7771 7767
f 7767 7771 7772 7768
f 7768 7772 7769 7765
g marco_silla
f 7773 7774 7775 7776
f 7777 7780 7779 7778
f 7773 7777 7778 7774
f 7774 7778 7779 7775
f 7775 7779 7780 7776
f 7776 7780 7777 7773
g brazo_silla
f 7781 7782 7783 7784
f 7785 7788 7787 7786
f 7781 7785 7786 7782
f 7782 7786 7787 7783
f 7783 7787 7788 7784
f 7784 7788 7785 7781
g brazo_silla
f 7789 7790 7791 7792
f 7793 7796 7795 7794
f 7789 7793 7794 7790
f 7790 7794 7795 7791
f 7791 7795 7796 7792
f 7792 7796 7793 7789
g brazo_silla
f 7797 7798 7799 7800
f 7801 7804 7803 7802
f 7797 7801 7802 7798
f 7798 7802 7803 7799
f 7799 7803 7804 7800
f 7800 7804 7801 7797
g brazo_silla
f 7805 7806 7807 7808
f 7809 7812 7811 7810
f 7805 7809 7810 7806
f 7806 7810 7811 7807
f 7807 7811 7812 7808
f 7808 7812 7809 7805
g barra_muro_2pax
f 7813 7814 7815 7816
f 7817 7820 7819 7818
f 7813 7817 7818 7814
f 7814 7818 7819 7815
f 7815 7819 7820 7816
f 7816 7820 7817 7813
g pata
f 7821 7822 7823 7824
f 7825 7828 7827 7826
f 7821 7825 7826 7822
f 7822 7826 7827 7823
f 7823 7827 7828 7824
f 7824 7828 7825 7821
g pata
f 7829 7830 7831 7832
f 7833 7836 7835 7834
f 7829 7833 7834 7830
f 7830 7834 7835 7831
f 7831 7835 7836 7832
f 7832 7836 7833 7829
g pata
f 7837 7838 7839 7840
f 7841 7844 7843 7842
f 7837 7841 7842 7838
f 7838 7842 7843 7839
f 7839 7843 7844 7840
f 7840 7844 7841 7837
g pata
f 7845 7846 7847 7848
f 7849 7852 7851 7850
f 7845 7849 7850 7846
f 7846 7850 7851 7847
f 7847 7851 7852 7848
f 7848 7852 7849 7845
g base_silla
f 7853 7854 7855 7856
f 7857 7860 7859 7858
f 7853 7857 7858 7854
f 7854 7858 7859 7855
f 7855 7859 7860 7856
f 7856 7860 7857 7853
g rueda_silla
f 7861 7862 7870 7869
f 7862 7863 7871 7870
f 7863 7864 7872 7871
f 7864 7865 7873 7872
f 7865 7866 7874 7873
f 7866 7867 7875 7874
f 7867 7868 7876 7875
f 7868 7861 7869 7876
f 7861 7862 7863 7864 7865 7866 7867 7868
f 7876 7875 7874 7873 7872 7871 7870 7869
g base_silla
f 7877 7878 7879 7880
f 7881 7884 7883 7882
f 7877 7881 7882 7878
f 7878 7882 7883 7879
f 7879 7883 7884 7880
f 7880 7884 7881 7877
g rueda_silla
f 7885 7886 7894 7893
f 7886 7887 7895 7894
f 7887 7888 7896 7895
f 7888 7889 7897 7896
f 7889 7890 7898 7897
f 7890 7891 7899 7898
f 7891 7892 7900 7899
f 7892 7885 7893 7900
f 7885 7886 7887 7888 7889 7890 7891 7892
f 7900 7899 7898 7897 7896 7895 7894 7893
g base_silla
f 7901 7902 7903 7904
f 7905 7908 7907 7906
f 7901 7905 7906 7902
f 7902 7906 7907 7903
f 7903 7907 7908 7904
f 7904 7908 7905 7901
g rueda_silla
f 7909 7910 7918 7917
f 7910 7911 7919 7918
f 7911 7912 7920 7919
f 7912 7913 7921 7920
f 7913 7914 7922 7921
f 7914 7915 7923 7922
f 7915 7916 7924 7923
f 7916 7909 7917 7924
f 7909 7910 7911 7912 7913 7914 7915 7916
f 7924 7923 7922 7921 7920 7919 7918 7917
g base_silla
f 7925 7926 7927 7928
f 7929 7932 7931 7930
f 7925 7929 7930 7926
f 7926 7930 7931 7927
f 7927 7931 7932 7928
f 7928 7932 7929 7925
g rueda_silla
f 7933 7934 7942 7941
f 7934 7935 7943 7942
f 7935 7936 7944 7943
f 7936 7937 7945 7944
f 7937 7938 7946 7945
f 7938 7939 7947 7946
f 7939 7940 7948 7947
f 7940 7933 7941 7948
f 7933 7934 7935 7936 7937 7938 7939 7940
f 7948 7947 7946 7945 7944 7943 7942 7941
g base_silla
f 7949 7950 7951 7952
f 7953 7956 7955 7954
f 7949 7953 7954 7950
f 7950 7954 7955 7951
f 7951 7955 7956 7952
f 7952 7956 7953 7949
g rueda_silla
f 7957 7958 7966 7965
f 7958 7959 7967 7966
f 7959 7960 7968 7967
f 7960 7961 7969 7968
f 7961 7962 7970 7969
f 7962 7963 7971 7970
f 7963 7964 7972 7971
f 7964 7957 7965 7972
f 7957 7958 7959 7960 7961 7962 7963 7964
f 7972 7971 7970 7969 7968 7967 7966 7965
g base_silla
f 7973 7974 7984 7983
f 7974 7975 7985 7984
f 7975 7976 7986 7985
f 7976 7977 7987 7986
f 7977 7978 7988 7987
f 7978 7979 7989 7988
f 7979 7980 7990 7989
f 7980 7981 7991 7990
f 7981 7982 7992 7991
f 7982 7973 7983 7992
f 7973 7974 7975 7976 7977 7978 7979 7980 7981 7982
f 7992 7991 7990 7989 7988 7987 7986 7985 7984 7983
g columna_silla
f 7993 7994 8004 8003
f 7994 7995 8005 8004
f 7995 7996 8006 8005
f 7996 7997 8007 8006
f 7997 7998 8008 8007
f 7998 7999 8009 8008
f 7999 8000 8010 8009
f 8000 8001 8011 8010
f 8001 8002 8012 8011
f 8002 7993 8003 8012
f 7993 7994 7995 7996 7997 7998 7999 8000 8001 8002
f 8012 8011 8010 8009 8008 8007 8006 8005 8004 8003
g columna_silla
f 8013 8014 8024 8023
f 8014 8015 8025 8024
f 8015 8016 8026 8025
f 8016 8017 8027 8026
f 8017 8018 8028 8027
f 8018 8019 8029 8028
f 8019 8020 8030 8029
f 8020 8021 8031 8030
f 8021 8022 8032 8031
f 8022 8013 8023 8032
f 8013 8014 8015 8016 8017 8018 8019 8020 8021 8022
f 8032 8031 8030 8029 8028 8027 8026 8025 8024 8023
g SILLA
f 8033 8034 8035 8036
f 8037 8040 8039 8038
f 8033 8037 8038 8034
f 8034 8038 8039 8035
f 8035 8039 8040 8036
f 8036 8040 8037 8033
g SILLA
f 8041 8042 8043 8044
f 8045 8048 8047 8046
f 8041 8045 8046 8042
f 8042 8046 8047 8043
f 8043 8047 8048 8044
f 8044 8048 8045 8041
g marco_silla
f 8049 8050 8051 8052
f 8053 8056 8055 8054
f 8049 8053 8054 8050
f 8050 8054 8055 8051
f 8051 8055 8056 8052
f 8052 8056 8053 8049
g marco_silla
f 8057 8058 8059 8060
f 8061 8064 8063 8062
f 8057 8061 8062 8058
f 8058 8062 8063 8059
f 8059 8063 8064 8060
f 8060 8064 8061 8057
g SILLA
f 8065 8066 8067 8068
f 8069 8072 8071 8070
f 8065 8069 8070 8066
f 8066 8070 8071 8067
f 8067 8071 8072 8068
f 8068 8072 8069 8065
g marco_silla
f 8073 8074 8075 8076
f 8077 8080 8079 8078
f 8073 8077 8078 8074
f 8074 8078 8079 8075
f 8075 8079 8080 8076
f 8076 8080 8077 8073
g marco_silla
f 8081 8082 8083 8084
f 8085 8088 8087 8086
f 8081 8085 8086 8082
f 8082 8086 8087 8083
f 8083 8087 8088 8084
f 8084 8088 8085 8081
g SILLA
f 8089 8090 8091 8092
f 8093 8096 8095 8094
f 8089 8093 8094 8090
f 8090 8094 8095 8091
f 8091 8095 8096 8092
f 8092 8096 8093 8089
g marco_silla
f 8097 8098 8099 8100
f 8101 8104 8103 8102
f 8097 8101 8102 8098
f 8098 8102 8103 8099
f 8099 8103 8104 8100
f 8100 8104 8101 8097
g marco_silla
f 8105 8106 8107 8108
f 8109 8112 8111 8110
f 8105 8109 8110 8106
f 8106 8110 8111 8107
f 8107 8111 8112 8108
f 8108 8112 8109 8105
g SILLA
f 8113 8114 8115 8116
f 8117 8120 8119 8118
f 8113 8117 8118 8114
f 8114 8118 8119 8115
f 8115 8119 8120 8116
f 8116 8120 8117 8113
g marco_silla
f 8121 8122 8123 8124
f 8125 8128 8127 8126
f 8121 8125 8126 8122
f 8122 8126 8127 8123
f 8123 8127 8128 8124
f 8124 8128 8125 8121
g marco_silla
f 8129 8130 8131 8132
f 8133 8136 8135 8134
f 8129 8133 8134 8130
f 8130 8134 8135 8131
f 8131 8135 8136 8132
f 8132 8136 8133 8129
g brazo_silla
f 8137 8138 8139 8140
f 8141 8144 8143 8142
f 8137 8141 8142 8138
f 8138 8142 8143 8139
f 8139 8143 8144 8140
f 8140 8144 8141 8137
g brazo_silla
f 8145 8146 8147 8148
f 8149 8152 8151 8150
f 8145 8149 8150 8146
f 8146 8150 8151 8147
f 8147 8151 8152 8148
f 8148 8152 8149 8145
g brazo_silla
f 8153 8154 8155 8156
f 8157 8160 8159 8158
f 8153 8157 8158 8154
f 8154 8158 8159 8155
f 8155 8159 8160 8156
f 8156 8160 8157 8153
g brazo_silla
f 8161 8162 8163 8164
f 8165 8168 8167 8166
f 8161 8165 8166 8162
f 8162 8166 8167 8163
f 8163 8167 8168 8164
f 8164 8168 8165 8161
g base_silla
f 8169 8170 8171 8172
f 8173 8176 8175 8174
f 8169 8173 8174 8170
f 8170 8174 8175 8171
f 8171 8175 8176 8172
f 8172 8176 8173 8169
g rueda_silla
f 8177 8178 8186 8185
f 8178 8179 8187 8186
f 8179 8180 8188 8187
f 8180 8181 8189 8188
f 8181 8182 8190 8189
f 8182 8183 8191 8190
f 8183 8184 8192 8191
f 8184 8177 8185 8192
f 8177 8178 8179 8180 8181 8182 8183 8184
f 8192 8191 8190 8189 8188 8187 8186 8185
g base_silla
f 8193 8194 8195 8196
f 8197 8200 8199 8198
f 8193 8197 8198 8194
f 8194 8198 8199 8195
f 8195 8199 8200 8196
f 8196 8200 8197 8193
g rueda_silla
f 8201 8202 8210 8209
f 8202 8203 8211 8210
f 8203 8204 8212 8211
f 8204 8205 8213 8212
f 8205 8206 8214 8213
f 8206 8207 8215 8214
f 8207 8208 8216 8215
f 8208 8201 8209 8216
f 8201 8202 8203 8204 8205 8206 8207 8208
f 8216 8215 8214 8213 8212 8211 8210 8209
g base_silla
f 8217 8218 8219 8220
f 8221 8224 8223 8222
f 8217 8221 8222 8218
f 8218 8222 8223 8219
f 8219 8223 8224 8220
f 8220 8224 8221 8217
g rueda_silla
f 8225 8226 8234 8233
f 8226 8227 8235 8234
f 8227 8228 8236 8235
f 8228 8229 8237 8236
f 8229 8230 8238 8237
f 8230 8231 8239 8238
f 8231 8232 8240 8239
f 8232 8225 8233 8240
f 8225 8226 8227 8228 8229 8230 8231 8232
f 8240 8239 8238 8237 8236 8235 8234 8233
g base_silla
f 8241 8242 8243 8244
f 8245 8248 8247 8246
f 8241 8245 8246 8242
f 8242 8246 8247 8243
f 8243 8247 8248 8244
f 8244 8248 8245 8241
g rueda_silla
f 8249 8250 8258 8257
f 8250 8251 8259 8258
f 8251 8252 8260 8259
f 8252 8253 8261 8260
f 8253 8254 8262 8261
f 8254 8255 8263 8262
f 8255 8256 8264 8263
f 8256 8249 8257 8264
f 8249 8250 8251 8252 8253 8254 8255 8256
f 8264 8263 8262 8261 8260 8259 8258 8257
g base_silla
f 8265 8266 8267 8268
f 8269 8272 8271 8270
f 8265 8269 8270 8266
f 8266 8270 8271 8267
f 8267 8271 8272 8268
f 8268 8272 8269 8265
g rueda_silla
f 8273 8274 8282 8281
f 8274 8275 8283 8282
f 8275 8276 8284 8283
f 8276 8277 8285 8284
f 8277 8278 8286 8285
f 8278 8279 8287 8286
f 8279 8280 8288 8287
f 8280 8273 8281 8288
f 8273 8274 8275 8276 8277 8278 8279 8280
f 8288 8287 8286 8285 8284 8283 8282 8281
g base_silla
f 8289 8290 8300 8299
f 8290 8291 8301 8300
f 8291 8292 8302 8301
f 8292 8293 8303 8302
f 8293 8294 8304 8303
f 8294 8295 8305 8304
f 8295 8296 8306 8305
f 8296 8297 8307 8306
f 8297 8298 8308 8307
f 8298 8289 8299 8308
f 8289 8290 8291 8292 8293 8294 8295 8296 8297 8298
f 8308 8307 8306 8305 8304 8303 8302 8301 8300 8299
g columna_silla
f 8309 8310 8320 8319
f 8310 8311 8321 8320
f 8311 8312 8322 8321
f 8312 8313 8323 8322
f 8313 8314 8324 8323
f 8314 8315 8325 8324
f 8315 8316 8326 8325
f 8316 8317 8327 8326
f 8317 8318 8328 8327
f 8318 8309 8319 8328
f 8309 8310 8311 8312 8313 8314 8315 8316 8317 8318
f 8328 8327 8326 8325 8324 8323 8322 8321 8320 8319
g columna_silla
f 8329 8330 8340 8339
f 8330 8331 8341 8340
f 8331 8332 8342 8341
f 8332 8333 8343 8342
f 8333 8334 8344 8343
f 8334 8335 8345 8344
f 8335 8336 8346 8345
f 8336 8337 8347 8346
f 8337 8338 8348 8347
f 8338 8329 8339 8348
f 8329 8330 8331 8332 8333 8334 8335 8336 8337 8338
f 8348 8347 8346 8345 8344 8343 8342 8341 8340 8339
g SILLA
f 8349 8350 8351 8352
f 8353 8356 8355 8354
f 8349 8353 8354 8350
f 8350 8354 8355 8351
f 8351 8355 8356 8352
f 8352 8356 8353 8349
g SILLA
f 8357 8358 8359 8360
f 8361 8364 8363 8362
f 8357 8361 8362 8358
f 8358 8362 8363 8359
f 8359 8363 8364 8360
f 8360 8364 8361 8357
g marco_silla
f 8365 8366 8367 8368
f 8369 8372 8371 8370
f 8365 8369 8370 8366
f 8366 8370 8371 8367
f 8367 8371 8372 8368
f 8368 8372 8369 8365
g marco_silla
f 8373 8374 8375 8376
f 8377 8380 8379 8378
f 8373 8377 8378 8374
f 8374 8378 8379 8375
f 8375 8379 8380 8376
f 8376 8380 8377 8373
g SILLA
f 8381 8382 8383 8384
f 8385 8388 8387 8386
f 8381 8385 8386 8382
f 8382 8386 8387 8383
f 8383 8387 8388 8384
f 8384 8388 8385 8381
g marco_silla
f 8389 8390 8391 8392
f 8393 8396 8395 8394
f 8389 8393 8394 8390
f 8390 8394 8395 8391
f 8391 8395 8396 8392
f 8392 8396 8393 8389
g marco_silla
f 8397 8398 8399 8400
f 8401 8404 8403 8402
f 8397 8401 8402 8398
f 8398 8402 8403 8399
f 8399 8403 8404 8400
f 8400 8404 8401 8397
g SILLA
f 8405 8406 8407 8408
f 8409 8412 8411 8410
f 8405 8409 8410 8406
f 8406 8410 8411 8407
f 8407 8411 8412 8408
f 8408 8412 8409 8405
g marco_silla
f 8413 8414 8415 8416
f 8417 8420 8419 8418
f 8413 8417 8418 8414
f 8414 8418 8419 8415
f 8415 8419 8420 8416
f 8416 8420 8417 8413
g marco_silla
f 8421 8422 8423 8424
f 8425 8428 8427 8426
f 8421 8425 8426 8422
f 8422 8426 8427 8423
f 8423 8427 8428 8424
f 8424 8428 8425 8421
g SILLA
f 8429 8430 8431 8432
f 8433 8436 8435 8434
f 8429 8433 8434 8430
f 8430 8434 8435 8431
f 8431 8435 8436 8432
f 8432 8436 8433 8429
g marco_silla
f 8437 8438 8439 8440
f 8441 8444 8443 8442
f 8437 8441 8442 8438
f 8438 8442 8443 8439
f 8439 8443 8444 8440
f 8440 8444 8441 8437
g marco_silla
f 8445 8446 8447 8448
f 8449 8452 8451 8450
f 8445 8449 8450 8446
f 8446 8450 8451 8447
f 8447 8451 8452 8448
f 8448 8452 8449 8445
g brazo_silla
f 8453 8454 8455 8456
f 8457 8460 8459 8458
f 8453 8457 8458 8454
f 8454 8458 8459 8455
f 8455 8459 8460 8456
f 8456 8460 8457 8453
g brazo_silla
f 8461 8462 8463 8464
f 8465 8468 8467 8466
f 8461 8465 8466 8462
f 8462 8466 8467 8463
f 8463 8467 8468 8464
f 8464 8468 8465 8461
g brazo_silla
f 8469 8470 8471 8472
f 8473 8476 8475 8474
f 8469 8473 8474 8470
f 8470 8474 8475 8471
f 8471 8475 8476 8472
f 8472 8476 8473 8469
g brazo_silla
f 8477 8478 8479 8480
f 8481 8484 8483 8482
f 8477 8481 8482 8478
f 8478 8482 8483 8479
f 8479 8483 8484 8480
f 8480 8484 8481 8477
g barra_muro_3pax
f 8485 8486 8487 8488
f 8489 8492 8491 8490
f 8485 8489 8490 8486
f 8486 8490 8491 8487
f 8487 8491 8492 8488
f 8488 8492 8489 8485
g pata
f 8493 8494 8495 8496
f 8497 8500 8499 8498
f 8493 8497 8498 8494
f 8494 8498 8499 8495
f 8495 8499 8500 8496
f 8496 8500 8497 8493
g pata
f 8501 8502 8503 8504
f 8505 8508 8507 8506
f 8501 8505 8506 8502
f 8502 8506 8507 8503
f 8503 8507 8508 8504
f 8504 8508 8505 8501
g pata
f 8509 8510 8511 8512
f 8513 8516 8515 8514
f 8509 8513 8514 8510
f 8510 8514 8515 8511
f 8511 8515 8516 8512
f 8512 8516 8513 8509
g pata
f 8517 8518 8519 8520
f 8521 8524 8523 8522
f 8517 8521 8522 8518
f 8518 8522 8523 8519
f 8519 8523 8524 8520
f 8520 8524 8521 8517
g base_silla
f 8525 8526 8527 8528
f 8529 8532 8531 8530
f 8525 8529 8530 8526
f 8526 8530 8531 8527
f 8527 8531 8532 8528
f 8528 8532 8529 8525
g rueda_silla
f 8533 8534 8542 8541
f 8534 8535 8543 8542
f 8535 8536 8544 8543
f 8536 8537 8545 8544
f 8537 8538 8546 8545
f 8538 8539 8547 8546
f 8539 8540 8548 8547
f 8540 8533 8541 8548
f 8533 8534 8535 8536 8537 8538 8539 8540
f 8548 8547 8546 8545 8544 8543 8542 8541
g base_silla
f 8549 8550 8551 8552
f 8553 8556 8555 8554
f 8549 8553 8554 8550
f 8550 8554 8555 8551
f 8551 8555 8556 8552
f 8552 8556 8553 8549
g rueda_silla
f 8557 8558 8566 8565
f 8558 8559 8567 8566
f 8559 8560 8568 8567
f 8560 8561 8569 8568
f 8561 8562 8570 8569
f 8562 8563 8571 8570
f 8563 8564 8572 8571
f 8564 8557 8565 8572
f 8557 8558 8559 8560 8561 8562 8563 8564
f 8572 8571 8570 8569 8568 8567 8566 8565
g base_silla
f 8573 8574 8575 8576
f 8577 8580 8579 8578
f 8573 8577 8578 8574
f 8574 8578 8579 8575
f 8575 8579 8580 8576
f 8576 8580 8577 8573
g rueda_silla
f 8581 8582 8590 8589
f 8582 8583 8591 8590
f 8583 8584 8592 8591
f 8584 8585 8593 8592
f 8585 8586 8594 8593
f 8586 8587 8595 8594
f 8587 8588 8596 8595
f 8588 8581 8589 8596
f 8581 8582 8583 8584 8585 8586 8587 8588
f 8596 8595 8594 8593 8592 8591 8590 8589
g base_silla
f 8597 8598 8599 8600
f 8601 8604 8603 8602
f 8597 8601 8602 8598
f 8598 8602 8603 8599
f 8599 8603 8604 8600
f 8600 8604 8601 8597
g rueda_silla
f 8605 8606 8614 8613
f 8606 8607 8615 8614
f 8607 8608 8616 8615
f 8608 8609 8617 8616
f 8609 8610 8618 8617
f 8610 8611 8619 8618
f 8611 8612 8620 8619
f 8612 8605 8613 8620
f 8605 8606 8607 8608 8609 8610 8611 8612
f 8620 8619 8618 8617 8616 8615 8614 8613
g base_silla
f 8621 8622 8623 8624
f 8625 8628 8627 8626
f 8621 8625 8626 8622
f 8622 8626 8627 8623
f 8623 8627 8628 8624
f 8624 8628 8625 8621
g rueda_silla
f 8629 8630 8638 8637
f 8630 8631 8639 8638
f 8631 8632 8640 8639
f 8632 8633 8641 8640
f 8633 8634 8642 8641
f 8634 8635 8643 8642
f 8635 8636 8644 8643
f 8636 8629 8637 8644
f 8629 8630 8631 8632 8633 8634 8635 8636
f 8644 8643 8642 8641 8640 8639 8638 8637
g base_silla
f 8645 8646 8656 8655
f 8646 8647 8657 8656
f 8647 8648 8658 8657
f 8648 8649 8659 8658
f 8649 8650 8660 8659
f 8650 8651 8661 8660
f 8651 8652 8662 8661
f 8652 8653 8663 8662
f 8653 8654 8664 8663
f 8654 8645 8655 8664
f 8645 8646 8647 8648 8649 8650 8651 8652 8653 8654
f 8664 8663 8662 8661 8660 8659 8658 8657 8656 8655
g columna_silla
f 8665 8666 8676 8675
f 8666 8667 8677 8676
f 8667 8668 8678 8677
f 8668 8669 8679 8678
f 8669 8670 8680 8679
f 8670 8671 8681 8680
f 8671 8672 8682 8681
f 8672 8673 8683 8682
f 8673 8674 8684 8683
f 8674 8665 8675 8684
f 8665 8666 8667 8668 8669 8670 8671 8672 8673 8674
f 8684 8683 8682 8681 8680 8679 8678 8677 8676 8675
g columna_silla
f 8685 8686 8696 8695
f 8686 8687 8697 8696
f 8687 8688 8698 8697
f 8688 8689 8699 8698
f 8689 8690 8700 8699
f 8690 8691 8701 8700
f 8691 8692 8702 8701
f 8692 8693 8703 8702
f 8693 8694 8704 8703
f 8694 8685 8695 8704
f 8685 8686 8687 8688 8689 8690 8691 8692 8693 8694
f 8704 8703 8702 8701 8700 8699 8698 8697 8696 8695
g SILLA
f 8705 8706 8707 8708
f 8709 8712 8711 8710
f 8705 8709 8710 8706
f 8706 8710 8711 8707
f 8707 8711 8712 8708
f 8708 8712 8709 8705
g SILLA
f 8713 8714 8715 8716
f 8717 8720 8719 8718
f 8713 8717 8718 8714
f 8714 8718 8719 8715
f 8715 8719 8720 8716
f 8716 8720 8717 8713
g marco_silla
f 8721 8722 8723 8724
f 8725 8728 8727 8726
f 8721 8725 8726 8722
f 8722 8726 8727 8723
f 8723 8727 8728 8724
f 8724 8728 8725 8721
g marco_silla
f 8729 8730 8731 8732
f 8733 8736 8735 8734
f 8729 8733 8734 8730
f 8730 8734 8735 8731
f 8731 8735 8736 8732
f 8732 8736 8733 8729
g SILLA
f 8737 8738 8739 8740
f 8741 8744 8743 8742
f 8737 8741 8742 8738
f 8738 8742 8743 8739
f 8739 8743 8744 8740
f 8740 8744 8741 8737
g marco_silla
f 8745 8746 8747 8748
f 8749 8752 8751 8750
f 8745 8749 8750 8746
f 8746 8750 8751 8747
f 8747 8751 8752 8748
f 8748 8752 8749 8745
g marco_silla
f 8753 8754 8755 8756
f 8757 8760 8759 8758
f 8753 8757 8758 8754
f 8754 8758 8759 8755
f 8755 8759 8760 8756
f 8756 8760 8757 8753
g SILLA
f 8761 8762 8763 8764
f 8765 8768 8767 8766
f 8761 8765 8766 8762
f 8762 8766 8767 8763
f 8763 8767 8768 8764
f 8764 8768 8765 8761
g marco_silla
f 8769 8770 8771 8772
f 8773 8776 8775 8774
f 8769 8773 8774 8770
f 8770 8774 8775 8771
f 8771 8775 8776 8772
f 8772 8776 8773 8769
g marco_silla
f 8777 8778 8779 8780
f 8781 8784 8783 8782
f 8777 8781 8782 8778
f 8778 8782 8783 8779
f 8779 8783 8784 8780
f 8780 8784 8781 8777
g SILLA
f 8785 8786 8787 8788
f 8789 8792 8791 8790
f 8785 8789 8790 8786
f 8786 8790 8791 8787
f 8787 8791 8792 8788
f 8788 8792 8789 8785
g marco_silla
f 8793 8794 8795 8796
f 8797 8800 8799 8798
f 8793 8797 8798 8794
f 8794 8798 8799 8795
f 8795 8799 8800 8796
f 8796 8800 8797 8793
g marco_silla
f 8801 8802 8803 8804
f 8805 8808 8807 8806
f 8801 8805 8806 8802
f 8802 8806 8807 8803
f 8803 8807 8808 8804
f 8804 8808 8805 8801
g brazo_silla
f 8809 8810 8811 8812
f 8813 8816 8815 8814
f 8809 8813 8814 8810
f 8810 8814 8815 8811
f 8811 8815 8816 8812
f 8812 8816 8813 8809
g brazo_silla
f 8817 8818 8819 8820
f 8821 8824 8823 8822
f 8817 8821 8822 8818
f 8818 8822 8823 8819
f 8819 8823 8824 8820
f 8820 8824 8821 8817
g brazo_silla
f 8825 8826 8827 8828
f 8829 8832 8831 8830
f 8825 8829 8830 8826
f 8826 8830 8831 8827
f 8827 8831 8832 8828
f 8828 8832 8829 8825
g brazo_silla
f 8833 8834 8835 8836
f 8837 8840 8839 8838
f 8833 8837 8838 8834
f 8834 8838 8839 8835
f 8835 8839 8840 8836
f 8836 8840 8837 8833
g base_silla
f 8841 8842 8843 8844
f 8845 8848 8847 8846
f 8841 8845 8846 8842
f 8842 8846 8847 8843
f 8843 8847 8848 8844
f 8844 8848 8845 8841
g rueda_silla
f 8849 8850 8858 8857
f 8850 8851 8859 8858
f 8851 8852 8860 8859
f 8852 8853 8861 8860
f 8853 8854 8862 8861
f 8854 8855 8863 8862
f 8855 8856 8864 8863
f 8856 8849 8857 8864
f 8849 8850 8851 8852 8853 8854 8855 8856
f 8864 8863 8862 8861 8860 8859 8858 8857
g base_silla
f 8865 8866 8867 8868
f 8869 8872 8871 8870
f 8865 8869 8870 8866
f 8866 8870 8871 8867
f 8867 8871 8872 8868
f 8868 8872 8869 8865
g rueda_silla
f 8873 8874 8882 8881
f 8874 8875 8883 8882
f 8875 8876 8884 8883
f 8876 8877 8885 8884
f 8877 8878 8886 8885
f 8878 8879 8887 8886
f 8879 8880 8888 8887
f 8880 8873 8881 8888
f 8873 8874 8875 8876 8877 8878 8879 8880
f 8888 8887 8886 8885 8884 8883 8882 8881
g base_silla
f 8889 8890 8891 8892
f 8893 8896 8895 8894
f 8889 8893 8894 8890
f 8890 8894 8895 8891
f 8891 8895 8896 8892
f 8892 8896 8893 8889
g rueda_silla
f 8897 8898 8906 8905
f 8898 8899 8907 8906
f 8899 8900 8908 8907
f 8900 8901 8909 8908
f 8901 8902 8910 8909
f 8902 8903 8911 8910
f 8903 8904 8912 8911
f 8904 8897 8905 8912
f 8897 8898 8899 8900 8901 8902 8903 8904
f 8912 8911 8910 8909 8908 8907 8906 8905
g base_silla
f 8913 8914 8915 8916
f 8917 8920 8919 8918
f 8913 8917 8918 8914
f 8914 8918 8919 8915
f 8915 8919 8920 8916
f 8916 8920 8917 8913
g rueda_silla
f 8921 8922 8930 8929
f 8922 8923 8931 8930
f 8923 8924 8932 8931
f 8924 8925 8933 8932
f 8925 8926 8934 8933
f 8926 8927 8935 8934
f 8927 8928 8936 8935
f 8928 8921 8929 8936
f 8921 8922 8923 8924 8925 8926 8927 8928
f 8936 8935 8934 8933 8932 8931 8930 8929
g base_silla
f 8937 8938 8939 8940
f 8941 8944 8943 8942
f 8937 8941 8942 8938
f 8938 8942 8943 8939
f 8939 8943 8944 8940
f 8940 8944 8941 8937
g rueda_silla
f 8945 8946 8954 8953
f 8946 8947 8955 8954
f 8947 8948 8956 8955
f 8948 8949 8957 8956
f 8949 8950 8958 8957
f 8950 8951 8959 8958
f 8951 8952 8960 8959
f 8952 8945 8953 8960
f 8945 8946 8947 8948 8949 8950 8951 8952
f 8960 8959 8958 8957 8956 8955 8954 8953
g base_silla
f 8961 8962 8972 8971
f 8962 8963 8973 8972
f 8963 8964 8974 8973
f 8964 8965 8975 8974
f 8965 8966 8976 8975
f 8966 8967 8977 8976
f 8967 8968 8978 8977
f 8968 8969 8979 8978
f 8969 8970 8980 8979
f 8970 8961 8971 8980
f 8961 8962 8963 8964 8965 8966 8967 8968 8969 8970
f 8980 8979 8978 8977 8976 8975 8974 8973 8972 8971
g columna_silla
f 8981 8982 8992 8991
f 8982 8983 8993 8992
f 8983 8984 8994 8993
f 8984 8985 8995 8994
f 8985 8986 8996 8995
f 8986 8987 8997 8996
f 8987 8988 8998 8997
f 8988 8989 8999 8998
f 8989 8990 9000 8999
f 8990 8981 8991 9000
f 8981 8982 8983 8984 8985 8986 8987 8988 8989 8990
f 9000 8999 8998 8997 8996 8995 8994 8993 8992 8991
g columna_silla
f 9001 9002 9012 9011
f 9002 9003 9013 9012
f 9003 9004 9014 9013
f 9004 9005 9015 9014
f 9005 9006 9016 9015
f 9006 9007 9017 9016
f 9007 9008 9018 9017
f 9008 9009 9019 9018
f 9009 9010 9020 9019
f 9010 9001 9011 9020
f 9001 9002 9003 9004 9005 9006 9007 9008 9009 9010
f 9020 9019 9018 9017 9016 9015 9014 9013 9012 9011
g SILLA
f 9021 9022 9023 9024
f 9025 9028 9027 9026
f 9021 9025 9026 9022
f 9022 9026 9027 9023
f 9023 9027 9028 9024
f 9024 9028 9025 9021
g SILLA
f 9029 9030 9031 9032
f 9033 9036 9035 9034
f 9029 9033 9034 9030
f 9030 9034 9035 9031
f 9031 9035 9036 9032
f 9032 9036 9033 9029
g marco_silla
f 9037 9038 9039 9040
f 9041 9044 9043 9042
f 9037 9041 9042 9038
f 9038 9042 9043 9039
f 9039 9043 9044 9040
f 9040 9044 9041 9037
g marco_silla
f 9045 9046 9047 9048
f 9049 9052 9051 9050
f 9045 9049 9050 9046
f 9046 9050 9051 9047
f 9047 9051 9052 9048
f 9048 9052 9049 9045
g SILLA
f 9053 9054 9055 9056
f 9057 9060 9059 9058
f 9053 9057 9058 9054
f 9054 9058 9059 9055
f 9055 9059 9060 9056
f 9056 9060 9057 9053
g marco_silla
f 9061 9062 9063 9064
f 9065 9068 9067 9066
f 9061 9065 9066 9062
f 9062 9066 9067 9063
f 9063 9067 9068 9064
f 9064 9068 9065 9061
g marco_silla
f 9069 9070 9071 9072
f 9073 9076 9075 9074
f 9069 9073 9074 9070
f 9070 9074 9075 9071
f 9071 9075 9076 9072
f 9072 9076 9073 9069
g SILLA
f 9077 9078 9079 9080
f 9081 9084 9083 9082
f 9077 9081 9082 9078
f 9078 9082 9083 9079
f 9079 9083 9084 9080
f 9080 9084 9081 9077
g marco_silla
f 9085 9086 9087 9088
f 9089 9092 9091 9090
f 9085 9089 9090 9086
f 9086 9090 9091 9087
f 9087 9091 9092 9088
f 9088 9092 9089 9085
g marco_silla
f 9093 9094 9095 9096
f 9097 9100 9099 9098
f 9093 9097 9098 9094
f 9094 9098 9099 9095
f 9095 9099 9100 9096
f 9096 9100 9097 9093
g SILLA
f 9101 9102 9103 9104
f 9105 9108 9107 9106
f 9101 9105 9106 9102
f 9102 9106 9107 9103
f 9103 9107 9108 9104
f 9104 9108 9105 9101
g marco_silla
f 9109 9110 9111 9112
f 9113 9116 9115 9114
f 9109 9113 9114 9110
f 9110 9114 9115 9111
f 9111 9115 9116 9112
f 9112 9116 9113 9109
g marco_silla
f 9117 9118 9119 9120
f 9121 9124 9123 9122
f 9117 9121 9122 9118
f 9118 9122 9123 9119
f 9119 9123 9124 9120
f 9120 9124 9121 9117
g brazo_silla
f 9125 9126 9127 9128
f 9129 9132 9131 9130
f 9125 9129 9130 9126
f 9126 9130 9131 9127
f 9127 9131 9132 9128
f 9128 9132 9129 9125
g brazo_silla
f 9133 9134 9135 9136
f 9137 9140 9139 9138
f 9133 9137 9138 9134
f 9134 9138 9139 9135
f 9135 9139 9140 9136
f 9136 9140 9137 9133
g brazo_silla
f 9141 9142 9143 9144
f 9145 9148 9147 9146
f 9141 9145 9146 9142
f 9142 9146 9147 9143
f 9143 9147 9148 9144
f 9144 9148 9145 9141
g brazo_silla
f 9149 9150 9151 9152
f 9153 9156 9155 9154
f 9149 9153 9154 9150
f 9150 9154 9155 9151
f 9151 9155 9156 9152
f 9152 9156 9153 9149
g base_silla
f 9157 9158 9159 9160
f 9161 9164 9163 9162
f 9157 9161 9162 9158
f 9158 9162 9163 9159
f 9159 9163 9164 9160
f 9160 9164 9161 9157
g rueda_silla
f 9165 9166 9174 9173
f 9166 9167 9175 9174
f 9167 9168 9176 9175
f 9168 9169 9177 9176
f 9169 9170 9178 9177
f 9170 9171 9179 9178
f 9171 9172 9180 9179
f 9172 9165 9173 9180
f 9165 9166 9167 9168 9169 9170 9171 9172
f 9180 9179 9178 9177 9176 9175 9174 9173
g base_silla
f 9181 9182 9183 9184
f 9185 9188 9187 9186
f 9181 9185 9186 9182
f 9182 9186 9187 9183
f 9183 9187 9188 9184
f 9184 9188 9185 9181
g rueda_silla
f 9189 9190 9198 9197
f 9190 9191 9199 9198
f 9191 9192 9200 9199
f 9192 9193 9201 9200
f 9193 9194 9202 9201
f 9194 9195 9203 9202
f 9195 9196 9204 9203
f 9196 9189 9197 9204
f 9189 9190 9191 9192 9193 9194 9195 9196
f 9204 9203 9202 9201 9200 9199 9198 9197
g base_silla
f 9205 9206 9207 9208
f 9209 9212 9211 9210
f 9205 9209 9210 9206
f 9206 9210 9211 9207
f 9207 9211 9212 9208
f 9208 9212 9209 9205
g rueda_silla
f 9213 9214 9222 9221
f 9214 9215 9223 9222
f 9215 9216 9224 9223
f 9216 9217 9225 9224
f 9217 9218 9226 9225
f 9218 9219 9227 9226
f 9219 9220 9228 9227
f 9220 9213 9221 9228
f 9213 9214 9215 9216 9217 9218 9219 9220
f 9228 9227 9226 9225 9224 9223 9222 9221
g base_silla
f 9229 9230 9231 9232
f 9233 9236 9235 9234
f 9229 9233 9234 9230
f 9230 9234 9235 9231
f 9231 9235 9236 9232
f 9232 9236 9233 9229
g rueda_silla
f 9237 9238 9246 9245
f 9238 9239 9247 9246
f 9239 9240 9248 9247
f 9240 9241 9249 9248
f 9241 9242 9250 9249
f 9242 9243 9251 9250
f 9243 9244 9252 9251
f 9244 9237 9245 9252
f 9237 9238 9239 9240 9241 9242 9243 9244
f 9252 9251 9250 9249 9248 9247 9246 9245
g base_silla
f 9253 9254 9255 9256
f 9257 9260 9259 9258
f 9253 9257 9258 9254
f 9254 9258 9259 9255
f 9255 9259 9260 9256
f 9256 9260 9257 9253
g rueda_silla
f 9261 9262 9270 9269
f 9262 9263 9271 9270
f 9263 9264 9272 9271
f 9264 9265 9273 9272
f 9265 9266 9274 9273
f 9266 9267 9275 9274
f 9267 9268 9276 9275
f 9268 9261 9269 9276
f 9261 9262 9263 9264 9265 9266 9267 9268
f 9276 9275 9274 9273 9272 9271 9270 9269
g base_silla
f 9277 9278 9288 9287
f 9278 9279 9289 9288
f 9279 9280 9290 9289
f 9280 9281 9291 9290
f 9281 9282 9292 9291
f 9282 9283 9293 9292
f 9283 9284 9294 9293
f 9284 9285 9295 9294
f 9285 9286 9296 9295
f 9286 9277 9287 9296
f 9277 9278 9279 9280 9281 9282 9283 9284 9285 9286
f 9296 9295 9294 9293 9292 9291 9290 9289 9288 9287
g columna_silla
f 9297 9298 9308 9307
f 9298 9299 9309 9308
f 9299 9300 9310 9309
f 9300 9301 9311 9310
f 9301 9302 9312 9311
f 9302 9303 9313 9312
f 9303 9304 9314 9313
f 9304 9305 9315 9314
f 9305 9306 9316 9315
f 9306 9297 9307 9316
f 9297 9298 9299 9300 9301 9302 9303 9304 9305 9306
f 9316 9315 9314 9313 9312 9311 9310 9309 9308 9307
g columna_silla
f 9317 9318 9328 9327
f 9318 9319 9329 9328
f 9319 9320 9330 9329
f 9320 9321 9331 9330
f 9321 9322 9332 9331
f 9322 9323 9333 9332
f 9323 9324 9334 9333
f 9324 9325 9335 9334
f 9325 9326 9336 9335
f 9326 9317 9327 9336
f 9317 9318 9319 9320 9321 9322 9323 9324 9325 9326
f 9336 9335 9334 9333 9332 9331 9330 9329 9328 9327
g SILLA
f 9337 9338 9339 9340
f 9341 9344 9343 9342
f 9337 9341 9342 9338
f 9338 9342 9343 9339
f 9339 9343 9344 9340
f 9340 9344 9341 9337
g SILLA
f 9345 9346 9347 9348
f 9349 9352 9351 9350
f 9345 9349 9350 9346
f 9346 9350 9351 9347
f 9347 9351 9352 9348
f 9348 9352 9349 9345
g marco_silla
f 9353 9354 9355 9356
f 9357 9360 9359 9358
f 9353 9357 9358 9354
f 9354 9358 9359 9355
f 9355 9359 9360 9356
f 9356 9360 9357 9353
g marco_silla
f 9361 9362 9363 9364
f 9365 9368 9367 9366
f 9361 9365 9366 9362
f 9362 9366 9367 9363
f 9363 9367 9368 9364
f 9364 9368 9365 9361
g SILLA
f 9369 9370 9371 9372
f 9373 9376 9375 9374
f 9369 9373 9374 9370
f 9370 9374 9375 9371
f 9371 9375 9376 9372
f 9372 9376 9373 9369
g marco_silla
f 9377 9378 9379 9380
f 9381 9384 9383 9382
f 9377 9381 9382 9378
f 9378 9382 9383 9379
f 9379 9383 9384 9380
f 9380 9384 9381 9377
g marco_silla
f 9385 9386 9387 9388
f 9389 9392 9391 9390
f 9385 9389 9390 9386
f 9386 9390 9391 9387
f 9387 9391 9392 9388
f 9388 9392 9389 9385
g SILLA
f 9393 9394 9395 9396
f 9397 9400 9399 9398
f 9393 9397 9398 9394
f 9394 9398 9399 9395
f 9395 9399 9400 9396
f 9396 9400 9397 9393
g marco_silla
f 9401 9402 9403 9404
f 9405 9408 9407 9406
f 9401 9405 9406 9402
f 9402 9406 9407 9403
f 9403 9407 9408 9404
f 9404 9408 9405 9401
g marco_silla
f 9409 9410 9411 9412
f 9413 9416 9415 9414
f 9409 9413 9414 9410
f 9410 9414 9415 9411
f 9411 9415 9416 9412
f 9412 9416 9413 9409
g SILLA
f 9417 9418 9419 9420
f 9421 9424 9423 9422
f 9417 9421 9422 9418
f 9418 9422 9423 9419
f 9419 9423 9424 9420
f 9420 9424 9421 9417
g marco_silla
f 9425 9426 9427 9428
f 9429 9432 9431 9430
f 9425 9429 9430 9426
f 9426 9430 9431 9427
f 9427 9431 9432 9428
f 9428 9432 9429 9425
g marco_silla
f 9433 9434 9435 9436
f 9437 9440 9439 9438
f 9433 9437 9438 9434
f 9434 9438 9439 9435
f 9435 9439 9440 9436
f 9436 9440 9437 9433
g brazo_silla
f 9441 9442 9443 9444
f 9445 9448 9447 9446
f 9441 9445 9446 9442
f 9442 9446 9447 9443
f 9443 9447 9448 9444
f 9444 9448 9445 9441
g brazo_silla
f 9449 9450 9451 9452
f 9453 9456 9455 9454
f 9449 9453 9454 9450
f 9450 9454 9455 9451
f 9451 9455 9456 9452
f 9452 9456 9453 9449
g brazo_silla
f 9457 9458 9459 9460
f 9461 9464 9463 9462
f 9457 9461 9462 9458
f 9458 9462 9463 9459
f 9459 9463 9464 9460
f 9460 9464 9461 9457
g brazo_silla
f 9465 9466 9467 9468
f 9469 9472 9471 9470
f 9465 9469 9470 9466
f 9466 9470 9471 9467
f 9467 9471 9472 9468
f 9468 9472 9469 9465
g mesa_reuniones_10pax
f 9473 9474 9475 9476
f 9477 9480 9479 9478
f 9473 9477 9478 9474
f 9474 9478 9479 9475
f 9475 9479 9480 9476
f 9476 9480 9477 9473
g pata
f 9481 9482 9483 9484
f 9485 9488 9487 9486
f 9481 9485 9486 9482
f 9482 9486 9487 9483
f 9483 9487 9488 9484
f 9484 9488 9485 9481
g pata
f 9489 9490 9491 9492
f 9493 9496 9495 9494
f 9489 9493 9494 9490
f 9490 9494 9495 9491
f 9491 9495 9496 9492
f 9492 9496 9493 9489
g pata
f 9497 9498 9499 9500
f 9501 9504 9503 9502
f 9497 9501 9502 9498
f 9498 9502 9503 9499
f 9499 9503 9504 9500
f 9500 9504 9501 9497
g pata
f 9505 9506 9507 9508
f 9509 9512 9511 9510
f 9505 9509 9510 9506
f 9506 9510 9511 9507
f 9507 9511 9512 9508
f 9508 9512 9509 9505
g base_silla
f 9513 9514 9515 9516
f 9517 9520 9519 9518
f 9513 9517 9518 9514
f 9514 9518 9519 9515
f 9515 9519 9520 9516
f 9516 9520 9517 9513
g rueda_silla
f 9521 9522 9530 9529
f 9522 9523 9531 9530
f 9523 9524 9532 9531
f 9524 9525 9533 9532
f 9525 9526 9534 9533
f 9526 9527 9535 9534
f 9527 9528 9536 9535
f 9528 9521 9529 9536
f 9521 9522 9523 9524 9525 9526 9527 9528
f 9536 9535 9534 9533 9532 9531 9530 9529
g base_silla
f 9537 9538 9539 9540
f 9541 9544 9543 9542
f 9537 9541 9542 9538
f 9538 9542 9543 9539
f 9539 9543 9544 9540
f 9540 9544 9541 9537
g rueda_silla
f 9545 9546 9554 9553
f 9546 9547 9555 9554
f 9547 9548 9556 9555
f 9548 9549 9557 9556
f 9549 9550 9558 9557
f 9550 9551 9559 9558
f 9551 9552 9560 9559
f 9552 9545 9553 9560
f 9545 9546 9547 9548 9549 9550 9551 9552
f 9560 9559 9558 9557 9556 9555 9554 9553
g base_silla
f 9561 9562 9563 9564
f 9565 9568 9567 9566
f 9561 9565 9566 9562
f 9562 9566 9567 9563
f 9563 9567 9568 9564
f 9564 9568 9565 9561
g rueda_silla
f 9569 9570 9578 9577
f 9570 9571 9579 9578
f 9571 9572 9580 9579
f 9572 9573 9581 9580
f 9573 9574 9582 9581
f 9574 9575 9583 9582
f 9575 9576 9584 9583
f 9576 9569 9577 9584
f 9569 9570 9571 9572 9573 9574 9575 9576
f 9584 9583 9582 9581 9580 9579 9578 9577
g base_silla
f 9585 9586 9587 9588
f 9589 9592 9591 9590
f 9585 9589 9590 9586
f 9586 9590 9591 9587
f 9587 9591 9592 9588
f 9588 9592 9589 9585
g rueda_silla
f 9593 9594 9602 9601
f 9594 9595 9603 9602
f 9595 9596 9604 9603
f 9596 9597 9605 9604
f 9597 9598 9606 9605
f 9598 9599 9607 9606
f 9599 9600 9608 9607
f 9600 9593 9601 9608
f 9593 9594 9595 9596 9597 9598 9599 9600
f 9608 9607 9606 9605 9604 9603 9602 9601
g base_silla
f 9609 9610 9611 9612
f 9613 9616 9615 9614
f 9609 9613 9614 9610
f 9610 9614 9615 9611
f 9611 9615 9616 9612
f 9612 9616 9613 9609
g rueda_silla
f 9617 9618 9626 9625
f 9618 9619 9627 9626
f 9619 9620 9628 9627
f 9620 9621 9629 9628
f 9621 9622 9630 9629
f 9622 9623 9631 9630
f 9623 9624 9632 9631
f 9624 9617 9625 9632
f 9617 9618 9619 9620 9621 9622 9623 9624
f 9632 9631 9630 9629 9628 9627 9626 9625
g base_silla
f 9633 9634 9644 9643
f 9634 9635 9645 9644
f 9635 9636 9646 9645
f 9636 9637 9647 9646
f 9637 9638 9648 9647
f 9638 9639 9649 9648
f 9639 9640 9650 9649
f 9640 9641 9651 9650
f 9641 9642 9652 9651
f 9642 9633 9643 9652
f 9633 9634 9635 9636 9637 9638 9639 9640 9641 9642
f 9652 9651 9650 9649 9648 9647 9646 9645 9644 9643
g columna_silla
f 9653 9654 9664 9663
f 9654 9655 9665 9664
f 9655 9656 9666 9665
f 9656 9657 9667 9666
f 9657 9658 9668 9667
f 9658 9659 9669 9668
f 9659 9660 9670 9669
f 9660 9661 9671 9670
f 9661 9662 9672 9671
f 9662 9653 9663 9672
f 9653 9654 9655 9656 9657 9658 9659 9660 9661 9662
f 9672 9671 9670 9669 9668 9667 9666 9665 9664 9663
g columna_silla
f 9673 9674 9684 9683
f 9674 9675 9685 9684
f 9675 9676 9686 9685
f 9676 9677 9687 9686
f 9677 9678 9688 9687
f 9678 9679 9689 9688
f 9679 9680 9690 9689
f 9680 9681 9691 9690
f 9681 9682 9692 9691
f 9682 9673 9683 9692
f 9673 9674 9675 9676 9677 9678 9679 9680 9681 9682
f 9692 9691 9690 9689 9688 9687 9686 9685 9684 9683
g SILLA
f 9693 9694 9695 9696
f 9697 9700 9699 9698
f 9693 9697 9698 9694
f 9694 9698 9699 9695
f 9695 9699 9700 9696
f 9696 9700 9697 9693
g SILLA
f 9701 9702 9703 9704
f 9705 9708 9707 9706
f 9701 9705 9706 9702
f 9702 9706 9707 9703
f 9703 9707 9708 9704
f 9704 9708 9705 9701
g marco_silla
f 9709 9710 9711 9712
f 9713 9716 9715 9714
f 9709 9713 9714 9710
f 9710 9714 9715 9711
f 9711 9715 9716 9712
f 9712 9716 9713 9709
g marco_silla
f 9717 9718 9719 9720
f 9721 9724 9723 9722
f 9717 9721 9722 9718
f 9718 9722 9723 9719
f 9719 9723 9724 9720
f 9720 9724 9721 9717
g SILLA
f 9725 9726 9727 9728
f 9729 9732 9731 9730
f 9725 9729 9730 9726
f 9726 9730 9731 9727
f 9727 9731 9732 9728
f 9728 9732 9729 9725
g marco_silla
f 9733 9734 9735 9736
f 9737 9740 9739 9738
f 9733 9737 9738 9734
f 9734 9738 9739 9735
f 9735 9739 9740 9736
f 9736 9740 9737 9733
g marco_silla
f 9741 9742 9743 9744
f 9745 9748 9747 9746
f 9741 9745 9746 9742
f 9742 9746 9747 9743
f 9743 9747 9748 9744
f 9744 9748 9745 9741
g SILLA
f 9749 9750 9751 9752
f 9753 9756 9755 9754
f 9749 9753 9754 9750
f 9750 9754 9755 9751
f 9751 9755 9756 9752
f 9752 9756 9753 9749
g marco_silla
f 9757 9758 9759 9760
f 9761 9764 9763 9762
f 9757 9761 9762 9758
f 9758 9762 9763 9759
f 9759 9763 9764 9760
f 9760 9764 9761 9757
g marco_silla
f 9765 9766 9767 9768
f 9769 9772 9771 9770
f 9765 9769 9770 9766
f 9766 9770 9771 9767
f 9767 9771 9772 9768
f 9768 9772 9769 9765
g SILLA
f 9773 9774 9775 9776
f 9777 9780 9779 9778
f 9773 9777 9778 9774
f 9774 9778 9779 9775
f 9775 9779 9780 9776
f 9776 9780 9777 9773
g marco_silla
f 9781 9782 9783 9784
f 9785 9788 9787 9786
f 9781 9785 9786 9782
f 9782 9786 9787 9783
f 9783 9787 9788 9784
f 9784 9788 9785 9781
g marco_silla
f 9789 9790 9791 9792
f 9793 9796 9795 9794
f 9789 9793 9794 9790
f 9790 9794 9795 9791
f 9791 9795 9796 9792
f 9792 9796 9793 9789
g brazo_silla
f 9797 9798 9799 9800
f 9801 9804 9803 9802
f 9797 9801 9802 9798
f 9798 9802 9803 9799
f 9799 9803 9804 9800
f 9800 9804 9801 9797
g brazo_silla
f 9805 9806 9807 9808
f 9809 9812 9811 9810
f 9805 9809 9810 9806
f 9806 9810 9811 9807
f 9807 9811 9812 9808
f 9808 9812 9809 9805
g brazo_silla
f 9813 9814 9815 9816
f 9817 9820 9819 9818
f 9813 9817 9818 9814
f 9814 9818 9819 9815
f 9815 9819 9820 9816
f 9816 9820 9817 9813
g brazo_silla
f 9821 9822 9823 9824
f 9825 9828 9827 9826
f 9821 9825 9826 9822
f 9822 9826 9827 9823
f 9823 9827 9828 9824
f 9824 9828 9825 9821
g base_silla
f 9829 9830 9831 9832
f 9833 9836 9835 9834
f 9829 9833 9834 9830
f 9830 9834 9835 9831
f 9831 9835 9836 9832
f 9832 9836 9833 9829
g rueda_silla
f 9837 9838 9846 9845
f 9838 9839 9847 9846
f 9839 9840 9848 9847
f 9840 9841 9849 9848
f 9841 9842 9850 9849
f 9842 9843 9851 9850
f 9843 9844 9852 9851
f 9844 9837 9845 9852
f 9837 9838 9839 9840 9841 9842 9843 9844
f 9852 9851 9850 9849 9848 9847 9846 9845
g base_silla
f 9853 9854 9855 9856
f 9857 9860 9859 9858
f 9853 9857 9858 9854
f 9854 9858 9859 9855
f 9855 9859 9860 9856
f 9856 9860 9857 9853
g rueda_silla
f 9861 9862 9870 9869
f 9862 9863 9871 9870
f 9863 9864 9872 9871
f 9864 9865 9873 9872
f 9865 9866 9874 9873
f 9866 9867 9875 9874
f 9867 9868 9876 9875
f 9868 9861 9869 9876
f 9861 9862 9863 9864 9865 9866 9867 9868
f 9876 9875 9874 9873 9872 9871 9870 9869
g base_silla
f 9877 9878 9879 9880
f 9881 9884 9883 9882
f 9877 9881 9882 9878
f 9878 9882 9883 9879
f 9879 9883 9884 9880
f 9880 9884 9881 9877
g rueda_silla
f 9885 9886 9894 9893
f 9886 9887 9895 9894
f 9887 9888 9896 9895
f 9888 9889 9897 9896
f 9889 9890 9898 9897
f 9890 9891 9899 9898
f 9891 9892 9900 9899
f 9892 9885 9893 9900
f 9885 9886 9887 9888 9889 9890 9891 9892
f 9900 9899 9898 9897 9896 9895 9894 9893
g base_silla
f 9901 9902 9903 9904
f 9905 9908 9907 9906
f 9901 9905 9906 9902
f 9902 9906 9907 9903
f 9903 9907 9908 9904
f 9904 9908 9905 9901
g rueda_silla
f 9909 9910 9918 9917
f 9910 9911 9919 9918
f 9911 9912 9920 9919
f 9912 9913 9921 9920
f 9913 9914 9922 9921
f 9914 9915 9923 9922
f 9915 9916 9924 9923
f 9916 9909 9917 9924
f 9909 9910 9911 9912 9913 9914 9915 9916
f 9924 9923 9922 9921 9920 9919 9918 9917
g base_silla
f 9925 9926 9927 9928
f 9929 9932 9931 9930
f 9925 9929 9930 9926
f 9926 9930 9931 9927
f 9927 9931 9932 9928
f 9928 9932 9929 9925
g rueda_silla
f 9933 9934 9942 9941
f 9934 9935 9943 9942
f 9935 9936 9944 9943
f 9936 9937 9945 9944
f 9937 9938 9946 9945
f 9938 9939 9947 9946
f 9939 9940 9948 9947
f 9940 9933 9941 9948
f 9933 9934 9935 9936 9937 9938 9939 9940
f 9948 9947 9946 9945 9944 9943 9942 9941
g base_silla
f 9949 9950 9960 9959
f 9950 9951 9961 9960
f 9951 9952 9962 9961
f 9952 9953 9963 9962
f 9953 9954 9964 9963
f 9954 9955 9965 9964
f 9955 9956 9966 9965
f 9956 9957 9967 9966
f 9957 9958 9968 9967
f 9958 9949 9959 9968
f 9949 9950 9951 9952 9953 9954 9955 9956 9957 9958
f 9968 9967 9966 9965 9964 9963 9962 9961 9960 9959
g columna_silla
f 9969 9970 9980 9979
f 9970 9971 9981 9980
f 9971 9972 9982 9981
f 9972 9973 9983 9982
f 9973 9974 9984 9983
f 9974 9975 9985 9984
f 9975 9976 9986 9985
f 9976 9977 9987 9986
f 9977 9978 9988 9987
f 9978 9969 9979 9988
f 9969 9970 9971 9972 9973 9974 9975 9976 9977 9978
f 9988 9987 9986 9985 9984 9983 9982 9981 9980 9979
g columna_silla
f 9989 9990 10000 9999
f 9990 9991 10001 10000
f 9991 9992 10002 10001
f 9992 9993 10003 10002
f 9993 9994 10004 10003
f 9994 9995 10005 10004
f 9995 9996 10006 10005
f 9996 9997 10007 10006
f 9997 9998 10008 10007
f 9998 9989 9999 10008
f 9989 9990 9991 9992 9993 9994 9995 9996 9997 9998
f 10008 10007 10006 10005 10004 10003 10002 10001 10000 9999
g SILLA
f 10009 10010 10011 10012
f 10013 10016 10015 10014
f 10009 10013 10014 10010
f 10010 10014 10015 10011
f 10011 10015 10016 10012
f 10012 10016 10013 10009
g SILLA
f 10017 10018 10019 10020
f 10021 10024 10023 10022
f 10017 10021 10022 10018
f 10018 10022 10023 10019
f 10019 10023 10024 10020
f 10020 10024 10021 10017
g marco_silla
f 10025 10026 10027 10028
f 10029 10032 10031 10030
f 10025 10029 10030 10026
f 10026 10030 10031 10027
f 10027 10031 10032 10028
f 10028 10032 10029 10025
g marco_silla
f 10033 10034 10035 10036
f 10037 10040 10039 10038
f 10033 10037 10038 10034
f 10034 10038 10039 10035
f 10035 10039 10040 10036
f 10036 10040 10037 10033
g SILLA
f 10041 10042 10043 10044
f 10045 10048 10047 10046
f 10041 10045 10046 10042
f 10042 10046 10047 10043
f 10043 10047 10048 10044
f 10044 10048 10045 10041
g marco_silla
f 10049 10050 10051 10052
f 10053 10056 10055 10054
f 10049 10053 10054 10050
f 10050 10054 10055 10051
f 10051 10055 10056 10052
f 10052 10056 10053 10049
g marco_silla
f 10057 10058 10059 10060
f 10061 10064 10063 10062
f 10057 10061 10062 10058
f 10058 10062 10063 10059
f 10059 10063 10064 10060
f 10060 10064 10061 10057
g SILLA
f 10065 10066 10067 10068
f 10069 10072 10071 10070
f 10065 10069 10070 10066
f 10066 10070 10071 10067
f 10067 10071 10072 10068
f 10068 10072 10069 10065
g marco_silla
f 10073 10074 10075 10076
f 10077 10080 10079 10078
f 10073 10077 10078 10074
f 10074 10078 10079 10075
f 10075 10079 10080 10076
f 10076 10080 10077 10073
g marco_silla
f 10081 10082 10083 10084
f 10085 10088 10087 10086
f 10081 10085 10086 10082
f 10082 10086 10087 10083
f 10083 10087 10088 10084
f 10084 10088 10085 10081
g SILLA
f 10089 10090 10091 10092
f 10093 10096 10095 10094
f 10089 10093 10094 10090
f 10090 10094 10095 10091
f 10091 10095 10096 10092
f 10092 10096 10093 10089
g marco_silla
f 10097 10098 10099 10100
f 10101 10104 10103 10102
f 10097 10101 10102 10098
f 10098 10102 10103 10099
f 10099 10103 10104 10100
f 10100 10104 10101 10097
g marco_silla
f 10105 10106 10107 10108
f 10109 10112 10111 10110
f 10105 10109 10110 10106
f 10106 10110 10111 10107
f 10107 10111 10112 10108
f 10108 10112 10109 10105
g brazo_silla
f 10113 10114 10115 10116
f 10117 10120 10119 10118
f 10113 10117 10118 10114
f 10114 10118 10119 10115
f 10115 10119 10120 10116
f 10116 10120 10117 10113
g brazo_silla
f 10121 10122 10123 10124
f 10125 10128 10127 10126
f 10121 10125 10126 10122
f 10122 10126 10127 10123
f 10123 10127 10128 10124
f 10124 10128 10125 10121
g brazo_silla
f 10129 10130 10131 10132
f 10133 10136 10135 10134
f 10129 10133 10134 10130
f 10130 10134 10135 10131
f 10131 10135 10136 10132
f 10132 10136 10133 10129
g brazo_silla
f 10137 10138 10139 10140
f 10141 10144 10143 10142
f 10137 10141 10142 10138
f 10138 10142 10143 10139
f 10139 10143 10144 10140
f 10140 10144 10141 10137
g base_silla
f 10145 10146 10147 10148
f 10149 10152 10151 10150
f 10145 10149 10150 10146
f 10146 10150 10151 10147
f 10147 10151 10152 10148
f 10148 10152 10149 10145
g rueda_silla
f 10153 10154 10162 10161
f 10154 10155 10163 10162
f 10155 10156 10164 10163
f 10156 10157 10165 10164
f 10157 10158 10166 10165
f 10158 10159 10167 10166
f 10159 10160 10168 10167
f 10160 10153 10161 10168
f 10153 10154 10155 10156 10157 10158 10159 10160
f 10168 10167 10166 10165 10164 10163 10162 10161
g base_silla
f 10169 10170 10171 10172
f 10173 10176 10175 10174
f 10169 10173 10174 10170
f 10170 10174 10175 10171
f 10171 10175 10176 10172
f 10172 10176 10173 10169
g rueda_silla
f 10177 10178 10186 10185
f 10178 10179 10187 10186
f 10179 10180 10188 10187
f 10180 10181 10189 10188
f 10181 10182 10190 10189
f 10182 10183 10191 10190
f 10183 10184 10192 10191
f 10184 10177 10185 10192
f 10177 10178 10179 10180 10181 10182 10183 10184
f 10192 10191 10190 10189 10188 10187 10186 10185
g base_silla
f 10193 10194 10195 10196
f 10197 10200 10199 10198
f 10193 10197 10198 10194
f 10194 10198 10199 10195
f 10195 10199 10200 10196
f 10196 10200 10197 10193
g rueda_silla
f 10201 10202 10210 10209
f 10202 10203 10211 10210
f 10203 10204 10212 10211
f 10204 10205 10213 10212
f 10205 10206 10214 10213
f 10206 10207 10215 10214
f 10207 10208 10216 10215
f 10208 10201 10209 10216
f 10201 10202 10203 10204 10205 10206 10207 10208
f 10216 10215 10214 10213 10212 10211 10210 10209
g base_silla
f 10217 10218 10219 10220
f 10221 10224 10223 10222
f 10217 10221 10222 10218
f 10218 10222 10223 10219
f 10219 10223 10224 10220
f 10220 10224 10221 10217
g rueda_silla
f 10225 10226 10234 10233
f 10226 10227 10235 10234
f 10227 10228 10236 10235
f 10228 10229 10237 10236
f 10229 10230 10238 10237
f 10230 10231 10239 10238
f 10231 10232 10240 10239
f 10232 10225 10233 10240
f 10225 10226 10227 10228 10229 10230 10231 10232
f 10240 10239 10238 10237 10236 10235 10234 10233
g base_silla
f 10241 10242 10243 10244
f 10245 10248 10247 10246
f 10241 10245 10246 10242
f 10242 10246 10247 10243
f 10243 10247 10248 10244
f 10244 10248 10245 10241
g rueda_silla
f 10249 10250 10258 10257
f 10250 10251 10259 10258
f 10251 10252 10260 10259
f 10252 10253 10261 10260
f 10253 10254 10262 10261
f 10254 10255 10263 10262
f 10255 10256 10264 10263
f 10256 10249 10257 10264
f 10249 10250 10251 10252 10253 10254 10255 10256
f 10264 10263 10262 10261 10260 10259 10258 10257
g base_silla
f 10265 10266 10276 10275
f 10266 10267 10277 10276
f 10267 10268 10278 10277
f 10268 10269 10279 10278
f 10269 10270 10280 10279
f 10270 10271 10281 10280
f 10271 10272 10282 10281
f 10272 10273 10283 10282
f 10273 10274 10284 10283
f 10274 10265 10275 10284
f 10265 10266 10267 10268 10269 10270 10271 10272 10273 10274
f 10284 10283 10282 10281 10280 10279 10278 10277 10276 10275
g columna_silla
f 10285 10286 10296 10295
f 10286 10287 10297 10296
f 10287 10288 10298 10297
f 10288 10289 10299 10298
f 10289 10290 10300 10299
f 10290 10291 10301 10300
f 10291 10292 10302 10301
f 10292 10293 10303 10302
f 10293 10294 10304 10303
f 10294 10285 10295 10304
f 10285 10286 10287 10288 10289 10290 10291 10292 10293 10294
f 10304 10303 10302 10301 10300 10299 10298 10297 10296 10295
g columna_silla
f 10305 10306 10316 10315
f 10306 10307 10317 10316
f 10307 10308 10318 10317
f 10308 10309 10319 10318
f 10309 10310 10320 10319
f 10310 10311 10321 10320
f 10311 10312 10322 10321
f 10312 10313 10323 10322
f 10313 10314 10324 10323
f 10314 10305 10315 10324
f 10305 10306 10307 10308 10309 10310 10311 10312 10313 10314
f 10324 10323 10322 10321 10320 10319 10318 10317 10316 10315
g SILLA
f 10325 10326 10327 10328
f 10329 10332 10331 10330
f 10325 10329 10330 10326
f 10326 10330 10331 10327
f 10327 10331 10332 10328
f 10328 10332 10329 10325
g SILLA
f 10333 10334 10335 10336
f 10337 10340 10339 10338
f 10333 10337 10338 10334
f 10334 10338 10339 10335
f 10335 10339 10340 10336
f 10336 10340 10337 10333
g marco_silla
f 10341 10342 10343 10344
f 10345 10348 10347 10346
f 10341 10345 10346 10342
f 10342 10346 10347 10343
f 10343 10347 10348 10344
f 10344 10348 10345 10341
g marco_silla
f 10349 10350 10351 10352
f 10353 10356 10355 10354
f 10349 10353 10354 10350
f 10350 10354 10355 10351
f 10351 10355 10356 10352
f 10352 10356 10353 10349
g SILLA
f 10357 10358 10359 10360
f 10361 10364 10363 10362
f 10357 10361 10362 10358
f 10358 10362 10363 10359
f 10359 10363 10364 10360
f 10360 10364 10361 10357
g marco_silla
f 10365 10366 10367 10368
f 10369 10372 10371 10370
f 10365 10369 10370 10366
f 10366 10370 10371 10367
f 10367 10371 10372 10368
f 10368 10372 10369 10365
g marco_silla
f 10373 10374 10375 10376
f 10377 10380 10379 10378
f 10373 10377 10378 10374
f 10374 10378 10379 10375
f 10375 10379 10380 10376
f 10376 10380 10377 10373
g SILLA
f 10381 10382 10383 10384
f 10385 10388 10387 10386
f 10381 10385 10386 10382
f 10382 10386 10387 10383
f 10383 10387 10388 10384
f 10384 10388 10385 10381
g marco_silla
f 10389 10390 10391 10392
f 10393 10396 10395 10394
f 10389 10393 10394 10390
f 10390 10394 10395 10391
f 10391 10395 10396 10392
f 10392 10396 10393 10389
g marco_silla
f 10397 10398 10399 10400
f 10401 10404 10403 10402
f 10397 10401 10402 10398
f 10398 10402 10403 10399
f 10399 10403 10404 10400
f 10400 10404 10401 10397
g SILLA
f 10405 10406 10407 10408
f 10409 10412 10411 10410
f 10405 10409 10410 10406
f 10406 10410 10411 10407
f 10407 10411 10412 10408
f 10408 10412 10409 10405
g marco_silla
f 10413 10414 10415 10416
f 10417 10420 10419 10418
f 10413 10417 10418 10414
f 10414 10418 10419 10415
f 10415 10419 10420 10416
f 10416 10420 10417 10413
g marco_silla
f 10421 10422 10423 10424
f 10425 10428 10427 10426
f 10421 10425 10426 10422
f 10422 10426 10427 10423
f 10423 10427 10428 10424
f 10424 10428 10425 10421
g brazo_silla
f 10429 10430 10431 10432
f 10433 10436 10435 10434
f 10429 10433 10434 10430
f 10430 10434 10435 10431
f 10431 10435 10436 10432
f 10432 10436 10433 10429
g brazo_silla
f 10437 10438 10439 10440
f 10441 10444 10443 10442
f 10437 10441 10442 10438
f 10438 10442 10443 10439
f 10439 10443 10444 10440
f 10440 10444 10441 10437
g brazo_silla
f 10445 10446 10447 10448
f 10449 10452 10451 10450
f 10445 10449 10450 10446
f 10446 10450 10451 10447
f 10447 10451 10452 10448
f 10448 10452 10449 10445
g brazo_silla
f 10453 10454 10455 10456
f 10457 10460 10459 10458
f 10453 10457 10458 10454
f 10454 10458 10459 10455
f 10455 10459 10460 10456
f 10456 10460 10457 10453
g base_silla
f 10461 10462 10463 10464
f 10465 10468 10467 10466
f 10461 10465 10466 10462
f 10462 10466 10467 10463
f 10463 10467 10468 10464
f 10464 10468 10465 10461
g rueda_silla
f 10469 10470 10478 10477
f 10470 10471 10479 10478
f 10471 10472 10480 10479
f 10472 10473 10481 10480
f 10473 10474 10482 10481
f 10474 10475 10483 10482
f 10475 10476 10484 10483
f 10476 10469 10477 10484
f 10469 10470 10471 10472 10473 10474 10475 10476
f 10484 10483 10482 10481 10480 10479 10478 10477
g base_silla
f 10485 10486 10487 10488
f 10489 10492 10491 10490
f 10485 10489 10490 10486
f 10486 10490 10491 10487
f 10487 10491 10492 10488
f 10488 10492 10489 10485
g rueda_silla
f 10493 10494 10502 10501
f 10494 10495 10503 10502
f 10495 10496 10504 10503
f 10496 10497 10505 10504
f 10497 10498 10506 10505
f 10498 10499 10507 10506
f 10499 10500 10508 10507
f 10500 10493 10501 10508
f 10493 10494 10495 10496 10497 10498 10499 10500
f 10508 10507 10506 10505 10504 10503 10502 10501
g base_silla
f 10509 10510 10511 10512
f 10513 10516 10515 10514
f 10509 10513 10514 10510
f 10510 10514 10515 10511
f 10511 10515 10516 10512
f 10512 10516 10513 10509
g rueda_silla
f 10517 10518 10526 10525
f 10518 10519 10527 10526
f 10519 10520 10528 10527
f 10520 10521 10529 10528
f 10521 10522 10530 10529
f 10522 10523 10531 10530
f 10523 10524 10532 10531
f 10524 10517 10525 10532
f 10517 10518 10519 10520 10521 10522 10523 10524
f 10532 10531 10530 10529 10528 10527 10526 10525
g base_silla
f 10533 10534 10535 10536
f 10537 10540 10539 10538
f 10533 10537 10538 10534
f 10534 10538 10539 10535
f 10535 10539 10540 10536
f 10536 10540 10537 10533
g rueda_silla
f 10541 10542 10550 10549
f 10542 10543 10551 10550
f 10543 10544 10552 10551
f 10544 10545 10553 10552
f 10545 10546 10554 10553
f 10546 10547 10555 10554
f 10547 10548 10556 10555
f 10548 10541 10549 10556
f 10541 10542 10543 10544 10545 10546 10547 10548
f 10556 10555 10554 10553 10552 10551 10550 10549
g base_silla
f 10557 10558 10559 10560
f 10561 10564 10563 10562
f 10557 10561 10562 10558
f 10558 10562 10563 10559
f 10559 10563 10564 10560
f 10560 10564 10561 10557
g rueda_silla
f 10565 10566 10574 10573
f 10566 10567 10575 10574
f 10567 10568 10576 10575
f 10568 10569 10577 10576
f 10569 10570 10578 10577
f 10570 10571 10579 10578
f 10571 10572 10580 10579
f 10572 10565 10573 10580
f 10565 10566 10567 10568 10569 10570 10571 10572
f 10580 10579 10578 10577 10576 10575 10574 10573
g base_silla
f 10581 10582 10592 10591
f 10582 10583 10593 10592
f 10583 10584 10594 10593
f 10584 10585 10595 10594
f 10585 10586 10596 10595
f 10586 10587 10597 10596
f 10587 10588 10598 10597
f 10588 10589 10599 10598
f 10589 10590 10600 10599
f 10590 10581 10591 10600
f 10581 10582 10583 10584 10585 10586 10587 10588 10589 10590
f 10600 10599 10598 10597 10596 10595 10594 10593 10592 10591
g columna_silla
f 10601 10602 10612 10611
f 10602 10603 10613 10612
f 10603 10604 10614 10613
f 10604 10605 10615 10614
f 10605 10606 10616 10615
f 10606 10607 10617 10616
f 10607 10608 10618 10617
f 10608 10609 10619 10618
f 10609 10610 10620 10619
f 10610 10601 10611 10620
f 10601 10602 10603 10604 10605 10606 10607 10608 10609 10610
f 10620 10619 10618 10617 10616 10615 10614 10613 10612 10611
g columna_silla
f 10621 10622 10632 10631
f 10622 10623 10633 10632
f 10623 10624 10634 10633
f 10624 10625 10635 10634
f 10625 10626 10636 10635
f 10626 10627 10637 10636
f 10627 10628 10638 10637
f 10628 10629 10639 10638
f 10629 10630 10640 10639
f 10630 10621 10631 10640
f 10621 10622 10623 10624 10625 10626 10627 10628 10629 10630
f 10640 10639 10638 10637 10636 10635 10634 10633 10632 10631
g SILLA
f 10641 10642 10643 10644
f 10645 10648 10647 10646
f 10641 10645 10646 10642
f 10642 10646 10647 10643
f 10643 10647 10648 10644
f 10644 10648 10645 10641
g SILLA
f 10649 10650 10651 10652
f 10653 10656 10655 10654
f 10649 10653 10654 10650
f 10650 10654 10655 10651
f 10651 10655 10656 10652
f 10652 10656 10653 10649
g marco_silla
f 10657 10658 10659 10660
f 10661 10664 10663 10662
f 10657 10661 10662 10658
f 10658 10662 10663 10659
f 10659 10663 10664 10660
f 10660 10664 10661 10657
g marco_silla
f 10665 10666 10667 10668
f 10669 10672 10671 10670
f 10665 10669 10670 10666
f 10666 10670 10671 10667
f 10667 10671 10672 10668
f 10668 10672 10669 10665
g SILLA
f 10673 10674 10675 10676
f 10677 10680 10679 10678
f 10673 10677 10678 10674
f 10674 10678 10679 10675
f 10675 10679 10680 10676
f 10676 10680 10677 10673
g marco_silla
f 10681 10682 10683 10684
f 10685 10688 10687 10686
f 10681 10685 10686 10682
f 10682 10686 10687 10683
f 10683 10687 10688 10684
f 10684 10688 10685 10681
g marco_silla
f 10689 10690 10691 10692
f 10693 10696 10695 10694
f 10689 10693 10694 10690
f 10690 10694 10695 10691
f 10691 10695 10696 10692
f 10692 10696 10693 10689
g SILLA
f 10697 10698 10699 10700
f 10701 10704 10703 10702
f 10697 10701 10702 10698
f 10698 10702 10703 10699
f 10699 10703 10704 10700
f 10700 10704 10701 10697
g marco_silla
f 10705 10706 10707 10708
f 10709 10712 10711 10710
f 10705 10709 10710 10706
f 10706 10710 10711 10707
f 10707 10711 10712 10708
f 10708 10712 10709 10705
g marco_silla
f 10713 10714 10715 10716
f 10717 10720 10719 10718
f 10713 10717 10718 10714
f 10714 10718 10719 10715
f 10715 10719 10720 10716
f 10716 10720 10717 10713
g SILLA
f 10721 10722 10723 10724
f 10725 10728 10727 10726
f 10721 10725 10726 10722
f 10722 10726 10727 10723
f 10723 10727 10728 10724
f 10724 10728 10725 10721
g marco_silla
f 10729 10730 10731 10732
f 10733 10736 10735 10734
f 10729 10733 10734 10730
f 10730 10734 10735 10731
f 10731 10735 10736 10732
f 10732 10736 10733 10729
g marco_silla
f 10737 10738 10739 10740
f 10741 10744 10743 10742
f 10737 10741 10742 10738
f 10738 10742 10743 10739
f 10739 10743 10744 10740
f 10740 10744 10741 10737
g brazo_silla
f 10745 10746 10747 10748
f 10749 10752 10751 10750
f 10745 10749 10750 10746
f 10746 10750 10751 10747
f 10747 10751 10752 10748
f 10748 10752 10749 10745
g brazo_silla
f 10753 10754 10755 10756
f 10757 10760 10759 10758
f 10753 10757 10758 10754
f 10754 10758 10759 10755
f 10755 10759 10760 10756
f 10756 10760 10757 10753
g brazo_silla
f 10761 10762 10763 10764
f 10765 10768 10767 10766
f 10761 10765 10766 10762
f 10762 10766 10767 10763
f 10763 10767 10768 10764
f 10764 10768 10765 10761
g brazo_silla
f 10769 10770 10771 10772
f 10773 10776 10775 10774
f 10769 10773 10774 10770
f 10770 10774 10775 10771
f 10771 10775 10776 10772
f 10772 10776 10773 10769
g base_silla
f 10777 10778 10779 10780
f 10781 10784 10783 10782
f 10777 10781 10782 10778
f 10778 10782 10783 10779
f 10779 10783 10784 10780
f 10780 10784 10781 10777
g rueda_silla
f 10785 10786 10794 10793
f 10786 10787 10795 10794
f 10787 10788 10796 10795
f 10788 10789 10797 10796
f 10789 10790 10798 10797
f 10790 10791 10799 10798
f 10791 10792 10800 10799
f 10792 10785 10793 10800
f 10785 10786 10787 10788 10789 10790 10791 10792
f 10800 10799 10798 10797 10796 10795 10794 10793
g base_silla
f 10801 10802 10803 10804
f 10805 10808 10807 10806
f 10801 10805 10806 10802
f 10802 10806 10807 10803
f 10803 10807 10808 10804
f 10804 10808 10805 10801
g rueda_silla
f 10809 10810 10818 10817
f 10810 10811 10819 10818
f 10811 10812 10820 10819
f 10812 10813 10821 10820
f 10813 10814 10822 10821
f 10814 10815 10823 10822
f 10815 10816 10824 10823
f 10816 10809 10817 10824
f 10809 10810 10811 10812 10813 10814 10815 10816
f 10824 10823 10822 10821 10820 10819 10818 10817
g base_silla
f 10825 10826 10827 10828
f 10829 10832 10831 10830
f 10825 10829 10830 10826
f 10826 10830 10831 10827
f 10827 10831 10832 10828
f 10828 10832 10829 10825
g rueda_silla
f 10833 10834 10842 10841
f 10834 10835 10843 10842
f 10835 10836 10844 10843
f 10836 10837 10845 10844
f 10837 10838 10846 10845
f 10838 10839 10847 10846
f 10839 10840 10848 10847
f 10840 10833 10841 10848
f 10833 10834 10835 10836 10837 10838 10839 10840
f 10848 10847 10846 10845 10844 10843 10842 10841
g base_silla
f 10849 10850 10851 10852
f 10853 10856 10855 10854
f 10849 10853 10854 10850
f 10850 10854 10855 10851
f 10851 10855 10856 10852
f 10852 10856 10853 10849
g rueda_silla
f 10857 10858 10866 10865
f 10858 10859 10867 10866
f 10859 10860 10868 10867
f 10860 10861 10869 10868
f 10861 10862 10870 10869
f 10862 10863 10871 10870
f 10863 10864 10872 10871
f 10864 10857 10865 10872
f 10857 10858 10859 10860 10861 10862 10863 10864
f 10872 10871 10870 10869 10868 10867 10866 10865
g base_silla
f 10873 10874 10875 10876
f 10877 10880 10879 10878
f 10873 10877 10878 10874
f 10874 10878 10879 10875
f 10875 10879 10880 10876
f 10876 10880 10877 10873
g rueda_silla
f 10881 10882 10890 10889
f 10882 10883 10891 10890
f 10883 10884 10892 10891
f 10884 10885 10893 10892
f 10885 10886 10894 10893
f 10886 10887 10895 10894
f 10887 10888 10896 10895
f 10888 10881 10889 10896
f 10881 10882 10883 10884 10885 10886 10887 10888
f 10896 10895 10894 10893 10892 10891 10890 10889
g base_silla
f 10897 10898 10908 10907
f 10898 10899 10909 10908
f 10899 10900 10910 10909
f 10900 10901 10911 10910
f 10901 10902 10912 10911
f 10902 10903 10913 10912
f 10903 10904 10914 10913
f 10904 10905 10915 10914
f 10905 10906 10916 10915
f 10906 10897 10907 10916
f 10897 10898 10899 10900 10901 10902 10903 10904 10905 10906
f 10916 10915 10914 10913 10912 10911 10910 10909 10908 10907
g columna_silla
f 10917 10918 10928 10927
f 10918 10919 10929 10928
f 10919 10920 10930 10929
f 10920 10921 10931 10930
f 10921 10922 10932 10931
f 10922 10923 10933 10932
f 10923 10924 10934 10933
f 10924 10925 10935 10934
f 10925 10926 10936 10935
f 10926 10917 10927 10936
f 10917 10918 10919 10920 10921 10922 10923 10924 10925 10926
f 10936 10935 10934 10933 10932 10931 10930 10929 10928 10927
g columna_silla
f 10937 10938 10948 10947
f 10938 10939 10949 10948
f 10939 10940 10950 10949
f 10940 10941 10951 10950
f 10941 10942 10952 10951
f 10942 10943 10953 10952
f 10943 10944 10954 10953
f 10944 10945 10955 10954
f 10945 10946 10956 10955
f 10946 10937 10947 10956
f 10937 10938 10939 10940 10941 10942 10943 10944 10945 10946
f 10956 10955 10954 10953 10952 10951 10950 10949 10948 10947
g SILLA
f 10957 10958 10959 10960
f 10961 10964 10963 10962
f 10957 10961 10962 10958
f 10958 10962 10963 10959
f 10959 10963 10964 10960
f 10960 10964 10961 10957
g SILLA
f 10965 10966 10967 10968
f 10969 10972 10971 10970
f 10965 10969 10970 10966
f 10966 10970 10971 10967
f 10967 10971 10972 10968
f 10968 10972 10969 10965
g marco_silla
f 10973 10974 10975 10976
f 10977 10980 10979 10978
f 10973 10977 10978 10974
f 10974 10978 10979 10975
f 10975 10979 10980 10976
f 10976 10980 10977 10973
g marco_silla
f 10981 10982 10983 10984
f 10985 10988 10987 10986
f 10981 10985 10986 10982
f 10982 10986 10987 10983
f 10983 10987 10988 10984
f 10984 10988 10985 10981
g SILLA
f 10989 10990 10991 10992
f 10993 10996 10995 10994
f 10989 10993 10994 10990
f 10990 10994 10995 10991
f 10991 10995 10996 10992
f 10992 10996 10993 10989
g marco_silla
f 10997 10998 10999 11000
f 11001 11004 11003 11002
f 10997 11001 11002 10998
f 10998 11002 11003 10999
f 10999 11003 11004 11000
f 11000 11004 11001 10997
g marco_silla
f 11005 11006 11007 11008
f 11009 11012 11011 11010
f 11005 11009 11010 11006
f 11006 11010 11011 11007
f 11007 11011 11012 11008
f 11008 11012 11009 11005
g SILLA
f 11013 11014 11015 11016
f 11017 11020 11019 11018
f 11013 11017 11018 11014
f 11014 11018 11019 11015
f 11015 11019 11020 11016
f 11016 11020 11017 11013
g marco_silla
f 11021 11022 11023 11024
f 11025 11028 11027 11026
f 11021 11025 11026 11022
f 11022 11026 11027 11023
f 11023 11027 11028 11024
f 11024 11028 11025 11021
g marco_silla
f 11029 11030 11031 11032
f 11033 11036 11035 11034
f 11029 11033 11034 11030
f 11030 11034 11035 11031
f 11031 11035 11036 11032
f 11032 11036 11033 11029
g SILLA
f 11037 11038 11039 11040
f 11041 11044 11043 11042
f 11037 11041 11042 11038
f 11038 11042 11043 11039
f 11039 11043 11044 11040
f 11040 11044 11041 11037
g marco_silla
f 11045 11046 11047 11048
f 11049 11052 11051 11050
f 11045 11049 11050 11046
f 11046 11050 11051 11047
f 11047 11051 11052 11048
f 11048 11052 11049 11045
g marco_silla
f 11053 11054 11055 11056
f 11057 11060 11059 11058
f 11053 11057 11058 11054
f 11054 11058 11059 11055
f 11055 11059 11060 11056
f 11056 11060 11057 11053
g brazo_silla
f 11061 11062 11063 11064
f 11065 11068 11067 11066
f 11061 11065 11066 11062
f 11062 11066 11067 11063
f 11063 11067 11068 11064
f 11064 11068 11065 11061
g brazo_silla
f 11069 11070 11071 11072
f 11073 11076 11075 11074
f 11069 11073 11074 11070
f 11070 11074 11075 11071
f 11071 11075 11076 11072
f 11072 11076 11073 11069
g brazo_silla
f 11077 11078 11079 11080
f 11081 11084 11083 11082
f 11077 11081 11082 11078
f 11078 11082 11083 11079
f 11079 11083 11084 11080
f 11080 11084 11081 11077
g brazo_silla
f 11085 11086 11087 11088
f 11089 11092 11091 11090
f 11085 11089 11090 11086
f 11086 11090 11091 11087
f 11087 11091 11092 11088
f 11088 11092 11089 11085
g base_silla
f 11093 11094 11095 11096
f 11097 11100 11099 11098
f 11093 11097 11098 11094
f 11094 11098 11099 11095
f 11095 11099 11100 11096
f 11096 11100 11097 11093
g rueda_silla
f 11101 11102 11110 11109
f 11102 11103 11111 11110
f 11103 11104 11112 11111
f 11104 11105 11113 11112
f 11105 11106 11114 11113
f 11106 11107 11115 11114
f 11107 11108 11116 11115
f 11108 11101 11109 11116
f 11101 11102 11103 11104 11105 11106 11107 11108
f 11116 11115 11114 11113 11112 11111 11110 11109
g base_silla
f 11117 11118 11119 11120
f 11121 11124 11123 11122
f 11117 11121 11122 11118
f 11118 11122 11123 11119
f 11119 11123 11124 11120
f 11120 11124 11121 11117
g rueda_silla
f 11125 11126 11134 11133
f 11126 11127 11135 11134
f 11127 11128 11136 11135
f 11128 11129 11137 11136
f 11129 11130 11138 11137
f 11130 11131 11139 11138
f 11131 11132 11140 11139
f 11132 11125 11133 11140
f 11125 11126 11127 11128 11129 11130 11131 11132
f 11140 11139 11138 11137 11136 11135 11134 11133
g base_silla
f 11141 11142 11143 11144
f 11145 11148 11147 11146
f 11141 11145 11146 11142
f 11142 11146 11147 11143
f 11143 11147 11148 11144
f 11144 11148 11145 11141
g rueda_silla
f 11149 11150 11158 11157
f 11150 11151 11159 11158
f 11151 11152 11160 11159
f 11152 11153 11161 11160
f 11153 11154 11162 11161
f 11154 11155 11163 11162
f 11155 11156 11164 11163
f 11156 11149 11157 11164
f 11149 11150 11151 11152 11153 11154 11155 11156
f 11164 11163 11162 11161 11160 11159 11158 11157
g base_silla
f 11165 11166 11167 11168
f 11169 11172 11171 11170
f 11165 11169 11170 11166
f 11166 11170 11171 11167
f 11167 11171 11172 11168
f 11168 11172 11169 11165
g rueda_silla
f 11173 11174 11182 11181
f 11174 11175 11183 11182
f 11175 11176 11184 11183
f 11176 11177 11185 11184
f 11177 11178 11186 11185
f 11178 11179 11187 11186
f 11179 11180 11188 11187
f 11180 11173 11181 11188
f 11173 11174 11175 11176 11177 11178 11179 11180
f 11188 11187 11186 11185 11184 11183 11182 11181
g base_silla
f 11189 11190 11191 11192
f 11193 11196 11195 11194
f 11189 11193 11194 11190
f 11190 11194 11195 11191
f 11191 11195 11196 11192
f 11192 11196 11193 11189
g rueda_silla
f 11197 11198 11206 11205
f 11198 11199 11207 11206
f 11199 11200 11208 11207
f 11200 11201 11209 11208
f 11201 11202 11210 11209
f 11202 11203 11211 11210
f 11203 11204 11212 11211
f 11204 11197 11205 11212
f 11197 11198 11199 11200 11201 11202 11203 11204
f 11212 11211 11210 11209 11208 11207 11206 11205
g base_silla
f 11213 11214 11224 11223
f 11214 11215 11225 11224
f 11215 11216 11226 11225
f 11216 11217 11227 11226
f 11217 11218 11228 11227
f 11218 11219 11229 11228
f 11219 11220 11230 11229
f 11220 11221 11231 11230
f 11221 11222 11232 11231
f 11222 11213 11223 11232
f 11213 11214 11215 11216 11217 11218 11219 11220 11221 11222
f 11232 11231 11230 11229 11228 11227 11226 11225 11224 11223
g columna_silla
f 11233 11234 11244 11243
f 11234 11235 11245 11244
f 11235 11236 11246 11245
f 11236 11237 11247 11246
f 11237 11238 11248 11247
f 11238 11239 11249 11248
f 11239 11240 11250 11249
f 11240 11241 11251 11250
f 11241 11242 11252 11251
f 11242 11233 11243 11252
f 11233 11234 11235 11236 11237 11238 11239 11240 11241 11242
f 11252 11251 11250 11249 11248 11247 11246 11245 11244 11243
g columna_silla
f 11253 11254 11264 11263
f 11254 11255 11265 11264
f 11255 11256 11266 11265
f 11256 11257 11267 11266
f 11257 11258 11268 11267
f 11258 11259 11269 11268
f 11259 11260 11270 11269
f 11260 11261 11271 11270
f 11261 11262 11272 11271
f 11262 11253 11263 11272
f 11253 11254 11255 11256 11257 11258 11259 11260 11261 11262
f 11272 11271 11270 11269 11268 11267 11266 11265 11264 11263
g SILLA
f 11273 11274 11275 11276
f 11277 11280 11279 11278
f 11273 11277 11278 11274
f 11274 11278 11279 11275
f 11275 11279 11280 11276
f 11276 11280 11277 11273
g SILLA
f 11281 11282 11283 11284
f 11285 11288 11287 11286
f 11281 11285 11286 11282
f 11282 11286 11287 11283
f 11283 11287 11288 11284
f 11284 11288 11285 11281
g marco_silla
f 11289 11290 11291 11292
f 11293 11296 11295 11294
f 11289 11293 11294 11290
f 11290 11294 11295 11291
f 11291 11295 11296 11292
f 11292 11296 11293 11289
g marco_silla
f 11297 11298 11299 11300
f 11301 11304 11303 11302
f 11297 11301 11302 11298
f 11298 11302 11303 11299
f 11299 11303 11304 11300
f 11300 11304 11301 11297
g SILLA
f 11305 11306 11307 11308
f 11309 11312 11311 11310
f 11305 11309 11310 11306
f 11306 11310 11311 11307
f 11307 11311 11312 11308
f 11308 11312 11309 11305
g marco_silla
f 11313 11314 11315 11316
f 11317 11320 11319 11318
f 11313 11317 11318 11314
f 11314 11318 11319 11315
f 11315 11319 11320 11316
f 11316 11320 11317 11313
g marco_silla
f 11321 11322 11323 11324
f 11325 11328 11327 11326
f 11321 11325 11326 11322
f 11322 11326 11327 11323
f 11323 11327 11328 11324
f 11324 11328 11325 11321
g SILLA
f 11329 11330 11331 11332
f 11333 11336 11335 11334
f 11329 11333 11334 11330
f 11330 11334 11335 11331
f 11331 11335 11336 11332
f 11332 11336 11333 11329
g marco_silla
f 11337 11338 11339 11340
f 11341 11344 11343 11342
f 11337 11341 11342 11338
f 11338 11342 11343 11339
f 11339 11343 11344 11340
f 11340 11344 11341 11337
g marco_silla
f 11345 11346 11347 11348
f 11349 11352 11351 11350
f 11345 11349 11350 11346
f 11346 11350 11351 11347
f 11347 11351 11352 11348
f 11348 11352 11349 11345
g SILLA
f 11353 11354 11355 11356
f 11357 11360 11359 11358
f 11353 11357 11358 11354
f 11354 11358 11359 11355
f 11355 11359 11360 11356
f 11356 11360 11357 11353
g marco_silla
f 11361 11362 11363 11364
f 11365 11368 11367 11366
f 11361 11365 11366 11362
f 11362 11366 11367 11363
f 11363 11367 11368 11364
f 11364 11368 11365 11361
g marco_silla
f 11369 11370 11371 11372
f 11373 11376 11375 11374
f 11369 11373 11374 11370
f 11370 11374 11375 11371
f 11371 11375 11376 11372
f 11372 11376 11373 11369
g brazo_silla
f 11377 11378 11379 11380
f 11381 11384 11383 11382
f 11377 11381 11382 11378
f 11378 11382 11383 11379
f 11379 11383 11384 11380
f 11380 11384 11381 11377
g brazo_silla
f 11385 11386 11387 11388
f 11389 11392 11391 11390
f 11385 11389 11390 11386
f 11386 11390 11391 11387
f 11387 11391 11392 11388
f 11388 11392 11389 11385
g brazo_silla
f 11393 11394 11395 11396
f 11397 11400 11399 11398
f 11393 11397 11398 11394
f 11394 11398 11399 11395
f 11395 11399 11400 11396
f 11396 11400 11397 11393
g brazo_silla
f 11401 11402 11403 11404
f 11405 11408 11407 11406
f 11401 11405 11406 11402
f 11402 11406 11407 11403
f 11403 11407 11408 11404
f 11404 11408 11405 11401
g base_silla
f 11409 11410 11411 11412
f 11413 11416 11415 11414
f 11409 11413 11414 11410
f 11410 11414 11415 11411
f 11411 11415 11416 11412
f 11412 11416 11413 11409
g rueda_silla
f 11417 11418 11426 11425
f 11418 11419 11427 11426
f 11419 11420 11428 11427
f 11420 11421 11429 11428
f 11421 11422 11430 11429
f 11422 11423 11431 11430
f 11423 11424 11432 11431
f 11424 11417 11425 11432
f 11417 11418 11419 11420 11421 11422 11423 11424
f 11432 11431 11430 11429 11428 11427 11426 11425
g base_silla
f 11433 11434 11435 11436
f 11437 11440 11439 11438
f 11433 11437 11438 11434
f 11434 11438 11439 11435
f 11435 11439 11440 11436
f 11436 11440 11437 11433
g rueda_silla
f 11441 11442 11450 11449
f 11442 11443 11451 11450
f 11443 11444 11452 11451
f 11444 11445 11453 11452
f 11445 11446 11454 11453
f 11446 11447 11455 11454
f 11447 11448 11456 11455
f 11448 11441 11449 11456
f 11441 11442 11443 11444 11445 11446 11447 11448
f 11456 11455 11454 11453 11452 11451 11450 11449
g base_silla
f 11457 11458 11459 11460
f 11461 11464 11463 11462
f 11457 11461 11462 11458
f 11458 11462 11463 11459
f 11459 11463 11464 11460
f 11460 11464 11461 11457
g rueda_silla
f 11465 11466 11474 11473
f 11466 11467 11475 11474
f 11467 11468 11476 11475
f 11468 11469 11477 11476
f 11469 11470 11478 11477
f 11470 11471 11479 11478
f 11471 11472 11480 11479
f 11472 11465 11473 11480
f 11465 11466 11467 11468 11469 11470 11471 11472
f 11480 11479 11478 11477 11476 11475 11474 11473
g base_silla
f 11481 11482 11483 11484
f 11485 11488 11487 11486
f 11481 11485 11486 11482
f 11482 11486 11487 11483
f 11483 11487 11488 11484
f 11484 11488 11485 11481
g rueda_silla
f 11489 11490 11498 11497
f 11490 11491 11499 11498
f 11491 11492 11500 11499
f 11492 11493 11501 11500
f 11493 11494 11502 11501
f 11494 11495 11503 11502
f 11495 11496 11504 11503
f 11496 11489 11497 11504
f 11489 11490 11491 11492 11493 11494 11495 11496
f 11504 11503 11502 11501 11500 11499 11498 11497
g base_silla
f 11505 11506 11507 11508
f 11509 11512 11511 11510
f 11505 11509 11510 11506
f 11506 11510 11511 11507
f 11507 11511 11512 11508
f 11508 11512 11509 11505
g rueda_silla
f 11513 11514 11522 11521
f 11514 11515 11523 11522
f 11515 11516 11524 11523
f 11516 11517 11525 11524
f 11517 11518 11526 11525
f 11518 11519 11527 11526
f 11519 11520 11528 11527
f 11520 11513 11521 11528
f 11513 11514 11515 11516 11517 11518 11519 11520
f 11528 11527 11526 11525 11524 11523 11522 11521
g base_silla
f 11529 11530 11540 11539
f 11530 11531 11541 11540
f 11531 11532 11542 11541
f 11532 11533 11543 11542
f 11533 11534 11544 11543
f 11534 11535 11545 11544
f 11535 11536 11546 11545
f 11536 11537 11547 11546
f 11537 11538 11548 11547
f 11538 11529 11539 11548
f 11529 11530 11531 11532 11533 11534 11535 11536 11537 11538
f 11548 11547 11546 11545 11544 11543 11542 11541 11540 11539
g columna_silla
f 11549 11550 11560 11559
f 11550 11551 11561 11560
f 11551 11552 11562 11561
f 11552 11553 11563 11562
f 11553 11554 11564 11563
f 11554 11555 11565 11564
f 11555 11556 11566 11565
f 11556 11557 11567 11566
f 11557 11558 11568 11567
f 11558 11549 11559 11568
f 11549 11550 11551 11552 11553 11554 11555 11556 11557 11558
f 11568 11567 11566 11565 11564 11563 11562 11561 11560 11559
g columna_silla
f 11569 11570 11580 11579
f 11570 11571 11581 11580
f 11571 11572 11582 11581
f 11572 11573 11583 11582
f 11573 11574 11584 11583
f 11574 11575 11585 11584
f 11575 11576 11586 11585
f 11576 11577 11587 11586
f 11577 11578 11588 11587
f 11578 11569 11579 11588
f 11569 11570 11571 11572 11573 11574 11575 11576 11577 11578
f 11588 11587 11586 11585 11584 11583 11582 11581 11580 11579
g SILLA
f 11589 11590 11591 11592
f 11593 11596 11595 11594
f 11589 11593 11594 11590
f 11590 11594 11595 11591
f 11591 11595 11596 11592
f 11592 11596 11593 11589
g SILLA
f 11597 11598 11599 11600
f 11601 11604 11603 11602
f 11597 11601 11602 11598
f 11598 11602 11603 11599
f 11599 11603 11604 11600
f 11600 11604 11601 11597
g marco_silla
f 11605 11606 11607 11608
f 11609 11612 11611 11610
f 11605 11609 11610 11606
f 11606 11610 11611 11607
f 11607 11611 11612 11608
f 11608 11612 11609 11605
g marco_silla
f 11613 11614 11615 11616
f 11617 11620 11619 11618
f 11613 11617 11618 11614
f 11614 11618 11619 11615
f 11615 11619 11620 11616
f 11616 11620 11617 11613
g SILLA
f 11621 11622 11623 11624
f 11625 11628 11627 11626
f 11621 11625 11626 11622
f 11622 11626 11627 11623
f 11623 11627 11628 11624
f 11624 11628 11625 11621
g marco_silla
f 11629 11630 11631 11632
f 11633 11636 11635 11634
f 11629 11633 11634 11630
f 11630 11634 11635 11631
f 11631 11635 11636 11632
f 11632 11636 11633 11629
g marco_silla
f 11637 11638 11639 11640
f 11641 11644 11643 11642
f 11637 11641 11642 11638
f 11638 11642 11643 11639
f 11639 11643 11644 11640
f 11640 11644 11641 11637
g SILLA
f 11645 11646 11647 11648
f 11649 11652 11651 11650
f 11645 11649 11650 11646
f 11646 11650 11651 11647
f 11647 11651 11652 11648
f 11648 11652 11649 11645
g marco_silla
f 11653 11654 11655 11656
f 11657 11660 11659 11658
f 11653 11657 11658 11654
f 11654 11658 11659 11655
f 11655 11659 11660 11656
f 11656 11660 11657 11653
g marco_silla
f 11661 11662 11663 11664
f 11665 11668 11667 11666
f 11661 11665 11666 11662
f 11662 11666 11667 11663
f 11663 11667 11668 11664
f 11664 11668 11665 11661
g SILLA
f 11669 11670 11671 11672
f 11673 11676 11675 11674
f 11669 11673 11674 11670
f 11670 11674 11675 11671
f 11671 11675 11676 11672
f 11672 11676 11673 11669
g marco_silla
f 11677 11678 11679 11680
f 11681 11684 11683 11682
f 11677 11681 11682 11678
f 11678 11682 11683 11679
f 11679 11683 11684 11680
f 11680 11684 11681 11677
g marco_silla
f 11685 11686 11687 11688
f 11689 11692 11691 11690
f 11685 11689 11690 11686
f 11686 11690 11691 11687
f 11687 11691 11692 11688
f 11688 11692 11689 11685
g brazo_silla
f 11693 11694 11695 11696
f 11697 11700 11699 11698
f 11693 11697 11698 11694
f 11694 11698 11699 11695
f 11695 11699 11700 11696
f 11696 11700 11697 11693
g brazo_silla
f 11701 11702 11703 11704
f 11705 11708 11707 11706
f 11701 11705 11706 11702
f 11702 11706 11707 11703
f 11703 11707 11708 11704
f 11704 11708 11705 11701
g brazo_silla
f 11709 11710 11711 11712
f 11713 11716 11715 11714
f 11709 11713 11714 11710
f 11710 11714 11715 11711
f 11711 11715 11716 11712
f 11712 11716 11713 11709
g brazo_silla
f 11717 11718 11719 11720
f 11721 11724 11723 11722
f 11717 11721 11722 11718
f 11718 11722 11723 11719
f 11719 11723 11724 11720
f 11720 11724 11721 11717
g base_silla
f 11725 11726 11727 11728
f 11729 11732 11731 11730
f 11725 11729 11730 11726
f 11726 11730 11731 11727
f 11727 11731 11732 11728
f 11728 11732 11729 11725
g rueda_silla
f 11733 11734 11742 11741
f 11734 11735 11743 11742
f 11735 11736 11744 11743
f 11736 11737 11745 11744
f 11737 11738 11746 11745
f 11738 11739 11747 11746
f 11739 11740 11748 11747
f 11740 11733 11741 11748
f 11733 11734 11735 11736 11737 11738 11739 11740
f 11748 11747 11746 11745 11744 11743 11742 11741
g base_silla
f 11749 11750 11751 11752
f 11753 11756 11755 11754
f 11749 11753 11754 11750
f 11750 11754 11755 11751
f 11751 11755 11756 11752
f 11752 11756 11753 11749
g rueda_silla
f 11757 11758 11766 11765
f 11758 11759 11767 11766
f 11759 11760 11768 11767
f 11760 11761 11769 11768
f 11761 11762 11770 11769
f 11762 11763 11771 11770
f 11763 11764 11772 11771
f 11764 11757 11765 11772
f 11757 11758 11759 11760 11761 11762 11763 11764
f 11772 11771 11770 11769 11768 11767 11766 11765
g base_silla
f 11773 11774 11775 11776
f 11777 11780 11779 11778
f 11773 11777 11778 11774
f 11774 11778 11779 11775
f 11775 11779 11780 11776
f 11776 11780 11777 11773
g rueda_silla
f 11781 11782 11790 11789
f 11782 11783 11791 11790
f 11783 11784 11792 11791
f 11784 11785 11793 11792
f 11785 11786 11794 11793
f 11786 11787 11795 11794
f 11787 11788 11796 11795
f 11788 11781 11789 11796
f 11781 11782 11783 11784 11785 11786 11787 11788
f 11796 11795 11794 11793 11792 11791 11790 11789
g base_silla
f 11797 11798 11799 11800
f 11801 11804 11803 11802
f 11797 11801 11802 11798
f 11798 11802 11803 11799
f 11799 11803 11804 11800
f 11800 11804 11801 11797
g rueda_silla
f 11805 11806 11814 11813
f 11806 11807 11815 11814
f 11807 11808 11816 11815
f 11808 11809 11817 11816
f 11809 11810 11818 11817
f 11810 11811 11819 11818
f 11811 11812 11820 11819
f 11812 11805 11813 11820
f 11805 11806 11807 11808 11809 11810 11811 11812
f 11820 11819 11818 11817 11816 11815 11814 11813
g base_silla
f 11821 11822 11823 11824
f 11825 11828 11827 11826
f 11821 11825 11826 11822
f 11822 11826 11827 11823
f 11823 11827 11828 11824
f 11824 11828 11825 11821
g rueda_silla
f 11829 11830 11838 11837
f 11830 11831 11839 11838
f 11831 11832 11840 11839
f 11832 11833 11841 11840
f 11833 11834 11842 11841
f 11834 11835 11843 11842
f 11835 11836 11844 11843
f 11836 11829 11837 11844
f 11829 11830 11831 11832 11833 11834 11835 11836
f 11844 11843 11842 11841 11840 11839 11838 11837
g base_silla
f 11845 11846 11856 11855
f 11846 11847 11857 11856
f 11847 11848 11858 11857
f 11848 11849 11859 11858
f 11849 11850 11860 11859
f 11850 11851 11861 11860
f 11851 11852 11862 11861
f 11852 11853 11863 11862
f 11853 11854 11864 11863
f 11854 11845 11855 11864
f 11845 11846 11847 11848 11849 11850 11851 11852 11853 11854
f 11864 11863 11862 11861 11860 11859 11858 11857 11856 11855
g columna_silla
f 11865 11866 11876 11875
f 11866 11867 11877 11876
f 11867 11868 11878 11877
f 11868 11869 11879 11878
f 11869 11870 11880 11879
f 11870 11871 11881 11880
f 11871 11872 11882 11881
f 11872 11873 11883 11882
f 11873 11874 11884 11883
f 11874 11865 11875 11884
f 11865 11866 11867 11868 11869 11870 11871 11872 11873 11874
f 11884 11883 11882 11881 11880 11879 11878 11877 11876 11875
g columna_silla
f 11885 11886 11896 11895
f 11886 11887 11897 11896
f 11887 11888 11898 11897
f 11888 11889 11899 11898
f 11889 11890 11900 11899
f 11890 11891 11901 11900
f 11891 11892 11902 11901
f 11892 11893 11903 11902
f 11893 11894 11904 11903
f 11894 11885 11895 11904
f 11885 11886 11887 11888 11889 11890 11891 11892 11893 11894
f 11904 11903 11902 11901 11900 11899 11898 11897 11896 11895
g SILLA
f 11905 11906 11907 11908
f 11909 11912 11911 11910
f 11905 11909 11910 11906
f 11906 11910 11911 11907
f 11907 11911 11912 11908
f 11908 11912 11909 11905
g SILLA
f 11913 11914 11915 11916
f 11917 11920 11919 11918
f 11913 11917 11918 11914
f 11914 11918 11919 11915
f 11915 11919 11920 11916
f 11916 11920 11917 11913
g marco_silla
f 11921 11922 11923 11924
f 11925 11928 11927 11926
f 11921 11925 11926 11922
f 11922 11926 11927 11923
f 11923 11927 11928 11924
f 11924 11928 11925 11921
g marco_silla
f 11929 11930 11931 11932
f 11933 11936 11935 11934
f 11929 11933 11934 11930
f 11930 11934 11935 11931
f 11931 11935 11936 11932
f 11932 11936 11933 11929
g SILLA
f 11937 11938 11939 11940
f 11941 11944 11943 11942
f 11937 11941 11942 11938
f 11938 11942 11943 11939
f 11939 11943 11944 11940
f 11940 11944 11941 11937
g marco_silla
f 11945 11946 11947 11948
f 11949 11952 11951 11950
f 11945 11949 11950 11946
f 11946 11950 11951 11947
f 11947 11951 11952 11948
f 11948 11952 11949 11945
g marco_silla
f 11953 11954 11955 11956
f 11957 11960 11959 11958
f 11953 11957 11958 11954
f 11954 11958 11959 11955
f 11955 11959 11960 11956
f 11956 11960 11957 11953
g SILLA
f 11961 11962 11963 11964
f 11965 11968 11967 11966
f 11961 11965 11966 11962
f 11962 11966 11967 11963
f 11963 11967 11968 11964
f 11964 11968 11965 11961
g marco_silla
f 11969 11970 11971 11972
f 11973 11976 11975 11974
f 11969 11973 11974 11970
f 11970 11974 11975 11971
f 11971 11975 11976 11972
f 11972 11976 11973 11969
g marco_silla
f 11977 11978 11979 11980
f 11981 11984 11983 11982
f 11977 11981 11982 11978
f 11978 11982 11983 11979
f 11979 11983 11984 11980
f 11980 11984 11981 11977
g SILLA
f 11985 11986 11987 11988
f 11989 11992 11991 11990
f 11985 11989 11990 11986
f 11986 11990 11991 11987
f 11987 11991 11992 11988
f 11988 11992 11989 11985
g marco_silla
f 11993 11994 11995 11996
f 11997 12000 11999 11998
f 11993 11997 11998 11994
f 11994 11998 11999 11995
f 11995 11999 12000 11996
f 11996 12000 11997 11993
g marco_silla
f 12001 12002 12003 12004
f 12005 12008 12007 12006
f 12001 12005 12006 12002
f 12002 12006 12007 12003
f 12003 12007 12008 12004
f 12004 12008 12005 12001
g brazo_silla
f 12009 12010 12011 12012
f 12013 12016 12015 12014
f 12009 12013 12014 12010
f 12010 12014 12015 12011
f 12011 12015 12016 12012
f 12012 12016 12013 12009
g brazo_silla
f 12017 12018 12019 12020
f 12021 12024 12023 12022
f 12017 12021 12022 12018
f 12018 12022 12023 12019
f 12019 12023 12024 12020
f 12020 12024 12021 12017
g brazo_silla
f 12025 12026 12027 12028
f 12029 12032 12031 12030
f 12025 12029 12030 12026
f 12026 12030 12031 12027
f 12027 12031 12032 12028
f 12028 12032 12029 12025
g brazo_silla
f 12033 12034 12035 12036
f 12037 12040 12039 12038
f 12033 12037 12038 12034
f 12034 12038 12039 12035
f 12035 12039 12040 12036
f 12036 12040 12037 12033
g base_silla
f 12041 12042 12043 12044
f 12045 12048 12047 12046
f 12041 12045 12046 12042
f 12042 12046 12047 12043
f 12043 12047 12048 12044
f 12044 12048 12045 12041
g rueda_silla
f 12049 12050 12058 12057
f 12050 12051 12059 12058
f 12051 12052 12060 12059
f 12052 12053 12061 12060
f 12053 12054 12062 12061
f 12054 12055 12063 12062
f 12055 12056 12064 12063
f 12056 12049 12057 12064
f 12049 12050 12051 12052 12053 12054 12055 12056
f 12064 12063 12062 12061 12060 12059 12058 12057
g base_silla
f 12065 12066 12067 12068
f 12069 12072 12071 12070
f 12065 12069 12070 12066
f 12066 12070 12071 12067
f 12067 12071 12072 12068
f 12068 12072 12069 12065
g rueda_silla
f 12073 12074 12082 12081
f 12074 12075 12083 12082
f 12075 12076 12084 12083
f 12076 12077 12085 12084
f 12077 12078 12086 12085
f 12078 12079 12087 12086
f 12079 12080 12088 12087
f 12080 12073 12081 12088
f 12073 12074 12075 12076 12077 12078 12079 12080
f 12088 12087 12086 12085 12084 12083 12082 12081
g base_silla
f 12089 12090 12091 12092
f 12093 12096 12095 12094
f 12089 12093 12094 12090
f 12090 12094 12095 12091
f 12091 12095 12096 12092
f 12092 12096 12093 12089
g rueda_silla
f 12097 12098 12106 12105
f 12098 12099 12107 12106
f 12099 12100 12108 12107
f 12100 12101 12109 12108
f 12101 12102 12110 12109
f 12102 12103 12111 12110
f 12103 12104 12112 12111
f 12104 12097 12105 12112
f 12097 12098 12099 12100 12101 12102 12103 12104
f 12112 12111 12110 12109 12108 12107 12106 12105
g base_silla
f 12113 12114 12115 12116
f 12117 12120 12119 12118
f 12113 12117 12118 12114
f 12114 12118 12119 12115
f 12115 12119 12120 12116
f 12116 12120 12117 12113
g rueda_silla
f 12121 12122 12130 12129
f 12122 12123 12131 12130
f 12123 12124 12132 12131
f 12124 12125 12133 12132
f 12125 12126 12134 12133
f 12126 12127 12135 12134
f 12127 12128 12136 12135
f 12128 12121 12129 12136
f 12121 12122 12123 12124 12125 12126 12127 12128
f 12136 12135 12134 12133 12132 12131 12130 12129
g base_silla
f 12137 12138 12139 12140
f 12141 12144 12143 12142
f 12137 12141 12142 12138
f 12138 12142 12143 12139
f 12139 12143 12144 12140
f 12140 12144 12141 12137
g rueda_silla
f 12145 12146 12154 12153
f 12146 12147 12155 12154
f 12147 12148 12156 12155
f 12148 12149 12157 12156
f 12149 12150 12158 12157
f 12150 12151 12159 12158
f 12151 12152 12160 12159
f 12152 12145 12153 12160
f 12145 12146 12147 12148 12149 12150 12151 12152
f 12160 12159 12158 12157 12156 12155 12154 12153
g base_silla
f 12161 12162 12172 12171
f 12162 12163 12173 12172
f 12163 12164 12174 12173
f 12164 12165 12175 12174
f 12165 12166 12176 12175
f 12166 12167 12177 12176
f 12167 12168 12178 12177
f 12168 12169 12179 12178
f 12169 12170 12180 12179
f 12170 12161 12171 12180
f 12161 12162 12163 12164 12165 12166 12167 12168 12169 12170
f 12180 12179 12178 12177 12176 12175 12174 12173 12172 12171
g columna_silla
f 12181 12182 12192 12191
f 12182 12183 12193 12192
f 12183 12184 12194 12193
f 12184 12185 12195 12194
f 12185 12186 12196 12195
f 12186 12187 12197 12196
f 12187 12188 12198 12197
f 12188 12189 12199 12198
f 12189 12190 12200 12199
f 12190 12181 12191 12200
f 12181 12182 12183 12184 12185 12186 12187 12188 12189 12190
f 12200 12199 12198 12197 12196 12195 12194 12193 12192 12191
g columna_silla
f 12201 12202 12212 12211
f 12202 12203 12213 12212
f 12203 12204 12214 12213
f 12204 12205 12215 12214
f 12205 12206 12216 12215
f 12206 12207 12217 12216
f 12207 12208 12218 12217
f 12208 12209 12219 12218
f 12209 12210 12220 12219
f 12210 12201 12211 12220
f 12201 12202 12203 12204 12205 12206 12207 12208 12209 12210
f 12220 12219 12218 12217 12216 12215 12214 12213 12212 12211
g SILLA
f 12221 12222 12223 12224
f 12225 12228 12227 12226
f 12221 12225 12226 12222
f 12222 12226 12227 12223
f 12223 12227 12228 12224
f 12224 12228 12225 12221
g SILLA
f 12229 12230 12231 12232
f 12233 12236 12235 12234
f 12229 12233 12234 12230
f 12230 12234 12235 12231
f 12231 12235 12236 12232
f 12232 12236 12233 12229
g marco_silla
f 12237 12238 12239 12240
f 12241 12244 12243 12242
f 12237 12241 12242 12238
f 12238 12242 12243 12239
f 12239 12243 12244 12240
f 12240 12244 12241 12237
g marco_silla
f 12245 12246 12247 12248
f 12249 12252 12251 12250
f 12245 12249 12250 12246
f 12246 12250 12251 12247
f 12247 12251 12252 12248
f 12248 12252 12249 12245
g SILLA
f 12253 12254 12255 12256
f 12257 12260 12259 12258
f 12253 12257 12258 12254
f 12254 12258 12259 12255
f 12255 12259 12260 12256
f 12256 12260 12257 12253
g marco_silla
f 12261 12262 12263 12264
f 12265 12268 12267 12266
f 12261 12265 12266 12262
f 12262 12266 12267 12263
f 12263 12267 12268 12264
f 12264 12268 12265 12261
g marco_silla
f 12269 12270 12271 12272
f 12273 12276 12275 12274
f 12269 12273 12274 12270
f 12270 12274 12275 12271
f 12271 12275 12276 12272
f 12272 12276 12273 12269
g SILLA
f 12277 12278 12279 12280
f 12281 12284 12283 12282
f 12277 12281 12282 12278
f 12278 12282 12283 12279
f 12279 12283 12284 12280
f 12280 12284 12281 12277
g marco_silla
f 12285 12286 12287 12288
f 12289 12292 12291 12290
f 12285 12289 12290 12286
f 12286 12290 12291 12287
f 12287 12291 12292 12288
f 12288 12292 12289 12285
g marco_silla
f 12293 12294 12295 12296
f 12297 12300 12299 12298
f 12293 12297 12298 12294
f 12294 12298 12299 12295
f 12295 12299 12300 12296
f 12296 12300 12297 12293
g SILLA
f 12301 12302 12303 12304
f 12305 12308 12307 12306
f 12301 12305 12306 12302
f 12302 12306 12307 12303
f 12303 12307 12308 12304
f 12304 12308 12305 12301
g marco_silla
f 12309 12310 12311 12312
f 12313 12316 12315 12314
f 12309 12313 12314 12310
f 12310 12314 12315 12311
f 12311 12315 12316 12312
f 12312 12316 12313 12309
g marco_silla
f 12317 12318 12319 12320
f 12321 12324 12323 12322
f 12317 12321 12322 12318
f 12318 12322 12323 12319
f 12319 12323 12324 12320
f 12320 12324 12321 12317
g brazo_silla
f 12325 12326 12327 12328
f 12329 12332 12331 12330
f 12325 12329 12330 12326
f 12326 12330 12331 12327
f 12327 12331 12332 12328
f 12328 12332 12329 12325
g brazo_silla
f 12333 12334 12335 12336
f 12337 12340 12339 12338
f 12333 12337 12338 12334
f 12334 12338 12339 12335
f 12335 12339 12340 12336
f 12336 12340 12337 12333
g brazo_silla
f 12341 12342 12343 12344
f 12345 12348 12347 12346
f 12341 12345 12346 12342
f 12342 12346 12347 12343
f 12343 12347 12348 12344
f 12344 12348 12345 12341
g brazo_silla
f 12349 12350 12351 12352
f 12353 12356 12355 12354
f 12349 12353 12354 12350
f 12350 12354 12355 12351
f 12351 12355 12356 12352
f 12352 12356 12353 12349
g base_silla
f 12357 12358 12359 12360
f 12361 12364 12363 12362
f 12357 12361 12362 12358
f 12358 12362 12363 12359
f 12359 12363 12364 12360
f 12360 12364 12361 12357
g rueda_silla
f 12365 12366 12374 12373
f 12366 12367 12375 12374
f 12367 12368 12376 12375
f 12368 12369 12377 12376
f 12369 12370 12378 12377
f 12370 12371 12379 12378
f 12371 12372 12380 12379
f 12372 12365 12373 12380
f 12365 12366 12367 12368 12369 12370 12371 12372
f 12380 12379 12378 12377 12376 12375 12374 12373
g base_silla
f 12381 12382 12383 12384
f 12385 12388 12387 12386
f 12381 12385 12386 12382
f 12382 12386 12387 12383
f 12383 12387 12388 12384
f 12384 12388 12385 12381
g rueda_silla
f 12389 12390 12398 12397
f 12390 12391 12399 12398
f 12391 12392 12400 12399
f 12392 12393 12401 12400
f 12393 12394 12402 12401
f 12394 12395 12403 12402
f 12395 12396 12404 12403
f 12396 12389 12397 12404
f 12389 12390 12391 12392 12393 12394 12395 12396
f 12404 12403 12402 12401 12400 12399 12398 12397
g base_silla
f 12405 12406 12407 12408
f 12409 12412 12411 12410
f 12405 12409 12410 12406
f 12406 12410 12411 12407
f 12407 12411 12412 12408
f 12408 12412 12409 12405
g rueda_silla
f 12413 12414 12422 12421
f 12414 12415 12423 12422
f 12415 12416 12424 12423
f 12416 12417 12425 12424
f 12417 12418 12426 12425
f 12418 12419 12427 12426
f 12419 12420 12428 12427
f 12420 12413 12421 12428
f 12413 12414 12415 12416 12417 12418 12419 12420
f 12428 12427 12426 12425 12424 12423 12422 12421
g base_silla
f 12429 12430 12431 12432
f 12433 12436 12435 12434
f 12429 12433 12434 12430
f 12430 12434 12435 12431
f 12431 12435 12436 12432
f 12432 12436 12433 12429
g rueda_silla
f 12437 12438 12446 12445
f 12438 12439 12447 12446
f 12439 12440 12448 12447
f 12440 12441 12449 12448
f 12441 12442 12450 12449
f 12442 12443 12451 12450
f 12443 12444 12452 12451
f 12444 12437 12445 12452
f 12437 12438 12439 12440 12441 12442 12443 12444
f 12452 12451 12450 12449 12448 12447 12446 12445
g base_silla
f 12453 12454 12455 12456
f 12457 12460 12459 12458
f 12453 12457 12458 12454
f 12454 12458 12459 12455
f 12455 12459 12460 12456
f 12456 12460 12457 12453
g rueda_silla
f 12461 12462 12470 12469
f 12462 12463 12471 12470
f 12463 12464 12472 12471
f 12464 12465 12473 12472
f 12465 12466 12474 12473
f 12466 12467 12475 12474
f 12467 12468 12476 12475
f 12468 12461 12469 12476
f 12461 12462 12463 12464 12465 12466 12467 12468
f 12476 12475 12474 12473 12472 12471 12470 12469
g base_silla
f 12477 12478 12488 12487
f 12478 12479 12489 12488
f 12479 12480 12490 12489
f 12480 12481 12491 12490
f 12481 12482 12492 12491
f 12482 12483 12493 12492
f 12483 12484 12494 12493
f 12484 12485 12495 12494
f 12485 12486 12496 12495
f 12486 12477 12487 12496
f 12477 12478 12479 12480 12481 12482 12483 12484 12485 12486
f 12496 12495 12494 12493 12492 12491 12490 12489 12488 12487
g columna_silla
f 12497 12498 12508 12507
f 12498 12499 12509 12508
f 12499 12500 12510 12509
f 12500 12501 12511 12510
f 12501 12502 12512 12511
f 12502 12503 12513 12512
f 12503 12504 12514 12513
f 12504 12505 12515 12514
f 12505 12506 12516 12515
f 12506 12497 12507 12516
f 12497 12498 12499 12500 12501 12502 12503 12504 12505 12506
f 12516 12515 12514 12513 12512 12511 12510 12509 12508 12507
g columna_silla
f 12517 12518 12528 12527
f 12518 12519 12529 12528
f 12519 12520 12530 12529
f 12520 12521 12531 12530
f 12521 12522 12532 12531
f 12522 12523 12533 12532
f 12523 12524 12534 12533
f 12524 12525 12535 12534
f 12525 12526 12536 12535
f 12526 12517 12527 12536
f 12517 12518 12519 12520 12521 12522 12523 12524 12525 12526
f 12536 12535 12534 12533 12532 12531 12530 12529 12528 12527
g SILLA
f 12537 12538 12539 12540
f 12541 12544 12543 12542
f 12537 12541 12542 12538
f 12538 12542 12543 12539
f 12539 12543 12544 12540
f 12540 12544 12541 12537
g SILLA
f 12545 12546 12547 12548
f 12549 12552 12551 12550
f 12545 12549 12550 12546
f 12546 12550 12551 12547
f 12547 12551 12552 12548
f 12548 12552 12549 12545
g marco_silla
f 12553 12554 12555 12556
f 12557 12560 12559 12558
f 12553 12557 12558 12554
f 12554 12558 12559 12555
f 12555 12559 12560 12556
f 12556 12560 12557 12553
g marco_silla
f 12561 12562 12563 12564
f 12565 12568 12567 12566
f 12561 12565 12566 12562
f 12562 12566 12567 12563
f 12563 12567 12568 12564
f 12564 12568 12565 12561
g SILLA
f 12569 12570 12571 12572
f 12573 12576 12575 12574
f 12569 12573 12574 12570
f 12570 12574 12575 12571
f 12571 12575 12576 12572
f 12572 12576 12573 12569
g marco_silla
f 12577 12578 12579 12580
f 12581 12584 12583 12582
f 12577 12581 12582 12578
f 12578 12582 12583 12579
f 12579 12583 12584 12580
f 12580 12584 12581 12577
g marco_silla
f 12585 12586 12587 12588
f 12589 12592 12591 12590
f 12585 12589 12590 12586
f 12586 12590 12591 12587
f 12587 12591 12592 12588
f 12588 12592 12589 12585
g SILLA
f 12593 12594 12595 12596
f 12597 12600 12599 12598
f 12593 12597 12598 12594
f 12594 12598 12599 12595
f 12595 12599 12600 12596
f 12596 12600 12597 12593
g marco_silla
f 12601 12602 12603 12604
f 12605 12608 12607 12606
f 12601 12605 12606 12602
f 12602 12606 12607 12603
f 12603 12607 12608 12604
f 12604 12608 12605 12601
g marco_silla
f 12609 12610 12611 12612
f 12613 12616 12615 12614
f 12609 12613 12614 12610
f 12610 12614 12615 12611
f 12611 12615 12616 12612
f 12612 12616 12613 12609
g SILLA
f 12617 12618 12619 12620
f 12621 12624 12623 12622
f 12617 12621 12622 12618
f 12618 12622 12623 12619
f 12619 12623 12624 12620
f 12620 12624 12621 12617
g marco_silla
f 12625 12626 12627 12628
f 12629 12632 12631 12630
f 12625 12629 12630 12626
f 12626 12630 12631 12627
f 12627 12631 12632 12628
f 12628 12632 12629 12625
g marco_silla
f 12633 12634 12635 12636
f 12637 12640 12639 12638
f 12633 12637 12638 12634
f 12634 12638 12639 12635
f 12635 12639 12640 12636
f 12636 12640 12637 12633
g brazo_silla
f 12641 12642 12643 12644
f 12645 12648 12647 12646
f 12641 12645 12646 12642
f 12642 12646 12647 12643
f 12643 12647 12648 12644
f 12644 12648 12645 12641
g brazo_silla
f 12649 12650 12651 12652
f 12653 12656 12655 12654
f 12649 12653 12654 12650
f 12650 12654 12655 12651
f 12651 12655 12656 12652
f 12652 12656 12653 12649
g brazo_silla
f 12657 12658 12659 12660
f 12661 12664 12663 12662
f 12657 12661 12662 12658
f 12658 12662 12663 12659
f 12659 12663 12664 12660
f 12660 12664 12661 12657
g brazo_silla
f 12665 12666 12667 12668
f 12669 12672 12671 12670
f 12665 12669 12670 12666
f 12666 12670 12671 12667
f 12667 12671 12672 12668
f 12668 12672 12669 12665
g punto_cafe
f 12673 12674 12675 12676
f 12677 12680 12679 12678
f 12673 12677 12678 12674
f 12674 12678 12679 12675
f 12675 12679 12680 12676
f 12676 12680 12677 12673
g pata
f 12681 12682 12683 12684
f 12685 12688 12687 12686
f 12681 12685 12686 12682
f 12682 12686 12687 12683
f 12683 12687 12688 12684
f 12684 12688 12685 12681
g pata
f 12689 12690 12691 12692
f 12693 12696 12695 12694
f 12689 12693 12694 12690
f 12690 12694 12695 12691
f 12691 12695 12696 12692
f 12692 12696 12693 12689
g pata
f 12697 12698 12699 12700
f 12701 12704 12703 12702
f 12697 12701 12702 12698
f 12698 12702 12703 12699
f 12699 12703 12704 12700
f 12700 12704 12701 12697
g pata
f 12705 12706 12707 12708
f 12709 12712 12711 12710
f 12705 12709 12710 12706
f 12706 12710 12711 12707
f 12707 12711 12712 12708
f 12708 12712 12709 12705
g escritorio_pecera
f 12713 12714 12715 12716
f 12717 12720 12719 12718
f 12713 12717 12718 12714
f 12714 12718 12719 12715
f 12715 12719 12720 12716
f 12716 12720 12717 12713
g pata
f 12721 12722 12723 12724
f 12725 12728 12727 12726
f 12721 12725 12726 12722
f 12722 12726 12727 12723
f 12723 12727 12728 12724
f 12724 12728 12725 12721
g pata
f 12729 12730 12731 12732
f 12733 12736 12735 12734
f 12729 12733 12734 12730
f 12730 12734 12735 12731
f 12731 12735 12736 12732
f 12732 12736 12733 12729
g pata
f 12737 12738 12739 12740
f 12741 12744 12743 12742
f 12737 12741 12742 12738
f 12738 12742 12743 12739
f 12739 12743 12744 12740
f 12740 12744 12741 12737
g pata
f 12745 12746 12747 12748
f 12749 12752 12751 12750
f 12745 12749 12750 12746
f 12746 12750 12751 12747
f 12747 12751 12752 12748
f 12748 12752 12749 12745
g base_silla
f 12753 12754 12755 12756
f 12757 12760 12759 12758
f 12753 12757 12758 12754
f 12754 12758 12759 12755
f 12755 12759 12760 12756
f 12756 12760 12757 12753
g rueda_silla
f 12761 12762 12770 12769
f 12762 12763 12771 12770
f 12763 12764 12772 12771
f 12764 12765 12773 12772
f 12765 12766 12774 12773
f 12766 12767 12775 12774
f 12767 12768 12776 12775
f 12768 12761 12769 12776
f 12761 12762 12763 12764 12765 12766 12767 12768
f 12776 12775 12774 12773 12772 12771 12770 12769
g base_silla
f 12777 12778 12779 12780
f 12781 12784 12783 12782
f 12777 12781 12782 12778
f 12778 12782 12783 12779
f 12779 12783 12784 12780
f 12780 12784 12781 12777
g rueda_silla
f 12785 12786 12794 12793
f 12786 12787 12795 12794
f 12787 12788 12796 12795
f 12788 12789 12797 12796
f 12789 12790 12798 12797
f 12790 12791 12799 12798
f 12791 12792 12800 12799
f 12792 12785 12793 12800
f 12785 12786 12787 12788 12789 12790 12791 12792
f 12800 12799 12798 12797 12796 12795 12794 12793
g base_silla
f 12801 12802 12803 12804
f 12805 12808 12807 12806
f 12801 12805 12806 12802
f 12802 12806 12807 12803
f 12803 12807 12808 12804
f 12804 12808 12805 12801
g rueda_silla
f 12809 12810 12818 12817
f 12810 12811 12819 12818
f 12811 12812 12820 12819
f 12812 12813 12821 12820
f 12813 12814 12822 12821
f 12814 12815 12823 12822
f 12815 12816 12824 12823
f 12816 12809 12817 12824
f 12809 12810 12811 12812 12813 12814 12815 12816
f 12824 12823 12822 12821 12820 12819 12818 12817
g base_silla
f 12825 12826 12827 12828
f 12829 12832 12831 12830
f 12825 12829 12830 12826
f 12826 12830 12831 12827
f 12827 12831 12832 12828
f 12828 12832 12829 12825
g rueda_silla
f 12833 12834 12842 12841
f 12834 12835 12843 12842
f 12835 12836 12844 12843
f 12836 12837 12845 12844
f 12837 12838 12846 12845
f 12838 12839 12847 12846
f 12839 12840 12848 12847
f 12840 12833 12841 12848
f 12833 12834 12835 12836 12837 12838 12839 12840
f 12848 12847 12846 12845 12844 12843 12842 12841
g base_silla
f 12849 12850 12851 12852
f 12853 12856 12855 12854
f 12849 12853 12854 12850
f 12850 12854 12855 12851
f 12851 12855 12856 12852
f 12852 12856 12853 12849
g rueda_silla
f 12857 12858 12866 12865
f 12858 12859 12867 12866
f 12859 12860 12868 12867
f 12860 12861 12869 12868
f 12861 12862 12870 12869
f 12862 12863 12871 12870
f 12863 12864 12872 12871
f 12864 12857 12865 12872
f 12857 12858 12859 12860 12861 12862 12863 12864
f 12872 12871 12870 12869 12868 12867 12866 12865
g base_silla
f 12873 12874 12884 12883
f 12874 12875 12885 12884
f 12875 12876 12886 12885
f 12876 12877 12887 12886
f 12877 12878 12888 12887
f 12878 12879 12889 12888
f 12879 12880 12890 12889
f 12880 12881 12891 12890
f 12881 12882 12892 12891
f 12882 12873 12883 12892
f 12873 12874 12875 12876 12877 12878 12879 12880 12881 12882
f 12892 12891 12890 12889 12888 12887 12886 12885 12884 12883
g columna_silla
f 12893 12894 12904 12903
f 12894 12895 12905 12904
f 12895 12896 12906 12905
f 12896 12897 12907 12906
f 12897 12898 12908 12907
f 12898 12899 12909 12908
f 12899 12900 12910 12909
f 12900 12901 12911 12910
f 12901 12902 12912 12911
f 12902 12893 12903 12912
f 12893 12894 12895 12896 12897 12898 12899 12900 12901 12902
f 12912 12911 12910 12909 12908 12907 12906 12905 12904 12903
g columna_silla
f 12913 12914 12924 12923
f 12914 12915 12925 12924
f 12915 12916 12926 12925
f 12916 12917 12927 12926
f 12917 12918 12928 12927
f 12918 12919 12929 12928
f 12919 12920 12930 12929
f 12920 12921 12931 12930
f 12921 12922 12932 12931
f 12922 12913 12923 12932
f 12913 12914 12915 12916 12917 12918 12919 12920 12921 12922
f 12932 12931 12930 12929 12928 12927 12926 12925 12924 12923
g SILLA
f 12933 12934 12935 12936
f 12937 12940 12939 12938
f 12933 12937 12938 12934
f 12934 12938 12939 12935
f 12935 12939 12940 12936
f 12936 12940 12937 12933
g SILLA
f 12941 12942 12943 12944
f 12945 12948 12947 12946
f 12941 12945 12946 12942
f 12942 12946 12947 12943
f 12943 12947 12948 12944
f 12944 12948 12945 12941
g marco_silla
f 12949 12950 12951 12952
f 12953 12956 12955 12954
f 12949 12953 12954 12950
f 12950 12954 12955 12951
f 12951 12955 12956 12952
f 12952 12956 12953 12949
g marco_silla
f 12957 12958 12959 12960
f 12961 12964 12963 12962
f 12957 12961 12962 12958
f 12958 12962 12963 12959
f 12959 12963 12964 12960
f 12960 12964 12961 12957
g SILLA
f 12965 12966 12967 12968
f 12969 12972 12971 12970
f 12965 12969 12970 12966
f 12966 12970 12971 12967
f 12967 12971 12972 12968
f 12968 12972 12969 12965
g marco_silla
f 12973 12974 12975 12976
f 12977 12980 12979 12978
f 12973 12977 12978 12974
f 12974 12978 12979 12975
f 12975 12979 12980 12976
f 12976 12980 12977 12973
g marco_silla
f 12981 12982 12983 12984
f 12985 12988 12987 12986
f 12981 12985 12986 12982
f 12982 12986 12987 12983
f 12983 12987 12988 12984
f 12984 12988 12985 12981
g SILLA
f 12989 12990 12991 12992
f 12993 12996 12995 12994
f 12989 12993 12994 12990
f 12990 12994 12995 12991
f 12991 12995 12996 12992
f 12992 12996 12993 12989
g marco_silla
f 12997 12998 12999 13000
f 13001 13004 13003 13002
f 12997 13001 13002 12998
f 12998 13002 13003 12999
f 12999 13003 13004 13000
f 13000 13004 13001 12997
g marco_silla
f 13005 13006 13007 13008
f 13009 13012 13011 13010
f 13005 13009 13010 13006
f 13006 13010 13011 13007
f 13007 13011 13012 13008
f 13008 13012 13009 13005
g SILLA
f 13013 13014 13015 13016
f 13017 13020 13019 13018
f 13013 13017 13018 13014
f 13014 13018 13019 13015
f 13015 13019 13020 13016
f 13016 13020 13017 13013
g marco_silla
f 13021 13022 13023 13024
f 13025 13028 13027 13026
f 13021 13025 13026 13022
f 13022 13026 13027 13023
f 13023 13027 13028 13024
f 13024 13028 13025 13021
g marco_silla
f 13029 13030 13031 13032
f 13033 13036 13035 13034
f 13029 13033 13034 13030
f 13030 13034 13035 13031
f 13031 13035 13036 13032
f 13032 13036 13033 13029
g brazo_silla
f 13037 13038 13039 13040
f 13041 13044 13043 13042
f 13037 13041 13042 13038
f 13038 13042 13043 13039
f 13039 13043 13044 13040
f 13040 13044 13041 13037
g brazo_silla
f 13045 13046 13047 13048
f 13049 13052 13051 13050
f 13045 13049 13050 13046
f 13046 13050 13051 13047
f 13047 13051 13052 13048
f 13048 13052 13049 13045
g brazo_silla
f 13053 13054 13055 13056
f 13057 13060 13059 13058
f 13053 13057 13058 13054
f 13054 13058 13059 13055
f 13055 13059 13060 13056
f 13056 13060 13057 13053
g brazo_silla
f 13061 13062 13063 13064
f 13065 13068 13067 13066
f 13061 13065 13066 13062
f 13062 13066 13067 13063
f 13063 13067 13068 13064
f 13064 13068 13065 13061
g base_silla
f 13069 13070 13071 13072
f 13073 13076 13075 13074
f 13069 13073 13074 13070
f 13070 13074 13075 13071
f 13071 13075 13076 13072
f 13072 13076 13073 13069
g rueda_silla
f 13077 13078 13086 13085
f 13078 13079 13087 13086
f 13079 13080 13088 13087
f 13080 13081 13089 13088
f 13081 13082 13090 13089
f 13082 13083 13091 13090
f 13083 13084 13092 13091
f 13084 13077 13085 13092
f 13077 13078 13079 13080 13081 13082 13083 13084
f 13092 13091 13090 13089 13088 13087 13086 13085
g base_silla
f 13093 13094 13095 13096
f 13097 13100 13099 13098
f 13093 13097 13098 13094
f 13094 13098 13099 13095
f 13095 13099 13100 13096
f 13096 13100 13097 13093
g rueda_silla
f 13101 13102 13110 13109
f 13102 13103 13111 13110
f 13103 13104 13112 13111
f 13104 13105 13113 13112
f 13105 13106 13114 13113
f 13106 13107 13115 13114
f 13107 13108 13116 13115
f 13108 13101 13109 13116
f 13101 13102 13103 13104 13105 13106 13107 13108
f 13116 13115 13114 13113 13112 13111 13110 13109
g base_silla
f 13117 13118 13119 13120
f 13121 13124 13123 13122
f 13117 13121 13122 13118
f 13118 13122 13123 13119
f 13119 13123 13124 13120
f 13120 13124 13121 13117
g rueda_silla
f 13125 13126 13134 13133
f 13126 13127 13135 13134
f 13127 13128 13136 13135
f 13128 13129 13137 13136
f 13129 13130 13138 13137
f 13130 13131 13139 13138
f 13131 13132 13140 13139
f 13132 13125 13133 13140
f 13125 13126 13127 13128 13129 13130 13131 13132
f 13140 13139 13138 13137 13136 13135 13134 13133
g base_silla
f 13141 13142 13143 13144
f 13145 13148 13147 13146
f 13141 13145 13146 13142
f 13142 13146 13147 13143
f 13143 13147 13148 13144
f 13144 13148 13145 13141
g rueda_silla
f 13149 13150 13158 13157
f 13150 13151 13159 13158
f 13151 13152 13160 13159
f 13152 13153 13161 13160
f 13153 13154 13162 13161
f 13154 13155 13163 13162
f 13155 13156 13164 13163
f 13156 13149 13157 13164
f 13149 13150 13151 13152 13153 13154 13155 13156
f 13164 13163 13162 13161 13160 13159 13158 13157
g base_silla
f 13165 13166 13167 13168
f 13169 13172 13171 13170
f 13165 13169 13170 13166
f 13166 13170 13171 13167
f 13167 13171 13172 13168
f 13168 13172 13169 13165
g rueda_silla
f 13173 13174 13182 13181
f 13174 13175 13183 13182
f 13175 13176 13184 13183
f 13176 13177 13185 13184
f 13177 13178 13186 13185
f 13178 13179 13187 13186
f 13179 13180 13188 13187
f 13180 13173 13181 13188
f 13173 13174 13175 13176 13177 13178 13179 13180
f 13188 13187 13186 13185 13184 13183 13182 13181
g base_silla
f 13189 13190 13200 13199
f 13190 13191 13201 13200
f 13191 13192 13202 13201
f 13192 13193 13203 13202
f 13193 13194 13204 13203
f 13194 13195 13205 13204
f 13195 13196 13206 13205
f 13196 13197 13207 13206
f 13197 13198 13208 13207
f 13198 13189 13199 13208
f 13189 13190 13191 13192 13193 13194 13195 13196 13197 13198
f 13208 13207 13206 13205 13204 13203 13202 13201 13200 13199
g columna_silla
f 13209 13210 13220 13219
f 13210 13211 13221 13220
f 13211 13212 13222 13221
f 13212 13213 13223 13222
f 13213 13214 13224 13223
f 13214 13215 13225 13224
f 13215 13216 13226 13225
f 13216 13217 13227 13226
f 13217 13218 13228 13227
f 13218 13209 13219 13228
f 13209 13210 13211 13212 13213 13214 13215 13216 13217 13218
f 13228 13227 13226 13225 13224 13223 13222 13221 13220 13219
g columna_silla
f 13229 13230 13240 13239
f 13230 13231 13241 13240
f 13231 13232 13242 13241
f 13232 13233 13243 13242
f 13233 13234 13244 13243
f 13234 13235 13245 13244
f 13235 13236 13246 13245
f 13236 13237 13247 13246
f 13237 13238 13248 13247
f 13238 13229 13239 13248
f 13229 13230 13231 13232 13233 13234 13235 13236 13237 13238
f 13248 13247 13246 13245 13244 13243 13242 13241 13240 13239
g SILLA
f 13249 13250 13251 13252
f 13253 13256 13255 13254
f 13249 13253 13254 13250
f 13250 13254 13255 13251
f 13251 13255 13256 13252
f 13252 13256 13253 13249
g SILLA
f 13257 13258 13259 13260
f 13261 13264 13263 13262
f 13257 13261 13262 13258
f 13258 13262 13263 13259
f 13259 13263 13264 13260
f 13260 13264 13261 13257
g marco_silla
f 13265 13266 13267 13268
f 13269 13272 13271 13270
f 13265 13269 13270 13266
f 13266 13270 13271 13267
f 13267 13271 13272 13268
f 13268 13272 13269 13265
g marco_silla
f 13273 13274 13275 13276
f 13277 13280 13279 13278
f 13273 13277 13278 13274
f 13274 13278 13279 13275
f 13275 13279 13280 13276
f 13276 13280 13277 13273
g SILLA
f 13281 13282 13283 13284
f 13285 13288 13287 13286
f 13281 13285 13286 13282
f 13282 13286 13287 13283
f 13283 13287 13288 13284
f 13284 13288 13285 13281
g marco_silla
f 13289 13290 13291 13292
f 13293 13296 13295 13294
f 13289 13293 13294 13290
f 13290 13294 13295 13291
f 13291 13295 13296 13292
f 13292 13296 13293 13289
g marco_silla
f 13297 13298 13299 13300
f 13301 13304 13303 13302
f 13297 13301 13302 13298
f 13298 13302 13303 13299
f 13299 13303 13304 13300
f 13300 13304 13301 13297
g SILLA
f 13305 13306 13307 13308
f 13309 13312 13311 13310
f 13305 13309 13310 13306
f 13306 13310 13311 13307
f 13307 13311 13312 13308
f 13308 13312 13309 13305
g marco_silla
f 13313 13314 13315 13316
f 13317 13320 13319 13318
f 13313 13317 13318 13314
f 13314 13318 13319 13315
f 13315 13319 13320 13316
f 13316 13320 13317 13313
g marco_silla
f 13321 13322 13323 13324
f 13325 13328 13327 13326
f 13321 13325 13326 13322
f 13322 13326 13327 13323
f 13323 13327 13328 13324
f 13324 13328 13325 13321
g SILLA
f 13329 13330 13331 13332
f 13333 13336 13335 13334
f 13329 13333 13334 13330
f 13330 13334 13335 13331
f 13331 13335 13336 13332
f 13332 13336 13333 13329
g marco_silla
f 13337 13338 13339 13340
f 13341 13344 13343 13342
f 13337 13341 13342 13338
f 13338 13342 13343 13339
f 13339 13343 13344 13340
f 13340 13344 13341 13337
g marco_silla
f 13345 13346 13347 13348
f 13349 13352 13351 13350
f 13345 13349 13350 13346
f 13346 13350 13351 13347
f 13347 13351 13352 13348
f 13348 13352 13349 13345
g brazo_silla
f 13353 13354 13355 13356
f 13357 13360 13359 13358
f 13353 13357 13358 13354
f 13354 13358 13359 13355
f 13355 13359 13360 13356
f 13356 13360 13357 13353
g brazo_silla
f 13361 13362 13363 13364
f 13365 13368 13367 13366
f 13361 13365 13366 13362
f 13362 13366 13367 13363
f 13363 13367 13368 13364
f 13364 13368 13365 13361
g brazo_silla
f 13369 13370 13371 13372
f 13373 13376 13375 13374
f 13369 13373 13374 13370
f 13370 13374 13375 13371
f 13371 13375 13376 13372
f 13372 13376 13373 13369
g brazo_silla
f 13377 13378 13379 13380
f 13381 13384 13383 13382
f 13377 13381 13382 13378
f 13378 13382 13383 13379
f 13379 13383 13384 13380
f 13380 13384 13381 13377
g base_silla
f 13385 13386 13387 13388
f 13389 13392 13391 13390
f 13385 13389 13390 13386
f 13386 13390 13391 13387
f 13387 13391 13392 13388
f 13388 13392 13389 13385
g rueda_silla
f 13393 13394 13402 13401
f 13394 13395 13403 13402
f 13395 13396 13404 13403
f 13396 13397 13405 13404
f 13397 13398 13406 13405
f 13398 13399 13407 13406
f 13399 13400 13408 13407
f 13400 13393 13401 13408
f 13393 13394 13395 13396 13397 13398 13399 13400
f 13408 13407 13406 13405 13404 13403 13402 13401
g base_silla
f 13409 13410 13411 13412
f 13413 13416 13415 13414
f 13409 13413 13414 13410
f 13410 13414 13415 13411
f 13411 13415 13416 13412
f 13412 13416 13413 13409
g rueda_silla
f 13417 13418 13426 13425
f 13418 13419 13427 13426
f 13419 13420 13428 13427
f 13420 13421 13429 13428
f 13421 13422 13430 13429
f 13422 13423 13431 13430
f 13423 13424 13432 13431
f 13424 13417 13425 13432
f 13417 13418 13419 13420 13421 13422 13423 13424
f 13432 13431 13430 13429 13428 13427 13426 13425
g base_silla
f 13433 13434 13435 13436
f 13437 13440 13439 13438
f 13433 13437 13438 13434
f 13434 13438 13439 13435
f 13435 13439 13440 13436
f 13436 13440 13437 13433
g rueda_silla
f 13441 13442 13450 13449
f 13442 13443 13451 13450
f 13443 13444 13452 13451
f 13444 13445 13453 13452
f 13445 13446 13454 13453
f 13446 13447 13455 13454
f 13447 13448 13456 13455
f 13448 13441 13449 13456
f 13441 13442 13443 13444 13445 13446 13447 13448
f 13456 13455 13454 13453 13452 13451 13450 13449
g base_silla
f 13457 13458 13459 13460
f 13461 13464 13463 13462
f 13457 13461 13462 13458
f 13458 13462 13463 13459
f 13459 13463 13464 13460
f 13460 13464 13461 13457
g rueda_silla
f 13465 13466 13474 13473
f 13466 13467 13475 13474
f 13467 13468 13476 13475
f 13468 13469 13477 13476
f 13469 13470 13478 13477
f 13470 13471 13479 13478
f 13471 13472 13480 13479
f 13472 13465 13473 13480
f 13465 13466 13467 13468 13469 13470 13471 13472
f 13480 13479 13478 13477 13476 13475 13474 13473
g base_silla
f 13481 13482 13483 13484
f 13485 13488 13487 13486
f 13481 13485 13486 13482
f 13482 13486 13487 13483
f 13483 13487 13488 13484
f 13484 13488 13485 13481
g rueda_silla
f 13489 13490 13498 13497
f 13490 13491 13499 13498
f 13491 13492 13500 13499
f 13492 13493 13501 13500
f 13493 13494 13502 13501
f 13494 13495 13503 13502
f 13495 13496 13504 13503
f 13496 13489 13497 13504
f 13489 13490 13491 13492 13493 13494 13495 13496
f 13504 13503 13502 13501 13500 13499 13498 13497
g base_silla
f 13505 13506 13516 13515
f 13506 13507 13517 13516
f 13507 13508 13518 13517
f 13508 13509 13519 13518
f 13509 13510 13520 13519
f 13510 13511 13521 13520
f 13511 13512 13522 13521
f 13512 13513 13523 13522
f 13513 13514 13524 13523
f 13514 13505 13515 13524
f 13505 13506 13507 13508 13509 13510 13511 13512 13513 13514
f 13524 13523 13522 13521 13520 13519 13518 13517 13516 13515
g columna_silla
f 13525 13526 13536 13535
f 13526 13527 13537 13536
f 13527 13528 13538 13537
f 13528 13529 13539 13538
f 13529 13530 13540 13539
f 13530 13531 13541 13540
f 13531 13532 13542 13541
f 13532 13533 13543 13542
f 13533 13534 13544 13543
f 13534 13525 13535 13544
f 13525 13526 13527 13528 13529 13530 13531 13532 13533 13534
f 13544 13543 13542 13541 13540 13539 13538 13537 13536 13535
g columna_silla
f 13545 13546 13556 13555
f 13546 13547 13557 13556
f 13547 13548 13558 13557
f 13548 13549 13559 13558
f 13549 13550 13560 13559
f 13550 13551 13561 13560
f 13551 13552 13562 13561
f 13552 13553 13563 13562
f 13553 13554 13564 13563
f 13554 13545 13555 13564
f 13545 13546 13547 13548 13549 13550 13551 13552 13553 13554
f 13564 13563 13562 13561 13560 13559 13558 13557 13556 13555
g SILLA
f 13565 13566 13567 13568
f 13569 13572 13571 13570
f 13565 13569 13570 13566
f 13566 13570 13571 13567
f 13567 13571 13572 13568
f 13568 13572 13569 13565
g SILLA
f 13573 13574 13575 13576
f 13577 13580 13579 13578
f 13573 13577 13578 13574
f 13574 13578 13579 13575
f 13575 13579 13580 13576
f 13576 13580 13577 13573
g marco_silla
f 13581 13582 13583 13584
f 13585 13588 13587 13586
f 13581 13585 13586 13582
f 13582 13586 13587 13583
f 13583 13587 13588 13584
f 13584 13588 13585 13581
g marco_silla
f 13589 13590 13591 13592
f 13593 13596 13595 13594
f 13589 13593 13594 13590
f 13590 13594 13595 13591
f 13591 13595 13596 13592
f 13592 13596 13593 13589
g SILLA
f 13597 13598 13599 13600
f 13601 13604 13603 13602
f 13597 13601 13602 13598
f 13598 13602 13603 13599
f 13599 13603 13604 13600
f 13600 13604 13601 13597
g marco_silla
f 13605 13606 13607 13608
f 13609 13612 13611 13610
f 13605 13609 13610 13606
f 13606 13610 13611 13607
f 13607 13611 13612 13608
f 13608 13612 13609 13605
g marco_silla
f 13613 13614 13615 13616
f 13617 13620 13619 13618
f 13613 13617 13618 13614
f 13614 13618 13619 13615
f 13615 13619 13620 13616
f 13616 13620 13617 13613
g SILLA
f 13621 13622 13623 13624
f 13625 13628 13627 13626
f 13621 13625 13626 13622
f 13622 13626 13627 13623
f 13623 13627 13628 13624
f 13624 13628 13625 13621
g marco_silla
f 13629 13630 13631 13632
f 13633 13636 13635 13634
f 13629 13633 13634 13630
f 13630 13634 13635 13631
f 13631 13635 13636 13632
f 13632 13636 13633 13629
g marco_silla
f 13637 13638 13639 13640
f 13641 13644 13643 13642
f 13637 13641 13642 13638
f 13638 13642 13643 13639
f 13639 13643 13644 13640
f 13640 13644 13641 13637
g SILLA
f 13645 13646 13647 13648
f 13649 13652 13651 13650
f 13645 13649 13650 13646
f 13646 13650 13651 13647
f 13647 13651 13652 13648
f 13648 13652 13649 13645
g marco_silla
f 13653 13654 13655 13656
f 13657 13660 13659 13658
f 13653 13657 13658 13654
f 13654 13658 13659 13655
f 13655 13659 13660 13656
f 13656 13660 13657 13653
g marco_silla
f 13661 13662 13663 13664
f 13665 13668 13667 13666
f 13661 13665 13666 13662
f 13662 13666 13667 13663
f 13663 13667 13668 13664
f 13664 13668 13665 13661
g brazo_silla
f 13669 13670 13671 13672
f 13673 13676 13675 13674
f 13669 13673 13674 13670
f 13670 13674 13675 13671
f 13671 13675 13676 13672
f 13672 13676 13673 13669
g brazo_silla
f 13677 13678 13679 13680
f 13681 13684 13683 13682
f 13677 13681 13682 13678
f 13678 13682 13683 13679
f 13679 13683 13684 13680
f 13680 13684 13681 13677
g brazo_silla
f 13685 13686 13687 13688
f 13689 13692 13691 13690
f 13685 13689 13690 13686
f 13686 13690 13691 13687
f 13687 13691 13692 13688
f 13688 13692 13689 13685
g brazo_silla
f 13693 13694 13695 13696
f 13697 13700 13699 13698
f 13693 13697 13698 13694
f 13694 13698 13699 13695
f 13695 13699 13700 13696
f 13696 13700 13697 13693
g credenza_pecera
f 13701 13702 13703 13704
f 13705 13708 13707 13706
f 13701 13705 13706 13702
f 13702 13706 13707 13703
f 13703 13707 13708 13704
f 13704 13708 13705 13701
g rack_42U
f 13709 13710 13711 13712
f 13713 13716 13715 13714
f 13709 13713 13714 13710
f 13710 13714 13715 13711
f 13711 13715 13716 13712
f 13712 13716 13713 13709
g rack_42U
f 13717 13718 13719 13720
f 13721 13724 13723 13722
f 13717 13721 13722 13718
f 13718 13722 13723 13719
f 13719 13723 13724 13720
f 13720 13724 13721 13717
g rack_42U
f 13725 13726 13727 13728
f 13729 13732 13731 13730
f 13725 13729 13730 13726
f 13726 13730 13731 13727
f 13727 13731 13732 13728
f 13728 13732 13729 13725
g rack_42U
f 13733 13734 13735 13736
f 13737 13740 13739 13738
f 13733 13737 13738 13734
f 13734 13738 13739 13735
f 13735 13739 13740 13736
f 13736 13740 13737 13733
g ups
f 13741 13742 13743 13744
f 13745 13748 13747 13746
f 13741 13745 13746 13742
f 13742 13746 13747 13743
f 13743 13747 13748 13744
f 13744 13748 13745 13741
g tablero
f 13749 13750 13751 13752
f 13753 13756 13755 13754
f 13749 13753 13754 13750
f 13750 13754 13755 13751
f 13751 13755 13756 13752
f 13752 13756 13753 13749
g mueble_impresion
f 13757 13758 13759 13760
f 13761 13764 13763 13762
f 13757 13761 13762 13758
f 13758 13762 13763 13759
f 13759 13763 13764 13760
f 13760 13764 13761 13757
g pata
f 13765 13766 13767 13768
f 13769 13772 13771 13770
f 13765 13769 13770 13766
f 13766 13770 13771 13767
f 13767 13771 13772 13768
f 13768 13772 13769 13765
g pata
f 13773 13774 13775 13776
f 13777 13780 13779 13778
f 13773 13777 13778 13774
f 13774 13778 13779 13775
f 13775 13779 13780 13776
f 13776 13780 13777 13773
g pata
f 13781 13782 13783 13784
f 13785 13788 13787 13786
f 13781 13785 13786 13782
f 13782 13786 13787 13783
f 13783 13787 13788 13784
f 13784 13788 13785 13781
g pata
f 13789 13790 13791 13792
f 13793 13796 13795 13794
f 13789 13793 13794 13790
f 13790 13794 13795 13791
f 13791 13795 13796 13792
f 13792 13796 13793 13789
g PISO_laminado_click
f 13797 13798 13799
f 13800 13801 13802
f 13803 13804 13805
f 13806 13807 13808
f 13809 13810 13811
f 13812 13813 13814
f 13815 13816 13817
f 13818 13819 13820
f 13821 13822 13823
f 13824 13825 13826
g TECHO_drywall
f 13827 13829 13828
f 13830 13832 13831
f 13833 13835 13834
f 13836 13838 13837
f 13839 13841 13840
f 13842 13844 13843
f 13845 13847 13846
f 13848 13850 13849
f 13851 13853 13852
f 13854 13856 13855
g maceta
f 13857 13858 13868 13867
f 13858 13859 13869 13868
f 13859 13860 13870 13869
f 13860 13861 13871 13870
f 13861 13862 13872 13871
f 13862 13863 13873 13872
f 13863 13864 13874 13873
f 13864 13865 13875 13874
f 13865 13866 13876 13875
f 13866 13857 13867 13876
f 13857 13858 13859 13860 13861 13862 13863 13864 13865 13866
f 13876 13875 13874 13873 13872 13871 13870 13869 13868 13867
g tierra
f 13877 13878 13888 13887
f 13878 13879 13889 13888
f 13879 13880 13890 13889
f 13880 13881 13891 13890
f 13881 13882 13892 13891
f 13882 13883 13893 13892
f 13883 13884 13894 13893
f 13884 13885 13895 13894
f 13885 13886 13896 13895
f 13886 13877 13887 13896
f 13877 13878 13879 13880 13881 13882 13883 13884 13885 13886
f 13896 13895 13894 13893 13892 13891 13890 13889 13888 13887
g tronco
f 13897 13898 13908 13907
f 13898 13899 13909 13908
f 13899 13900 13910 13909
f 13900 13901 13911 13910
f 13901 13902 13912 13911
f 13902 13903 13913 13912
f 13903 13904 13914 13913
f 13904 13905 13915 13914
f 13905 13906 13916 13915
f 13906 13897 13907 13916
f 13897 13898 13899 13900 13901 13902 13903 13904 13905 13906
f 13916 13915 13914 13913 13912 13911 13910 13909 13908 13907
g PLANTA
f 13917 13918 13926 13925
f 13918 13919 13927 13926
f 13919 13920 13928 13927
f 13920 13921 13929 13928
f 13921 13922 13930 13929
f 13922 13923 13931 13930
f 13923 13924 13932 13931
f 13924 13917 13925 13932
f 13925 13926 13934 13933
f 13926 13927 13935 13934
f 13927 13928 13936 13935
f 13928 13929 13937 13936
f 13929 13930 13938 13937
f 13930 13931 13939 13938
f 13931 13932 13940 13939
f 13932 13925 13933 13940
f 13933 13934 13942 13941
f 13934 13935 13943 13942
f 13935 13936 13944 13943
f 13936 13937 13945 13944
f 13937 13938 13946 13945
f 13938 13939 13947 13946
f 13939 13940 13948 13947
f 13940 13933 13941 13948
f 13949 13918 13917
f 13950 13941 13942
f 13949 13919 13918
f 13950 13942 13943
f 13949 13920 13919
f 13950 13943 13944
f 13949 13921 13920
f 13950 13944 13945
f 13949 13922 13921
f 13950 13945 13946
f 13949 13923 13922
f 13950 13946 13947
f 13949 13924 13923
f 13950 13947 13948
f 13949 13917 13924
f 13950 13948 13941
g PLANTA
f 13951 13952 13960 13959
f 13952 13953 13961 13960
f 13953 13954 13962 13961
f 13954 13955 13963 13962
f 13955 13956 13964 13963
f 13956 13957 13965 13964
f 13957 13958 13966 13965
f 13958 13951 13959 13966
f 13959 13960 13968 13967
f 13960 13961 13969 13968
f 13961 13962 13970 13969
f 13962 13963 13971 13970
f 13963 13964 13972 13971
f 13964 13965 13973 13972
f 13965 13966 13974 13973
f 13966 13959 13967 13974
f 13967 13968 13976 13975
f 13968 13969 13977 13976
f 13969 13970 13978 13977
f 13970 13971 13979 13978
f 13971 13972 13980 13979
f 13972 13973 13981 13980
f 13973 13974 13982 13981
f 13974 13967 13975 13982
f 13983 13952 13951
f 13984 13975 13976
f 13983 13953 13952
f 13984 13976 13977
f 13983 13954 13953
f 13984 13977 13978
f 13983 13955 13954
f 13984 13978 13979
f 13983 13956 13955
f 13984 13979 13980
f 13983 13957 13956
f 13984 13980 13981
f 13983 13958 13957
f 13984 13981 13982
f 13983 13951 13958
f 13984 13982 13975
g PLANTA
f 13985 13986 13994 13993
f 13986 13987 13995 13994
f 13987 13988 13996 13995
f 13988 13989 13997 13996
f 13989 13990 13998 13997
f 13990 13991 13999 13998
f 13991 13992 14000 13999
f 13992 13985 13993 14000
f 13993 13994 14002 14001
f 13994 13995 14003 14002
f 13995 13996 14004 14003
f 13996 13997 14005 14004
f 13997 13998 14006 14005
f 13998 13999 14007 14006
f 13999 14000 14008 14007
f 14000 13993 14001 14008
f 14001 14002 14010 14009
f 14002 14003 14011 14010
f 14003 14004 14012 14011
f 14004 14005 14013 14012
f 14005 14006 14014 14013
f 14006 14007 14015 14014
f 14007 14008 14016 14015
f 14008 14001 14009 14016
f 14017 13986 13985
f 14018 14009 14010
f 14017 13987 13986
f 14018 14010 14011
f 14017 13988 13987
f 14018 14011 14012
f 14017 13989 13988
f 14018 14012 14013
f 14017 13990 13989
f 14018 14013 14014
f 14017 13991 13990
f 14018 14014 14015
f 14017 13992 13991
f 14018 14015 14016
f 14017 13985 13992
f 14018 14016 14009
g PLANTA
f 14019 14020 14028 14027
f 14020 14021 14029 14028
f 14021 14022 14030 14029
f 14022 14023 14031 14030
f 14023 14024 14032 14031
f 14024 14025 14033 14032
f 14025 14026 14034 14033
f 14026 14019 14027 14034
f 14027 14028 14036 14035
f 14028 14029 14037 14036
f 14029 14030 14038 14037
f 14030 14031 14039 14038
f 14031 14032 14040 14039
f 14032 14033 14041 14040
f 14033 14034 14042 14041
f 14034 14027 14035 14042
f 14035 14036 14044 14043
f 14036 14037 14045 14044
f 14037 14038 14046 14045
f 14038 14039 14047 14046
f 14039 14040 14048 14047
f 14040 14041 14049 14048
f 14041 14042 14050 14049
f 14042 14035 14043 14050
f 14051 14020 14019
f 14052 14043 14044
f 14051 14021 14020
f 14052 14044 14045
f 14051 14022 14021
f 14052 14045 14046
f 14051 14023 14022
f 14052 14046 14047
f 14051 14024 14023
f 14052 14047 14048
f 14051 14025 14024
f 14052 14048 14049
f 14051 14026 14025
f 14052 14049 14050
f 14051 14019 14026
f 14052 14050 14043
g PLANTA
f 14053 14054 14062 14061
f 14054 14055 14063 14062
f 14055 14056 14064 14063
f 14056 14057 14065 14064
f 14057 14058 14066 14065
f 14058 14059 14067 14066
f 14059 14060 14068 14067
f 14060 14053 14061 14068
f 14061 14062 14070 14069
f 14062 14063 14071 14070
f 14063 14064 14072 14071
f 14064 14065 14073 14072
f 14065 14066 14074 14073
f 14066 14067 14075 14074
f 14067 14068 14076 14075
f 14068 14061 14069 14076
f 14069 14070 14078 14077
f 14070 14071 14079 14078
f 14071 14072 14080 14079
f 14072 14073 14081 14080
f 14073 14074 14082 14081
f 14074 14075 14083 14082
f 14075 14076 14084 14083
f 14076 14069 14077 14084
f 14085 14054 14053
f 14086 14077 14078
f 14085 14055 14054
f 14086 14078 14079
f 14085 14056 14055
f 14086 14079 14080
f 14085 14057 14056
f 14086 14080 14081
f 14085 14058 14057
f 14086 14081 14082
f 14085 14059 14058
f 14086 14082 14083
f 14085 14060 14059
f 14086 14083 14084
f 14085 14053 14060
f 14086 14084 14077
g maceta
f 14087 14088 14098 14097
f 14088 14089 14099 14098
f 14089 14090 14100 14099
f 14090 14091 14101 14100
f 14091 14092 14102 14101
f 14092 14093 14103 14102
f 14093 14094 14104 14103
f 14094 14095 14105 14104
f 14095 14096 14106 14105
f 14096 14087 14097 14106
f 14087 14088 14089 14090 14091 14092 14093 14094 14095 14096
f 14106 14105 14104 14103 14102 14101 14100 14099 14098 14097
g tierra
f 14107 14108 14118 14117
f 14108 14109 14119 14118
f 14109 14110 14120 14119
f 14110 14111 14121 14120
f 14111 14112 14122 14121
f 14112 14113 14123 14122
f 14113 14114 14124 14123
f 14114 14115 14125 14124
f 14115 14116 14126 14125
f 14116 14107 14117 14126
f 14107 14108 14109 14110 14111 14112 14113 14114 14115 14116
f 14126 14125 14124 14123 14122 14121 14120 14119 14118 14117
g tronco
f 14127 14128 14138 14137
f 14128 14129 14139 14138
f 14129 14130 14140 14139
f 14130 14131 14141 14140
f 14131 14132 14142 14141
f 14132 14133 14143 14142
f 14133 14134 14144 14143
f 14134 14135 14145 14144
f 14135 14136 14146 14145
f 14136 14127 14137 14146
f 14127 14128 14129 14130 14131 14132 14133 14134 14135 14136
f 14146 14145 14144 14143 14142 14141 14140 14139 14138 14137
g PLANTA
f 14147 14148 14156 14155
f 14148 14149 14157 14156
f 14149 14150 14158 14157
f 14150 14151 14159 14158
f 14151 14152 14160 14159
f 14152 14153 14161 14160
f 14153 14154 14162 14161
f 14154 14147 14155 14162
f 14155 14156 14164 14163
f 14156 14157 14165 14164
f 14157 14158 14166 14165
f 14158 14159 14167 14166
f 14159 14160 14168 14167
f 14160 14161 14169 14168
f 14161 14162 14170 14169
f 14162 14155 14163 14170
f 14163 14164 14172 14171
f 14164 14165 14173 14172
f 14165 14166 14174 14173
f 14166 14167 14175 14174
f 14167 14168 14176 14175
f 14168 14169 14177 14176
f 14169 14170 14178 14177
f 14170 14163 14171 14178
f 14179 14148 14147
f 14180 14171 14172
f 14179 14149 14148
f 14180 14172 14173
f 14179 14150 14149
f 14180 14173 14174
f 14179 14151 14150
f 14180 14174 14175
f 14179 14152 14151
f 14180 14175 14176
f 14179 14153 14152
f 14180 14176 14177
f 14179 14154 14153
f 14180 14177 14178
f 14179 14147 14154
f 14180 14178 14171
g PLANTA
f 14181 14182 14190 14189
f 14182 14183 14191 14190
f 14183 14184 14192 14191
f 14184 14185 14193 14192
f 14185 14186 14194 14193
f 14186 14187 14195 14194
f 14187 14188 14196 14195
f 14188 14181 14189 14196
f 14189 14190 14198 14197
f 14190 14191 14199 14198
f 14191 14192 14200 14199
f 14192 14193 14201 14200
f 14193 14194 14202 14201
f 14194 14195 14203 14202
f 14195 14196 14204 14203
f 14196 14189 14197 14204
f 14197 14198 14206 14205
f 14198 14199 14207 14206
f 14199 14200 14208 14207
f 14200 14201 14209 14208
f 14201 14202 14210 14209
f 14202 14203 14211 14210
f 14203 14204 14212 14211
f 14204 14197 14205 14212
f 14213 14182 14181
f 14214 14205 14206
f 14213 14183 14182
f 14214 14206 14207
f 14213 14184 14183
f 14214 14207 14208
f 14213 14185 14184
f 14214 14208 14209
f 14213 14186 14185
f 14214 14209 14210
f 14213 14187 14186
f 14214 14210 14211
f 14213 14188 14187
f 14214 14211 14212
f 14213 14181 14188
f 14214 14212 14205
g PLANTA
f 14215 14216 14224 14223
f 14216 14217 14225 14224
f 14217 14218 14226 14225
f 14218 14219 14227 14226
f 14219 14220 14228 14227
f 14220 14221 14229 14228
f 14221 14222 14230 14229
f 14222 14215 14223 14230
f 14223 14224 14232 14231
f 14224 14225 14233 14232
f 14225 14226 14234 14233
f 14226 14227 14235 14234
f 14227 14228 14236 14235
f 14228 14229 14237 14236
f 14229 14230 14238 14237
f 14230 14223 14231 14238
f 14231 14232 14240 14239
f 14232 14233 14241 14240
f 14233 14234 14242 14241
f 14234 14235 14243 14242
f 14235 14236 14244 14243
f 14236 14237 14245 14244
f 14237 14238 14246 14245
f 14238 14231 14239 14246
f 14247 14216 14215
f 14248 14239 14240
f 14247 14217 14216
f 14248 14240 14241
f 14247 14218 14217
f 14248 14241 14242
f 14247 14219 14218
f 14248 14242 14243
f 14247 14220 14219
f 14248 14243 14244
f 14247 14221 14220
f 14248 14244 14245
f 14247 14222 14221
f 14248 14245 14246
f 14247 14215 14222
f 14248 14246 14239
g PLANTA
f 14249 14250 14258 14257
f 14250 14251 14259 14258
f 14251 14252 14260 14259
f 14252 14253 14261 14260
f 14253 14254 14262 14261
f 14254 14255 14263 14262
f 14255 14256 14264 14263
f 14256 14249 14257 14264
f 14257 14258 14266 14265
f 14258 14259 14267 14266
f 14259 14260 14268 14267
f 14260 14261 14269 14268
f 14261 14262 14270 14269
f 14262 14263 14271 14270
f 14263 14264 14272 14271
f 14264 14257 14265 14272
f 14265 14266 14274 14273
f 14266 14267 14275 14274
f 14267 14268 14276 14275
f 14268 14269 14277 14276
f 14269 14270 14278 14277
f 14270 14271 14279 14278
f 14271 14272 14280 14279
f 14272 14265 14273 14280
f 14281 14250 14249
f 14282 14273 14274
f 14281 14251 14250
f 14282 14274 14275
f 14281 14252 14251
f 14282 14275 14276
f 14281 14253 14252
f 14282 14276 14277
f 14281 14254 14253
f 14282 14277 14278
f 14281 14255 14254
f 14282 14278 14279
f 14281 14256 14255
f 14282 14279 14280
f 14281 14249 14256
f 14282 14280 14273
g PLANTA
f 14283 14284 14292 14291
f 14284 14285 14293 14292
f 14285 14286 14294 14293
f 14286 14287 14295 14294
f 14287 14288 14296 14295
f 14288 14289 14297 14296
f 14289 14290 14298 14297
f 14290 14283 14291 14298
f 14291 14292 14300 14299
f 14292 14293 14301 14300
f 14293 14294 14302 14301
f 14294 14295 14303 14302
f 14295 14296 14304 14303
f 14296 14297 14305 14304
f 14297 14298 14306 14305
f 14298 14291 14299 14306
f 14299 14300 14308 14307
f 14300 14301 14309 14308
f 14301 14302 14310 14309
f 14302 14303 14311 14310
f 14303 14304 14312 14311
f 14304 14305 14313 14312
f 14305 14306 14314 14313
f 14306 14299 14307 14314
f 14315 14284 14283
f 14316 14307 14308
f 14315 14285 14284
f 14316 14308 14309
f 14315 14286 14285
f 14316 14309 14310
f 14315 14287 14286
f 14316 14310 14311
f 14315 14288 14287
f 14316 14311 14312
f 14315 14289 14288
f 14316 14312 14313
f 14315 14290 14289
f 14316 14313 14314
f 14315 14283 14290
f 14316 14314 14307
g maceta
f 14317 14318 14328 14327
f 14318 14319 14329 14328
f 14319 14320 14330 14329
f 14320 14321 14331 14330
f 14321 14322 14332 14331
f 14322 14323 14333 14332
f 14323 14324 14334 14333
f 14324 14325 14335 14334
f 14325 14326 14336 14335
f 14326 14317 14327 14336
f 14317 14318 14319 14320 14321 14322 14323 14324 14325 14326
f 14336 14335 14334 14333 14332 14331 14330 14329 14328 14327
g tierra
f 14337 14338 14348 14347
f 14338 14339 14349 14348
f 14339 14340 14350 14349
f 14340 14341 14351 14350
f 14341 14342 14352 14351
f 14342 14343 14353 14352
f 14343 14344 14354 14353
f 14344 14345 14355 14354
f 14345 14346 14356 14355
f 14346 14337 14347 14356
f 14337 14338 14339 14340 14341 14342 14343 14344 14345 14346
f 14356 14355 14354 14353 14352 14351 14350 14349 14348 14347
g tronco
f 14357 14358 14368 14367
f 14358 14359 14369 14368
f 14359 14360 14370 14369
f 14360 14361 14371 14370
f 14361 14362 14372 14371
f 14362 14363 14373 14372
f 14363 14364 14374 14373
f 14364 14365 14375 14374
f 14365 14366 14376 14375
f 14366 14357 14367 14376
f 14357 14358 14359 14360 14361 14362 14363 14364 14365 14366
f 14376 14375 14374 14373 14372 14371 14370 14369 14368 14367
g PLANTA
f 14377 14378 14386 14385
f 14378 14379 14387 14386
f 14379 14380 14388 14387
f 14380 14381 14389 14388
f 14381 14382 14390 14389
f 14382 14383 14391 14390
f 14383 14384 14392 14391
f 14384 14377 14385 14392
f 14385 14386 14394 14393
f 14386 14387 14395 14394
f 14387 14388 14396 14395
f 14388 14389 14397 14396
f 14389 14390 14398 14397
f 14390 14391 14399 14398
f 14391 14392 14400 14399
f 14392 14385 14393 14400
f 14393 14394 14402 14401
f 14394 14395 14403 14402
f 14395 14396 14404 14403
f 14396 14397 14405 14404
f 14397 14398 14406 14405
f 14398 14399 14407 14406
f 14399 14400 14408 14407
f 14400 14393 14401 14408
f 14409 14378 14377
f 14410 14401 14402
f 14409 14379 14378
f 14410 14402 14403
f 14409 14380 14379
f 14410 14403 14404
f 14409 14381 14380
f 14410 14404 14405
f 14409 14382 14381
f 14410 14405 14406
f 14409 14383 14382
f 14410 14406 14407
f 14409 14384 14383
f 14410 14407 14408
f 14409 14377 14384
f 14410 14408 14401
g PLANTA
f 14411 14412 14420 14419
f 14412 14413 14421 14420
f 14413 14414 14422 14421
f 14414 14415 14423 14422
f 14415 14416 14424 14423
f 14416 14417 14425 14424
f 14417 14418 14426 14425
f 14418 14411 14419 14426
f 14419 14420 14428 14427
f 14420 14421 14429 14428
f 14421 14422 14430 14429
f 14422 14423 14431 14430
f 14423 14424 14432 14431
f 14424 14425 14433 14432
f 14425 14426 14434 14433
f 14426 14419 14427 14434
f 14427 14428 14436 14435
f 14428 14429 14437 14436
f 14429 14430 14438 14437
f 14430 14431 14439 14438
f 14431 14432 14440 14439
f 14432 14433 14441 14440
f 14433 14434 14442 14441
f 14434 14427 14435 14442
f 14443 14412 14411
f 14444 14435 14436
f 14443 14413 14412
f 14444 14436 14437
f 14443 14414 14413
f 14444 14437 14438
f 14443 14415 14414
f 14444 14438 14439
f 14443 14416 14415
f 14444 14439 14440
f 14443 14417 14416
f 14444 14440 14441
f 14443 14418 14417
f 14444 14441 14442
f 14443 14411 14418
f 14444 14442 14435
g PLANTA
f 14445 14446 14454 14453
f 14446 14447 14455 14454
f 14447 14448 14456 14455
f 14448 14449 14457 14456
f 14449 14450 14458 14457
f 14450 14451 14459 14458
f 14451 14452 14460 14459
f 14452 14445 14453 14460
f 14453 14454 14462 14461
f 14454 14455 14463 14462
f 14455 14456 14464 14463
f 14456 14457 14465 14464
f 14457 14458 14466 14465
f 14458 14459 14467 14466
f 14459 14460 14468 14467
f 14460 14453 14461 14468
f 14461 14462 14470 14469
f 14462 14463 14471 14470
f 14463 14464 14472 14471
f 14464 14465 14473 14472
f 14465 14466 14474 14473
f 14466 14467 14475 14474
f 14467 14468 14476 14475
f 14468 14461 14469 14476
f 14477 14446 14445
f 14478 14469 14470
f 14477 14447 14446
f 14478 14470 14471
f 14477 14448 14447
f 14478 14471 14472
f 14477 14449 14448
f 14478 14472 14473
f 14477 14450 14449
f 14478 14473 14474
f 14477 14451 14450
f 14478 14474 14475
f 14477 14452 14451
f 14478 14475 14476
f 14477 14445 14452
f 14478 14476 14469
g PLANTA
f 14479 14480 14488 14487
f 14480 14481 14489 14488
f 14481 14482 14490 14489
f 14482 14483 14491 14490
f 14483 14484 14492 14491
f 14484 14485 14493 14492
f 14485 14486 14494 14493
f 14486 14479 14487 14494
f 14487 14488 14496 14495
f 14488 14489 14497 14496
f 14489 14490 14498 14497
f 14490 14491 14499 14498
f 14491 14492 14500 14499
f 14492 14493 14501 14500
f 14493 14494 14502 14501
f 14494 14487 14495 14502
f 14495 14496 14504 14503
f 14496 14497 14505 14504
f 14497 14498 14506 14505
f 14498 14499 14507 14506
f 14499 14500 14508 14507
f 14500 14501 14509 14508
f 14501 14502 14510 14509
f 14502 14495 14503 14510
f 14511 14480 14479
f 14512 14503 14504
f 14511 14481 14480
f 14512 14504 14505
f 14511 14482 14481
f 14512 14505 14506
f 14511 14483 14482
f 14512 14506 14507
f 14511 14484 14483
f 14512 14507 14508
f 14511 14485 14484
f 14512 14508 14509
f 14511 14486 14485
f 14512 14509 14510
f 14511 14479 14486
f 14512 14510 14503
g PLANTA
f 14513 14514 14522 14521
f 14514 14515 14523 14522
f 14515 14516 14524 14523
f 14516 14517 14525 14524
f 14517 14518 14526 14525
f 14518 14519 14527 14526
f 14519 14520 14528 14527
f 14520 14513 14521 14528
f 14521 14522 14530 14529
f 14522 14523 14531 14530
f 14523 14524 14532 14531
f 14524 14525 14533 14532
f 14525 14526 14534 14533
f 14526 14527 14535 14534
f 14527 14528 14536 14535
f 14528 14521 14529 14536
f 14529 14530 14538 14537
f 14530 14531 14539 14538
f 14531 14532 14540 14539
f 14532 14533 14541 14540
f 14533 14534 14542 14541
f 14534 14535 14543 14542
f 14535 14536 14544 14543
f 14536 14529 14537 14544
f 14545 14514 14513
f 14546 14537 14538
f 14545 14515 14514
f 14546 14538 14539
f 14545 14516 14515
f 14546 14539 14540
f 14545 14517 14516
f 14546 14540 14541
f 14545 14518 14517
f 14546 14541 14542
f 14545 14519 14518
f 14546 14542 14543
f 14545 14520 14519
f 14546 14543 14544
f 14545 14513 14520
f 14546 14544 14537
g maceta
f 14547 14548 14558 14557
f 14548 14549 14559 14558
f 14549 14550 14560 14559
f 14550 14551 14561 14560
f 14551 14552 14562 14561
f 14552 14553 14563 14562
f 14553 14554 14564 14563
f 14554 14555 14565 14564
f 14555 14556 14566 14565
f 14556 14547 14557 14566
f 14547 14548 14549 14550 14551 14552 14553 14554 14555 14556
f 14566 14565 14564 14563 14562 14561 14560 14559 14558 14557
g tierra
f 14567 14568 14578 14577
f 14568 14569 14579 14578
f 14569 14570 14580 14579
f 14570 14571 14581 14580
f 14571 14572 14582 14581
f 14572 14573 14583 14582
f 14573 14574 14584 14583
f 14574 14575 14585 14584
f 14575 14576 14586 14585
f 14576 14567 14577 14586
f 14567 14568 14569 14570 14571 14572 14573 14574 14575 14576
f 14586 14585 14584 14583 14582 14581 14580 14579 14578 14577
g tronco
f 14587 14588 14598 14597
f 14588 14589 14599 14598
f 14589 14590 14600 14599
f 14590 14591 14601 14600
f 14591 14592 14602 14601
f 14592 14593 14603 14602
f 14593 14594 14604 14603
f 14594 14595 14605 14604
f 14595 14596 14606 14605
f 14596 14587 14597 14606
f 14587 14588 14589 14590 14591 14592 14593 14594 14595 14596
f 14606 14605 14604 14603 14602 14601 14600 14599 14598 14597
g PLANTA
f 14607 14608 14616 14615
f 14608 14609 14617 14616
f 14609 14610 14618 14617
f 14610 14611 14619 14618
f 14611 14612 14620 14619
f 14612 14613 14621 14620
f 14613 14614 14622 14621
f 14614 14607 14615 14622
f 14615 14616 14624 14623
f 14616 14617 14625 14624
f 14617 14618 14626 14625
f 14618 14619 14627 14626
f 14619 14620 14628 14627
f 14620 14621 14629 14628
f 14621 14622 14630 14629
f 14622 14615 14623 14630
f 14623 14624 14632 14631
f 14624 14625 14633 14632
f 14625 14626 14634 14633
f 14626 14627 14635 14634
f 14627 14628 14636 14635
f 14628 14629 14637 14636
f 14629 14630 14638 14637
f 14630 14623 14631 14638
f 14639 14608 14607
f 14640 14631 14632
f 14639 14609 14608
f 14640 14632 14633
f 14639 14610 14609
f 14640 14633 14634
f 14639 14611 14610
f 14640 14634 14635
f 14639 14612 14611
f 14640 14635 14636
f 14639 14613 14612
f 14640 14636 14637
f 14639 14614 14613
f 14640 14637 14638
f 14639 14607 14614
f 14640 14638 14631
g PLANTA
f 14641 14642 14650 14649
f 14642 14643 14651 14650
f 14643 14644 14652 14651
f 14644 14645 14653 14652
f 14645 14646 14654 14653
f 14646 14647 14655 14654
f 14647 14648 14656 14655
f 14648 14641 14649 14656
f 14649 14650 14658 14657
f 14650 14651 14659 14658
f 14651 14652 14660 14659
f 14652 14653 14661 14660
f 14653 14654 14662 14661
f 14654 14655 14663 14662
f 14655 14656 14664 14663
f 14656 14649 14657 14664
f 14657 14658 14666 14665
f 14658 14659 14667 14666
f 14659 14660 14668 14667
f 14660 14661 14669 14668
f 14661 14662 14670 14669
f 14662 14663 14671 14670
f 14663 14664 14672 14671
f 14664 14657 14665 14672
f 14673 14642 14641
f 14674 14665 14666
f 14673 14643 14642
f 14674 14666 14667
f 14673 14644 14643
f 14674 14667 14668
f 14673 14645 14644
f 14674 14668 14669
f 14673 14646 14645
f 14674 14669 14670
f 14673 14647 14646
f 14674 14670 14671
f 14673 14648 14647
f 14674 14671 14672
f 14673 14641 14648
f 14674 14672 14665
g PLANTA
f 14675 14676 14684 14683
f 14676 14677 14685 14684
f 14677 14678 14686 14685
f 14678 14679 14687 14686
f 14679 14680 14688 14687
f 14680 14681 14689 14688
f 14681 14682 14690 14689
f 14682 14675 14683 14690
f 14683 14684 14692 14691
f 14684 14685 14693 14692
f 14685 14686 14694 14693
f 14686 14687 14695 14694
f 14687 14688 14696 14695
f 14688 14689 14697 14696
f 14689 14690 14698 14697
f 14690 14683 14691 14698
f 14691 14692 14700 14699
f 14692 14693 14701 14700
f 14693 14694 14702 14701
f 14694 14695 14703 14702
f 14695 14696 14704 14703
f 14696 14697 14705 14704
f 14697 14698 14706 14705
f 14698 14691 14699 14706
f 14707 14676 14675
f 14708 14699 14700
f 14707 14677 14676
f 14708 14700 14701
f 14707 14678 14677
f 14708 14701 14702
f 14707 14679 14678
f 14708 14702 14703
f 14707 14680 14679
f 14708 14703 14704
f 14707 14681 14680
f 14708 14704 14705
f 14707 14682 14681
f 14708 14705 14706
f 14707 14675 14682
f 14708 14706 14699
g PLANTA
f 14709 14710 14718 14717
f 14710 14711 14719 14718
f 14711 14712 14720 14719
f 14712 14713 14721 14720
f 14713 14714 14722 14721
f 14714 14715 14723 14722
f 14715 14716 14724 14723
f 14716 14709 14717 14724
f 14717 14718 14726 14725
f 14718 14719 14727 14726
f 14719 14720 14728 14727
f 14720 14721 14729 14728
f 14721 14722 14730 14729
f 14722 14723 14731 14730
f 14723 14724 14732 14731
f 14724 14717 14725 14732
f 14725 14726 14734 14733
f 14726 14727 14735 14734
f 14727 14728 14736 14735
f 14728 14729 14737 14736
f 14729 14730 14738 14737
f 14730 14731 14739 14738
f 14731 14732 14740 14739
f 14732 14725 14733 14740
f 14741 14710 14709
f 14742 14733 14734
f 14741 14711 14710
f 14742 14734 14735
f 14741 14712 14711
f 14742 14735 14736
f 14741 14713 14712
f 14742 14736 14737
f 14741 14714 14713
f 14742 14737 14738
f 14741 14715 14714
f 14742 14738 14739
f 14741 14716 14715
f 14742 14739 14740
f 14741 14709 14716
f 14742 14740 14733
g PLANTA
f 14743 14744 14752 14751
f 14744 14745 14753 14752
f 14745 14746 14754 14753
f 14746 14747 14755 14754
f 14747 14748 14756 14755
f 14748 14749 14757 14756
f 14749 14750 14758 14757
f 14750 14743 14751 14758
f 14751 14752 14760 14759
f 14752 14753 14761 14760
f 14753 14754 14762 14761
f 14754 14755 14763 14762
f 14755 14756 14764 14763
f 14756 14757 14765 14764
f 14757 14758 14766 14765
f 14758 14751 14759 14766
f 14759 14760 14768 14767
f 14760 14761 14769 14768
f 14761 14762 14770 14769
f 14762 14763 14771 14770
f 14763 14764 14772 14771
f 14764 14765 14773 14772
f 14765 14766 14774 14773
f 14766 14759 14767 14774
f 14775 14744 14743
f 14776 14767 14768
f 14775 14745 14744
f 14776 14768 14769
f 14775 14746 14745
f 14776 14769 14770
f 14775 14747 14746
f 14776 14770 14771
f 14775 14748 14747
f 14776 14771 14772
f 14775 14749 14748
f 14776 14772 14773
f 14775 14750 14749
f 14776 14773 14774
f 14775 14743 14750
f 14776 14774 14767
g maceta
f 14777 14778 14788 14787
f 14778 14779 14789 14788
f 14779 14780 14790 14789
f 14780 14781 14791 14790
f 14781 14782 14792 14791
f 14782 14783 14793 14792
f 14783 14784 14794 14793
f 14784 14785 14795 14794
f 14785 14786 14796 14795
f 14786 14777 14787 14796
f 14777 14778 14779 14780 14781 14782 14783 14784 14785 14786
f 14796 14795 14794 14793 14792 14791 14790 14789 14788 14787
g tierra
f 14797 14798 14808 14807
f 14798 14799 14809 14808
f 14799 14800 14810 14809
f 14800 14801 14811 14810
f 14801 14802 14812 14811
f 14802 14803 14813 14812
f 14803 14804 14814 14813
f 14804 14805 14815 14814
f 14805 14806 14816 14815
f 14806 14797 14807 14816
f 14797 14798 14799 14800 14801 14802 14803 14804 14805 14806
f 14816 14815 14814 14813 14812 14811 14810 14809 14808 14807
g tronco
f 14817 14818 14828 14827
f 14818 14819 14829 14828
f 14819 14820 14830 14829
f 14820 14821 14831 14830
f 14821 14822 14832 14831
f 14822 14823 14833 14832
f 14823 14824 14834 14833
f 14824 14825 14835 14834
f 14825 14826 14836 14835
f 14826 14817 14827 14836
f 14817 14818 14819 14820 14821 14822 14823 14824 14825 14826
f 14836 14835 14834 14833 14832 14831 14830 14829 14828 14827
g PLANTA
f 14837 14838 14846 14845
f 14838 14839 14847 14846
f 14839 14840 14848 14847
f 14840 14841 14849 14848
f 14841 14842 14850 14849
f 14842 14843 14851 14850
f 14843 14844 14852 14851
f 14844 14837 14845 14852
f 14845 14846 14854 14853
f 14846 14847 14855 14854
f 14847 14848 14856 14855
f 14848 14849 14857 14856
f 14849 14850 14858 14857
f 14850 14851 14859 14858
f 14851 14852 14860 14859
f 14852 14845 14853 14860
f 14853 14854 14862 14861
f 14854 14855 14863 14862
f 14855 14856 14864 14863
f 14856 14857 14865 14864
f 14857 14858 14866 14865
f 14858 14859 14867 14866
f 14859 14860 14868 14867
f 14860 14853 14861 14868
f 14869 14838 14837
f 14870 14861 14862
f 14869 14839 14838
f 14870 14862 14863
f 14869 14840 14839
f 14870 14863 14864
f 14869 14841 14840
f 14870 14864 14865
f 14869 14842 14841
f 14870 14865 14866
f 14869 14843 14842
f 14870 14866 14867
f 14869 14844 14843
f 14870 14867 14868
f 14869 14837 14844
f 14870 14868 14861
g PLANTA
f 14871 14872 14880 14879
f 14872 14873 14881 14880
f 14873 14874 14882 14881
f 14874 14875 14883 14882
f 14875 14876 14884 14883
f 14876 14877 14885 14884
f 14877 14878 14886 14885
f 14878 14871 14879 14886
f 14879 14880 14888 14887
f 14880 14881 14889 14888
f 14881 14882 14890 14889
f 14882 14883 14891 14890
f 14883 14884 14892 14891
f 14884 14885 14893 14892
f 14885 14886 14894 14893
f 14886 14879 14887 14894
f 14887 14888 14896 14895
f 14888 14889 14897 14896
f 14889 14890 14898 14897
f 14890 14891 14899 14898
f 14891 14892 14900 14899
f 14892 14893 14901 14900
f 14893 14894 14902 14901
f 14894 14887 14895 14902
f 14903 14872 14871
f 14904 14895 14896
f 14903 14873 14872
f 14904 14896 14897
f 14903 14874 14873
f 14904 14897 14898
f 14903 14875 14874
f 14904 14898 14899
f 14903 14876 14875
f 14904 14899 14900
f 14903 14877 14876
f 14904 14900 14901
f 14903 14878 14877
f 14904 14901 14902
f 14903 14871 14878
f 14904 14902 14895
g PLANTA
f 14905 14906 14914 14913
f 14906 14907 14915 14914
f 14907 14908 14916 14915
f 14908 14909 14917 14916
f 14909 14910 14918 14917
f 14910 14911 14919 14918
f 14911 14912 14920 14919
f 14912 14905 14913 14920
f 14913 14914 14922 14921
f 14914 14915 14923 14922
f 14915 14916 14924 14923
f 14916 14917 14925 14924
f 14917 14918 14926 14925
f 14918 14919 14927 14926
f 14919 14920 14928 14927
f 14920 14913 14921 14928
f 14921 14922 14930 14929
f 14922 14923 14931 14930
f 14923 14924 14932 14931
f 14924 14925 14933 14932
f 14925 14926 14934 14933
f 14926 14927 14935 14934
f 14927 14928 14936 14935
f 14928 14921 14929 14936
f 14937 14906 14905
f 14938 14929 14930
f 14937 14907 14906
f 14938 14930 14931
f 14937 14908 14907
f 14938 14931 14932
f 14937 14909 14908
f 14938 14932 14933
f 14937 14910 14909
f 14938 14933 14934
f 14937 14911 14910
f 14938 14934 14935
f 14937 14912 14911
f 14938 14935 14936
f 14937 14905 14912
f 14938 14936 14929
g PLANTA
f 14939 14940 14948 14947
f 14940 14941 14949 14948
f 14941 14942 14950 14949
f 14942 14943 14951 14950
f 14943 14944 14952 14951
f 14944 14945 14953 14952
f 14945 14946 14954 14953
f 14946 14939 14947 14954
f 14947 14948 14956 14955
f 14948 14949 14957 14956
f 14949 14950 14958 14957
f 14950 14951 14959 14958
f 14951 14952 14960 14959
f 14952 14953 14961 14960
f 14953 14954 14962 14961
f 14954 14947 14955 14962
f 14955 14956 14964 14963
f 14956 14957 14965 14964
f 14957 14958 14966 14965
f 14958 14959 14967 14966
f 14959 14960 14968 14967
f 14960 14961 14969 14968
f 14961 14962 14970 14969
f 14962 14955 14963 14970
f 14971 14940 14939
f 14972 14963 14964
f 14971 14941 14940
f 14972 14964 14965
f 14971 14942 14941
f 14972 14965 14966
f 14971 14943 14942
f 14972 14966 14967
f 14971 14944 14943
f 14972 14967 14968
f 14971 14945 14944
f 14972 14968 14969
f 14971 14946 14945
f 14972 14969 14970
f 14971 14939 14946
f 14972 14970 14963
g PLANTA
f 14973 14974 14982 14981
f 14974 14975 14983 14982
f 14975 14976 14984 14983
f 14976 14977 14985 14984
f 14977 14978 14986 14985
f 14978 14979 14987 14986
f 14979 14980 14988 14987
f 14980 14973 14981 14988
f 14981 14982 14990 14989
f 14982 14983 14991 14990
f 14983 14984 14992 14991
f 14984 14985 14993 14992
f 14985 14986 14994 14993
f 14986 14987 14995 14994
f 14987 14988 14996 14995
f 14988 14981 14989 14996
f 14989 14990 14998 14997
f 14990 14991 14999 14998
f 14991 14992 15000 14999
f 14992 14993 15001 15000
f 14993 14994 15002 15001
f 14994 14995 15003 15002
f 14995 14996 15004 15003
f 14996 14989 14997 15004
f 15005 14974 14973
f 15006 14997 14998
f 15005 14975 14974
f 15006 14998 14999
f 15005 14976 14975
f 15006 14999 15000
f 15005 14977 14976
f 15006 15000 15001
f 15005 14978 14977
f 15006 15001 15002
f 15005 14979 14978
f 15006 15002 15003
f 15005 14980 14979
f 15006 15003 15004
f 15005 14973 14980
f 15006 15004 14997
g maceta
f 15007 15008 15018 15017
f 15008 15009 15019 15018
f 15009 15010 15020 15019
f 15010 15011 15021 15020
f 15011 15012 15022 15021
f 15012 15013 15023 15022
f 15013 15014 15024 15023
f 15014 15015 15025 15024
f 15015 15016 15026 15025
f 15016 15007 15017 15026
f 15007 15008 15009 15010 15011 15012 15013 15014 15015 15016
f 15026 15025 15024 15023 15022 15021 15020 15019 15018 15017
g PLANTA
f 15027 15028 15038 15037
f 15028 15029 15039 15038
f 15029 15030 15040 15039
f 15030 15031 15041 15040
f 15031 15032 15042 15041
f 15032 15033 15043 15042
f 15033 15034 15044 15043
f 15034 15035 15045 15044
f 15035 15036 15046 15045
f 15036 15027 15037 15046
f 15027 15028 15029 15030 15031 15032 15033 15034 15035 15036
f 15046 15045 15044 15043 15042 15041 15040 15039 15038 15037
g PAPELERA
f 15047 15048 15058 15057
f 15048 15049 15059 15058
f 15049 15050 15060 15059
f 15050 15051 15061 15060
f 15051 15052 15062 15061
f 15052 15053 15063 15062
f 15053 15054 15064 15063
f 15054 15055 15065 15064
f 15055 15056 15066 15065
f 15056 15047 15057 15066
f 15047 15048 15049 15050 15051 15052 15053 15054 15055 15056
f 15066 15065 15064 15063 15062 15061 15060 15059 15058 15057
g PAPELERA
f 15067 15068 15078 15077
f 15068 15069 15079 15078
f 15069 15070 15080 15079
f 15070 15071 15081 15080
f 15071 15072 15082 15081
f 15072 15073 15083 15082
f 15073 15074 15084 15083
f 15074 15075 15085 15084
f 15075 15076 15086 15085
f 15076 15067 15077 15086
f 15067 15068 15069 15070 15071 15072 15073 15074 15075 15076
f 15086 15085 15084 15083 15082 15081 15080 15079 15078 15077
g PAPELERA
f 15087 15088 15098 15097
f 15088 15089 15099 15098
f 15089 15090 15100 15099
f 15090 15091 15101 15100
f 15091 15092 15102 15101
f 15092 15093 15103 15102
f 15093 15094 15104 15103
f 15094 15095 15105 15104
f 15095 15096 15106 15105
f 15096 15087 15097 15106
f 15087 15088 15089 15090 15091 15092 15093 15094 15095 15096
f 15106 15105 15104 15103 15102 15101 15100 15099 15098 15097
g PAPELERA
f 15107 15108 15118 15117
f 15108 15109 15119 15118
f 15109 15110 15120 15119
f 15110 15111 15121 15120
f 15111 15112 15122 15121
f 15112 15113 15123 15122
f 15113 15114 15124 15123
f 15114 15115 15125 15124
f 15115 15116 15126 15125
f 15116 15107 15117 15126
f 15107 15108 15109 15110 15111 15112 15113 15114 15115 15116
f 15126 15125 15124 15123 15122 15121 15120 15119 15118 15117
g PAPELERA
f 15127 15128 15138 15137
f 15128 15129 15139 15138
f 15129 15130 15140 15139
f 15130 15131 15141 15140
f 15131 15132 15142 15141
f 15132 15133 15143 15142
f 15133 15134 15144 15143
f 15134 15135 15145 15144
f 15135 15136 15146 15145
f 15136 15127 15137 15146
f 15127 15128 15129 15130 15131 15132 15133 15134 15135 15136
f 15146 15145 15144 15143 15142 15141 15140 15139 15138 15137
g lampara_base
f 15147 15148 15158 15157
f 15148 15149 15159 15158
f 15149 15150 15160 15159
f 15150 15151 15161 15160
f 15151 15152 15162 15161
f 15152 15153 15163 15162
f 15153 15154 15164 15163
f 15154 15155 15165 15164
f 15155 15156 15166 15165
f 15156 15147 15157 15166
f 15147 15148 15149 15150 15151 15152 15153 15154 15155 15156
f 15166 15165 15164 15163 15162 15161 15160 15159 15158 15157
g lampara_vastago
f 15167 15168 15178 15177
f 15168 15169 15179 15178
f 15169 15170 15180 15179
f 15170 15171 15181 15180
f 15171 15172 15182 15181
f 15172 15173 15183 15182
f 15173 15174 15184 15183
f 15174 15175 15185 15184
f 15175 15176 15186 15185
f 15176 15167 15177 15186
f 15167 15168 15169 15170 15171 15172 15173 15174 15175 15176
f 15186 15185 15184 15183 15182 15181 15180 15179 15178 15177
g LAMPARA_PANTALLA
f 15187 15188 15198 15197
f 15188 15189 15199 15198
f 15189 15190 15200 15199
f 15190 15191 15201 15200
f 15191 15192 15202 15201
f 15192 15193 15203 15202
f 15193 15194 15204 15203
f 15194 15195 15205 15204
f 15195 15196 15206 15205
f 15196 15187 15197 15206
f 15187 15188 15189 15190 15191 15192 15193 15194 15195 15196
f 15206 15205 15204 15203 15202 15201 15200 15199 15198 15197
g monitor_base
f 15207 15208 15218 15217
f 15208 15209 15219 15218
f 15209 15210 15220 15219
f 15210 15211 15221 15220
f 15211 15212 15222 15221
f 15212 15213 15223 15222
f 15213 15214 15224 15223
f 15214 15215 15225 15224
f 15215 15216 15226 15225
f 15216 15207 15217 15226
f 15207 15208 15209 15210 15211 15212 15213 15214 15215 15216
f 15226 15225 15224 15223 15222 15221 15220 15219 15218 15217
g monitor_cuello
f 15227 15228 15238 15237
f 15228 15229 15239 15238
f 15229 15230 15240 15239
f 15230 15231 15241 15240
f 15231 15232 15242 15241
f 15232 15233 15243 15242
f 15233 15234 15244 15243
f 15234 15235 15245 15244
f 15235 15236 15246 15245
f 15236 15227 15237 15246
f 15227 15228 15229 15230 15231 15232 15233 15234 15235 15236
f 15246 15245 15244 15243 15242 15241 15240 15239 15238 15237
g monitor_carcasa
f 15247 15248 15249 15250
f 15251 15254 15253 15252
f 15247 15251 15252 15248
f 15248 15252 15253 15249
f 15249 15253 15254 15250
f 15250 15254 15251 15247
g MONITOR_PANEL
f 15255 15256 15257 15258
f 15259 15262 15261 15260
f 15255 15259 15260 15256
f 15256 15260 15261 15257
f 15257 15261 15262 15258
f 15258 15262 15259 15255
g monitor_base
f 15263 15264 15274 15273
f 15264 15265 15275 15274
f 15265 15266 15276 15275
f 15266 15267 15277 15276
f 15267 15268 15278 15277
f 15268 15269 15279 15278
f 15269 15270 15280 15279
f 15270 15271 15281 15280
f 15271 15272 15282 15281
f 15272 15263 15273 15282
f 15263 15264 15265 15266 15267 15268 15269 15270 15271 15272
f 15282 15281 15280 15279 15278 15277 15276 15275 15274 15273
g monitor_cuello
f 15283 15284 15294 15293
f 15284 15285 15295 15294
f 15285 15286 15296 15295
f 15286 15287 15297 15296
f 15287 15288 15298 15297
f 15288 15289 15299 15298
f 15289 15290 15300 15299
f 15290 15291 15301 15300
f 15291 15292 15302 15301
f 15292 15283 15293 15302
f 15283 15284 15285 15286 15287 15288 15289 15290 15291 15292
f 15302 15301 15300 15299 15298 15297 15296 15295 15294 15293
g monitor_carcasa
f 15303 15304 15305 15306
f 15307 15310 15309 15308
f 15303 15307 15308 15304
f 15304 15308 15309 15305
f 15305 15309 15310 15306
f 15306 15310 15307 15303
g MONITOR_PANEL
f 15311 15312 15313 15314
f 15315 15318 15317 15316
f 15311 15315 15316 15312
f 15312 15316 15317 15313
f 15313 15317 15318 15314
f 15314 15318 15315 15311
g monitor_base
f 15319 15320 15330 15329
f 15320 15321 15331 15330
f 15321 15322 15332 15331
f 15322 15323 15333 15332
f 15323 15324 15334 15333
f 15324 15325 15335 15334
f 15325 15326 15336 15335
f 15326 15327 15337 15336
f 15327 15328 15338 15337
f 15328 15319 15329 15338
f 15319 15320 15321 15322 15323 15324 15325 15326 15327 15328
f 15338 15337 15336 15335 15334 15333 15332 15331 15330 15329
g monitor_cuello
f 15339 15340 15350 15349
f 15340 15341 15351 15350
f 15341 15342 15352 15351
f 15342 15343 15353 15352
f 15343 15344 15354 15353
f 15344 15345 15355 15354
f 15345 15346 15356 15355
f 15346 15347 15357 15356
f 15347 15348 15358 15357
f 15348 15339 15349 15358
f 15339 15340 15341 15342 15343 15344 15345 15346 15347 15348
f 15358 15357 15356 15355 15354 15353 15352 15351 15350 15349
g monitor_carcasa
f 15359 15360 15361 15362
f 15363 15366 15365 15364
f 15359 15363 15364 15360
f 15360 15364 15365 15361
f 15361 15365 15366 15362
f 15362 15366 15363 15359
g MONITOR_PANEL
f 15367 15368 15369 15370
f 15371 15374 15373 15372
f 15367 15371 15372 15368
f 15368 15372 15373 15369
f 15369 15373 15374 15370
f 15370 15374 15371 15367
g monitor_base
f 15375 15376 15386 15385
f 15376 15377 15387 15386
f 15377 15378 15388 15387
f 15378 15379 15389 15388
f 15379 15380 15390 15389
f 15380 15381 15391 15390
f 15381 15382 15392 15391
f 15382 15383 15393 15392
f 15383 15384 15394 15393
f 15384 15375 15385 15394
f 15375 15376 15377 15378 15379 15380 15381 15382 15383 15384
f 15394 15393 15392 15391 15390 15389 15388 15387 15386 15385
g monitor_cuello
f 15395 15396 15406 15405
f 15396 15397 15407 15406
f 15397 15398 15408 15407
f 15398 15399 15409 15408
f 15399 15400 15410 15409
f 15400 15401 15411 15410
f 15401 15402 15412 15411
f 15402 15403 15413 15412
f 15403 15404 15414 15413
f 15404 15395 15405 15414
f 15395 15396 15397 15398 15399 15400 15401 15402 15403 15404
f 15414 15413 15412 15411 15410 15409 15408 15407 15406 15405
g monitor_carcasa
f 15415 15416 15417 15418
f 15419 15422 15421 15420
f 15415 15419 15420 15416
f 15416 15420 15421 15417
f 15417 15421 15422 15418
f 15418 15422 15419 15415
g MONITOR_PANEL
f 15423 15424 15425 15426
f 15427 15430 15429 15428
f 15423 15427 15428 15424
f 15424 15428 15429 15425
f 15425 15429 15430 15426
f 15426 15430 15427 15423
g monitor_base
f 15431 15432 15442 15441
f 15432 15433 15443 15442
f 15433 15434 15444 15443
f 15434 15435 15445 15444
f 15435 15436 15446 15445
f 15436 15437 15447 15446
f 15437 15438 15448 15447
f 15438 15439 15449 15448
f 15439 15440 15450 15449
f 15440 15431 15441 15450
f 15431 15432 15433 15434 15435 15436 15437 15438 15439 15440
f 15450 15449 15448 15447 15446 15445 15444 15443 15442 15441
g monitor_cuello
f 15451 15452 15462 15461
f 15452 15453 15463 15462
f 15453 15454 15464 15463
f 15454 15455 15465 15464
f 15455 15456 15466 15465
f 15456 15457 15467 15466
f 15457 15458 15468 15467
f 15458 15459 15469 15468
f 15459 15460 15470 15469
f 15460 15451 15461 15470
f 15451 15452 15453 15454 15455 15456 15457 15458 15459 15460
f 15470 15469 15468 15467 15466 15465 15464 15463 15462 15461
g monitor_carcasa
f 15471 15472 15473 15474
f 15475 15478 15477 15476
f 15471 15475 15476 15472
f 15472 15476 15477 15473
f 15473 15477 15478 15474
f 15474 15478 15475 15471
g MONITOR_PANEL
f 15479 15480 15481 15482
f 15483 15486 15485 15484
f 15479 15483 15484 15480
f 15480 15484 15485 15481
f 15481 15485 15486 15482
f 15482 15486 15483 15479
g monitor_base
f 15487 15488 15498 15497
f 15488 15489 15499 15498
f 15489 15490 15500 15499
f 15490 15491 15501 15500
f 15491 15492 15502 15501
f 15492 15493 15503 15502
f 15493 15494 15504 15503
f 15494 15495 15505 15504
f 15495 15496 15506 15505
f 15496 15487 15497 15506
f 15487 15488 15489 15490 15491 15492 15493 15494 15495 15496
f 15506 15505 15504 15503 15502 15501 15500 15499 15498 15497
g monitor_cuello
f 15507 15508 15518 15517
f 15508 15509 15519 15518
f 15509 15510 15520 15519
f 15510 15511 15521 15520
f 15511 15512 15522 15521
f 15512 15513 15523 15522
f 15513 15514 15524 15523
f 15514 15515 15525 15524
f 15515 15516 15526 15525
f 15516 15507 15517 15526
f 15507 15508 15509 15510 15511 15512 15513 15514 15515 15516
f 15526 15525 15524 15523 15522 15521 15520 15519 15518 15517
g monitor_carcasa
f 15527 15528 15529 15530
f 15531 15534 15533 15532
f 15527 15531 15532 15528
f 15528 15532 15533 15529
f 15529 15533 15534 15530
f 15530 15534 15531 15527
g MONITOR_PANEL
f 15535 15536 15537 15538
f 15539 15542 15541 15540
f 15535 15539 15540 15536
f 15536 15540 15541 15537
f 15537 15541 15542 15538
f 15538 15542 15539 15535
g monitor_base
f 15543 15544 15554 15553
f 15544 15545 15555 15554
f 15545 15546 15556 15555
f 15546 15547 15557 15556
f 15547 15548 15558 15557
f 15548 15549 15559 15558
f 15549 15550 15560 15559
f 15550 15551 15561 15560
f 15551 15552 15562 15561
f 15552 15543 15553 15562
f 15543 15544 15545 15546 15547 15548 15549 15550 15551 15552
f 15562 15561 15560 15559 15558 15557 15556 15555 15554 15553
g monitor_cuello
f 15563 15564 15574 15573
f 15564 15565 15575 15574
f 15565 15566 15576 15575
f 15566 15567 15577 15576
f 15567 15568 15578 15577
f 15568 15569 15579 15578
f 15569 15570 15580 15579
f 15570 15571 15581 15580
f 15571 15572 15582 15581
f 15572 15563 15573 15582
f 15563 15564 15565 15566 15567 15568 15569 15570 15571 15572
f 15582 15581 15580 15579 15578 15577 15576 15575 15574 15573
g monitor_carcasa
f 15583 15584 15585 15586
f 15587 15590 15589 15588
f 15583 15587 15588 15584
f 15584 15588 15589 15585
f 15585 15589 15590 15586
f 15586 15590 15587 15583
g MONITOR_PANEL
f 15591 15592 15593 15594
f 15595 15598 15597 15596
f 15591 15595 15596 15592
f 15592 15596 15597 15593
f 15593 15597 15598 15594
f 15594 15598 15595 15591
g monitor_base
f 15599 15600 15610 15609
f 15600 15601 15611 15610
f 15601 15602 15612 15611
f 15602 15603 15613 15612
f 15603 15604 15614 15613
f 15604 15605 15615 15614
f 15605 15606 15616 15615
f 15606 15607 15617 15616
f 15607 15608 15618 15617
f 15608 15599 15609 15618
f 15599 15600 15601 15602 15603 15604 15605 15606 15607 15608
f 15618 15617 15616 15615 15614 15613 15612 15611 15610 15609
g monitor_cuello
f 15619 15620 15630 15629
f 15620 15621 15631 15630
f 15621 15622 15632 15631
f 15622 15623 15633 15632
f 15623 15624 15634 15633
f 15624 15625 15635 15634
f 15625 15626 15636 15635
f 15626 15627 15637 15636
f 15627 15628 15638 15637
f 15628 15619 15629 15638
f 15619 15620 15621 15622 15623 15624 15625 15626 15627 15628
f 15638 15637 15636 15635 15634 15633 15632 15631 15630 15629
g monitor_carcasa
f 15639 15640 15641 15642
f 15643 15646 15645 15644
f 15639 15643 15644 15640
f 15640 15644 15645 15641
f 15641 15645 15646 15642
f 15642 15646 15643 15639
g MONITOR_PANEL
f 15647 15648 15649 15650
f 15651 15654 15653 15652
f 15647 15651 15652 15648
f 15648 15652 15653 15649
f 15649 15653 15654 15650
f 15650 15654 15651 15647
g taza
f 15655 15656 15666 15665
f 15656 15657 15667 15666
f 15657 15658 15668 15667
f 15658 15659 15669 15668
f 15659 15660 15670 15669
f 15660 15661 15671 15670
f 15661 15662 15672 15671
f 15662 15663 15673 15672
f 15663 15664 15674 15673
f 15664 15655 15665 15674
f 15655 15656 15657 15658 15659 15660 15661 15662 15663 15664
f 15674 15673 15672 15671 15670 15669 15668 15667 15666 15665
g cuaderno
f 15675 15676 15677 15678
f 15679 15682 15681 15680
f 15675 15679 15680 15676
f 15676 15680 15681 15677
f 15677 15681 15682 15678
f 15678 15682 15679 15675
g monitor_base
f 15683 15684 15694 15693
f 15684 15685 15695 15694
f 15685 15686 15696 15695
f 15686 15687 15697 15696
f 15687 15688 15698 15697
f 15688 15689 15699 15698
f 15689 15690 15700 15699
f 15690 15691 15701 15700
f 15691 15692 15702 15701
f 15692 15683 15693 15702
f 15683 15684 15685 15686 15687 15688 15689 15690 15691 15692
f 15702 15701 15700 15699 15698 15697 15696 15695 15694 15693
g monitor_cuello
f 15703 15704 15714 15713
f 15704 15705 15715 15714
f 15705 15706 15716 15715
f 15706 15707 15717 15716
f 15707 15708 15718 15717
f 15708 15709 15719 15718
f 15709 15710 15720 15719
f 15710 15711 15721 15720
f 15711 15712 15722 15721
f 15712 15703 15713 15722
f 15703 15704 15705 15706 15707 15708 15709 15710 15711 15712
f 15722 15721 15720 15719 15718 15717 15716 15715 15714 15713
g monitor_carcasa
f 15723 15724 15725 15726
f 15727 15730 15729 15728
f 15723 15727 15728 15724
f 15724 15728 15729 15725
f 15725 15729 15730 15726
f 15726 15730 15727 15723
g MONITOR_PANEL
f 15731 15732 15733 15734
f 15735 15738 15737 15736
f 15731 15735 15736 15732
f 15732 15736 15737 15733
f 15733 15737 15738 15734
f 15734 15738 15735 15731
g monitor_base
f 15739 15740 15750 15749
f 15740 15741 15751 15750
f 15741 15742 15752 15751
f 15742 15743 15753 15752
f 15743 15744 15754 15753
f 15744 15745 15755 15754
f 15745 15746 15756 15755
f 15746 15747 15757 15756
f 15747 15748 15758 15757
f 15748 15739 15749 15758
f 15739 15740 15741 15742 15743 15744 15745 15746 15747 15748
f 15758 15757 15756 15755 15754 15753 15752 15751 15750 15749
g monitor_cuello
f 15759 15760 15770 15769
f 15760 15761 15771 15770
f 15761 15762 15772 15771
f 15762 15763 15773 15772
f 15763 15764 15774 15773
f 15764 15765 15775 15774
f 15765 15766 15776 15775
f 15766 15767 15777 15776
f 15767 15768 15778 15777
f 15768 15759 15769 15778
f 15759 15760 15761 15762 15763 15764 15765 15766 15767 15768
f 15778 15777 15776 15775 15774 15773 15772 15771 15770 15769
g monitor_carcasa
f 15779 15780 15781 15782
f 15783 15786 15785 15784
f 15779 15783 15784 15780
f 15780 15784 15785 15781
f 15781 15785 15786 15782
f 15782 15786 15783 15779
g MONITOR_PANEL
f 15787 15788 15789 15790
f 15791 15794 15793 15792
f 15787 15791 15792 15788
f 15788 15792 15793 15789
f 15789 15793 15794 15790
f 15790 15794 15791 15787
g monitor_base
f 15795 15796 15806 15805
f 15796 15797 15807 15806
f 15797 15798 15808 15807
f 15798 15799 15809 15808
f 15799 15800 15810 15809
f 15800 15801 15811 15810
f 15801 15802 15812 15811
f 15802 15803 15813 15812
f 15803 15804 15814 15813
f 15804 15795 15805 15814
f 15795 15796 15797 15798 15799 15800 15801 15802 15803 15804
f 15814 15813 15812 15811 15810 15809 15808 15807 15806 15805
g monitor_cuello
f 15815 15816 15826 15825
f 15816 15817 15827 15826
f 15817 15818 15828 15827
f 15818 15819 15829 15828
f 15819 15820 15830 15829
f 15820 15821 15831 15830
f 15821 15822 15832 15831
f 15822 15823 15833 15832
f 15823 15824 15834 15833
f 15824 15815 15825 15834
f 15815 15816 15817 15818 15819 15820 15821 15822 15823 15824
f 15834 15833 15832 15831 15830 15829 15828 15827 15826 15825
g monitor_carcasa
f 15835 15836 15837 15838
f 15839 15842 15841 15840
f 15835 15839 15840 15836
f 15836 15840 15841 15837
f 15837 15841 15842 15838
f 15838 15842 15839 15835
g MONITOR_PANEL
f 15843 15844 15845 15846
f 15847 15850 15849 15848
f 15843 15847 15848 15844
f 15844 15848 15849 15845
f 15845 15849 15850 15846
f 15846 15850 15847 15843
g monitor_base
f 15851 15852 15862 15861
f 15852 15853 15863 15862
f 15853 15854 15864 15863
f 15854 15855 15865 15864
f 15855 15856 15866 15865
f 15856 15857 15867 15866
f 15857 15858 15868 15867
f 15858 15859 15869 15868
f 15859 15860 15870 15869
f 15860 15851 15861 15870
f 15851 15852 15853 15854 15855 15856 15857 15858 15859 15860
f 15870 15869 15868 15867 15866 15865 15864 15863 15862 15861
g monitor_cuello
f 15871 15872 15882 15881
f 15872 15873 15883 15882
f 15873 15874 15884 15883
f 15874 15875 15885 15884
f 15875 15876 15886 15885
f 15876 15877 15887 15886
f 15877 15878 15888 15887
f 15878 15879 15889 15888
f 15879 15880 15890 15889
f 15880 15871 15881 15890
f 15871 15872 15873 15874 15875 15876 15877 15878 15879 15880
f 15890 15889 15888 15887 15886 15885 15884 15883 15882 15881
g monitor_carcasa
f 15891 15892 15893 15894
f 15895 15898 15897 15896
f 15891 15895 15896 15892
f 15892 15896 15897 15893
f 15893 15897 15898 15894
f 15894 15898 15895 15891
g MONITOR_PANEL
f 15899 15900 15901 15902
f 15903 15906 15905 15904
f 15899 15903 15904 15900
f 15900 15904 15905 15901
f 15901 15905 15906 15902
f 15902 15906 15903 15899
g monitor_base
f 15907 15908 15918 15917
f 15908 15909 15919 15918
f 15909 15910 15920 15919
f 15910 15911 15921 15920
f 15911 15912 15922 15921
f 15912 15913 15923 15922
f 15913 15914 15924 15923
f 15914 15915 15925 15924
f 15915 15916 15926 15925
f 15916 15907 15917 15926
f 15907 15908 15909 15910 15911 15912 15913 15914 15915 15916
f 15926 15925 15924 15923 15922 15921 15920 15919 15918 15917
g monitor_cuello
f 15927 15928 15938 15937
f 15928 15929 15939 15938
f 15929 15930 15940 15939
f 15930 15931 15941 15940
f 15931 15932 15942 15941
f 15932 15933 15943 15942
f 15933 15934 15944 15943
f 15934 15935 15945 15944
f 15935 15936 15946 15945
f 15936 15927 15937 15946
f 15927 15928 15929 15930 15931 15932 15933 15934 15935 15936
f 15946 15945 15944 15943 15942 15941 15940 15939 15938 15937
g monitor_carcasa
f 15947 15948 15949 15950
f 15951 15954 15953 15952
f 15947 15951 15952 15948
f 15948 15952 15953 15949
f 15949 15953 15954 15950
f 15950 15954 15951 15947
g MONITOR_PANEL
f 15955 15956 15957 15958
f 15959 15962 15961 15960
f 15955 15959 15960 15956
f 15956 15960 15961 15957
f 15957 15961 15962 15958
f 15958 15962 15959 15955
g monitor_base
f 15963 15964 15974 15973
f 15964 15965 15975 15974
f 15965 15966 15976 15975
f 15966 15967 15977 15976
f 15967 15968 15978 15977
f 15968 15969 15979 15978
f 15969 15970 15980 15979
f 15970 15971 15981 15980
f 15971 15972 15982 15981
f 15972 15963 15973 15982
f 15963 15964 15965 15966 15967 15968 15969 15970 15971 15972
f 15982 15981 15980 15979 15978 15977 15976 15975 15974 15973
g monitor_cuello
f 15983 15984 15994 15993
f 15984 15985 15995 15994
f 15985 15986 15996 15995
f 15986 15987 15997 15996
f 15987 15988 15998 15997
f 15988 15989 15999 15998
f 15989 15990 16000 15999
f 15990 15991 16001 16000
f 15991 15992 16002 16001
f 15992 15983 15993 16002
f 15983 15984 15985 15986 15987 15988 15989 15990 15991 15992
f 16002 16001 16000 15999 15998 15997 15996 15995 15994 15993
g monitor_carcasa
f 16003 16004 16005 16006
f 16007 16010 16009 16008
f 16003 16007 16008 16004
f 16004 16008 16009 16005
f 16005 16009 16010 16006
f 16006 16010 16007 16003
g MONITOR_PANEL
f 16011 16012 16013 16014
f 16015 16018 16017 16016
f 16011 16015 16016 16012
f 16012 16016 16017 16013
f 16013 16017 16018 16014
f 16014 16018 16015 16011
g monitor_base
f 16019 16020 16030 16029
f 16020 16021 16031 16030
f 16021 16022 16032 16031
f 16022 16023 16033 16032
f 16023 16024 16034 16033
f 16024 16025 16035 16034
f 16025 16026 16036 16035
f 16026 16027 16037 16036
f 16027 16028 16038 16037
f 16028 16019 16029 16038
f 16019 16020 16021 16022 16023 16024 16025 16026 16027 16028
f 16038 16037 16036 16035 16034 16033 16032 16031 16030 16029
g monitor_cuello
f 16039 16040 16050 16049
f 16040 16041 16051 16050
f 16041 16042 16052 16051
f 16042 16043 16053 16052
f 16043 16044 16054 16053
f 16044 16045 16055 16054
f 16045 16046 16056 16055
f 16046 16047 16057 16056
f 16047 16048 16058 16057
f 16048 16039 16049 16058
f 16039 16040 16041 16042 16043 16044 16045 16046 16047 16048
f 16058 16057 16056 16055 16054 16053 16052 16051 16050 16049
g monitor_carcasa
f 16059 16060 16061 16062
f 16063 16066 16065 16064
f 16059 16063 16064 16060
f 16060 16064 16065 16061
f 16061 16065 16066 16062
f 16062 16066 16063 16059
g MONITOR_PANEL
f 16067 16068 16069 16070
f 16071 16074 16073 16072
f 16067 16071 16072 16068
f 16068 16072 16073 16069
f 16069 16073 16074 16070
f 16070 16074 16071 16067
g monitor_base
f 16075 16076 16086 16085
f 16076 16077 16087 16086
f 16077 16078 16088 16087
f 16078 16079 16089 16088
f 16079 16080 16090 16089
f 16080 16081 16091 16090
f 16081 16082 16092 16091
f 16082 16083 16093 16092
f 16083 16084 16094 16093
f 16084 16075 16085 16094
f 16075 16076 16077 16078 16079 16080 16081 16082 16083 16084
f 16094 16093 16092 16091 16090 16089 16088 16087 16086 16085
g monitor_cuello
f 16095 16096 16106 16105
f 16096 16097 16107 16106
f 16097 16098 16108 16107
f 16098 16099 16109 16108
f 16099 16100 16110 16109
f 16100 16101 16111 16110
f 16101 16102 16112 16111
f 16102 16103 16113 16112
f 16103 16104 16114 16113
f 16104 16095 16105 16114
f 16095 16096 16097 16098 16099 16100 16101 16102 16103 16104
f 16114 16113 16112 16111 16110 16109 16108 16107 16106 16105
g monitor_carcasa
f 16115 16116 16117 16118
f 16119 16122 16121 16120
f 16115 16119 16120 16116
f 16116 16120 16121 16117
f 16117 16121 16122 16118
f 16118 16122 16119 16115
g MONITOR_PANEL
f 16123 16124 16125 16126
f 16127 16130 16129 16128
f 16123 16127 16128 16124
f 16124 16128 16129 16125
f 16125 16129 16130 16126
f 16126 16130 16127 16123
g taza
f 16131 16132 16142 16141
f 16132 16133 16143 16142
f 16133 16134 16144 16143
f 16134 16135 16145 16144
f 16135 16136 16146 16145
f 16136 16137 16147 16146
f 16137 16138 16148 16147
f 16138 16139 16149 16148
f 16139 16140 16150 16149
f 16140 16131 16141 16150
f 16131 16132 16133 16134 16135 16136 16137 16138 16139 16140
f 16150 16149 16148 16147 16146 16145 16144 16143 16142 16141
g cuaderno
f 16151 16152 16153 16154
f 16155 16158 16157 16156
f 16151 16155 16156 16152
f 16152 16156 16157 16153
f 16153 16157 16158 16154
f 16154 16158 16155 16151
g monitor_base
f 16159 16160 16170 16169
f 16160 16161 16171 16170
f 16161 16162 16172 16171
f 16162 16163 16173 16172
f 16163 16164 16174 16173
f 16164 16165 16175 16174
f 16165 16166 16176 16175
f 16166 16167 16177 16176
f 16167 16168 16178 16177
f 16168 16159 16169 16178
f 16159 16160 16161 16162 16163 16164 16165 16166 16167 16168
f 16178 16177 16176 16175 16174 16173 16172 16171 16170 16169
g monitor_cuello
f 16179 16180 16190 16189
f 16180 16181 16191 16190
f 16181 16182 16192 16191
f 16182 16183 16193 16192
f 16183 16184 16194 16193
f 16184 16185 16195 16194
f 16185 16186 16196 16195
f 16186 16187 16197 16196
f 16187 16188 16198 16197
f 16188 16179 16189 16198
f 16179 16180 16181 16182 16183 16184 16185 16186 16187 16188
f 16198 16197 16196 16195 16194 16193 16192 16191 16190 16189
g monitor_carcasa
f 16199 16200 16201 16202
f 16203 16206 16205 16204
f 16199 16203 16204 16200
f 16200 16204 16205 16201
f 16201 16205 16206 16202
f 16202 16206 16203 16199
g MONITOR_PANEL
f 16207 16208 16209 16210
f 16211 16214 16213 16212
f 16207 16211 16212 16208
f 16208 16212 16213 16209
f 16209 16213 16214 16210
f 16210 16214 16211 16207
g monitor_base
f 16215 16216 16226 16225
f 16216 16217 16227 16226
f 16217 16218 16228 16227
f 16218 16219 16229 16228
f 16219 16220 16230 16229
f 16220 16221 16231 16230
f 16221 16222 16232 16231
f 16222 16223 16233 16232
f 16223 16224 16234 16233
f 16224 16215 16225 16234
f 16215 16216 16217 16218 16219 16220 16221 16222 16223 16224
f 16234 16233 16232 16231 16230 16229 16228 16227 16226 16225
g monitor_cuello
f 16235 16236 16246 16245
f 16236 16237 16247 16246
f 16237 16238 16248 16247
f 16238 16239 16249 16248
f 16239 16240 16250 16249
f 16240 16241 16251 16250
f 16241 16242 16252 16251
f 16242 16243 16253 16252
f 16243 16244 16254 16253
f 16244 16235 16245 16254
f 16235 16236 16237 16238 16239 16240 16241 16242 16243 16244
f 16254 16253 16252 16251 16250 16249 16248 16247 16246 16245
g monitor_carcasa
f 16255 16256 16257 16258
f 16259 16262 16261 16260
f 16255 16259 16260 16256
f 16256 16260 16261 16257
f 16257 16261 16262 16258
f 16258 16262 16259 16255
g MONITOR_PANEL
f 16263 16264 16265 16266
f 16267 16270 16269 16268
f 16263 16267 16268 16264
f 16264 16268 16269 16265
f 16265 16269 16270 16266
f 16266 16270 16267 16263
g monitor_base
f 16271 16272 16282 16281
f 16272 16273 16283 16282
f 16273 16274 16284 16283
f 16274 16275 16285 16284
f 16275 16276 16286 16285
f 16276 16277 16287 16286
f 16277 16278 16288 16287
f 16278 16279 16289 16288
f 16279 16280 16290 16289
f 16280 16271 16281 16290
f 16271 16272 16273 16274 16275 16276 16277 16278 16279 16280
f 16290 16289 16288 16287 16286 16285 16284 16283 16282 16281
g monitor_cuello
f 16291 16292 16302 16301
f 16292 16293 16303 16302
f 16293 16294 16304 16303
f 16294 16295 16305 16304
f 16295 16296 16306 16305
f 16296 16297 16307 16306
f 16297 16298 16308 16307
f 16298 16299 16309 16308
f 16299 16300 16310 16309
f 16300 16291 16301 16310
f 16291 16292 16293 16294 16295 16296 16297 16298 16299 16300
f 16310 16309 16308 16307 16306 16305 16304 16303 16302 16301
g monitor_carcasa
f 16311 16312 16313 16314
f 16315 16318 16317 16316
f 16311 16315 16316 16312
f 16312 16316 16317 16313
f 16313 16317 16318 16314
f 16314 16318 16315 16311
g MONITOR_PANEL
f 16319 16320 16321 16322
f 16323 16326 16325 16324
f 16319 16323 16324 16320
f 16320 16324 16325 16321
f 16321 16325 16326 16322
f 16322 16326 16323 16319
g monitor_base
f 16327 16328 16338 16337
f 16328 16329 16339 16338
f 16329 16330 16340 16339
f 16330 16331 16341 16340
f 16331 16332 16342 16341
f 16332 16333 16343 16342
f 16333 16334 16344 16343
f 16334 16335 16345 16344
f 16335 16336 16346 16345
f 16336 16327 16337 16346
f 16327 16328 16329 16330 16331 16332 16333 16334 16335 16336
f 16346 16345 16344 16343 16342 16341 16340 16339 16338 16337
g monitor_cuello
f 16347 16348 16358 16357
f 16348 16349 16359 16358
f 16349 16350 16360 16359
f 16350 16351 16361 16360
f 16351 16352 16362 16361
f 16352 16353 16363 16362
f 16353 16354 16364 16363
f 16354 16355 16365 16364
f 16355 16356 16366 16365
f 16356 16347 16357 16366
f 16347 16348 16349 16350 16351 16352 16353 16354 16355 16356
f 16366 16365 16364 16363 16362 16361 16360 16359 16358 16357
g monitor_carcasa
f 16367 16368 16369 16370
f 16371 16374 16373 16372
f 16367 16371 16372 16368
f 16368 16372 16373 16369
f 16369 16373 16374 16370
f 16370 16374 16371 16367
g MONITOR_PANEL
f 16375 16376 16377 16378
f 16379 16382 16381 16380
f 16375 16379 16380 16376
f 16376 16380 16381 16377
f 16377 16381 16382 16378
f 16378 16382 16379 16375
g monitor_base
f 16383 16384 16394 16393
f 16384 16385 16395 16394
f 16385 16386 16396 16395
f 16386 16387 16397 16396
f 16387 16388 16398 16397
f 16388 16389 16399 16398
f 16389 16390 16400 16399
f 16390 16391 16401 16400
f 16391 16392 16402 16401
f 16392 16383 16393 16402
f 16383 16384 16385 16386 16387 16388 16389 16390 16391 16392
f 16402 16401 16400 16399 16398 16397 16396 16395 16394 16393
g monitor_cuello
f 16403 16404 16414 16413
f 16404 16405 16415 16414
f 16405 16406 16416 16415
f 16406 16407 16417 16416
f 16407 16408 16418 16417
f 16408 16409 16419 16418
f 16409 16410 16420 16419
f 16410 16411 16421 16420
f 16411 16412 16422 16421
f 16412 16403 16413 16422
f 16403 16404 16405 16406 16407 16408 16409 16410 16411 16412
f 16422 16421 16420 16419 16418 16417 16416 16415 16414 16413
g monitor_carcasa
f 16423 16424 16425 16426
f 16427 16430 16429 16428
f 16423 16427 16428 16424
f 16424 16428 16429 16425
f 16425 16429 16430 16426
f 16426 16430 16427 16423
g MONITOR_PANEL
f 16431 16432 16433 16434
f 16435 16438 16437 16436
f 16431 16435 16436 16432
f 16432 16436 16437 16433
f 16433 16437 16438 16434
f 16434 16438 16435 16431
g monitor_base
f 16439 16440 16450 16449
f 16440 16441 16451 16450
f 16441 16442 16452 16451
f 16442 16443 16453 16452
f 16443 16444 16454 16453
f 16444 16445 16455 16454
f 16445 16446 16456 16455
f 16446 16447 16457 16456
f 16447 16448 16458 16457
f 16448 16439 16449 16458
f 16439 16440 16441 16442 16443 16444 16445 16446 16447 16448
f 16458 16457 16456 16455 16454 16453 16452 16451 16450 16449
g monitor_cuello
f 16459 16460 16470 16469
f 16460 16461 16471 16470
f 16461 16462 16472 16471
f 16462 16463 16473 16472
f 16463 16464 16474 16473
f 16464 16465 16475 16474
f 16465 16466 16476 16475
f 16466 16467 16477 16476
f 16467 16468 16478 16477
f 16468 16459 16469 16478
f 16459 16460 16461 16462 16463 16464 16465 16466 16467 16468
f 16478 16477 16476 16475 16474 16473 16472 16471 16470 16469
g monitor_carcasa
f 16479 16480 16481 16482
f 16483 16486 16485 16484
f 16479 16483 16484 16480
f 16480 16484 16485 16481
f 16481 16485 16486 16482
f 16482 16486 16483 16479
g MONITOR_PANEL
f 16487 16488 16489 16490
f 16491 16494 16493 16492
f 16487 16491 16492 16488
f 16488 16492 16493 16489
f 16489 16493 16494 16490
f 16490 16494 16491 16487
g monitor_base
f 16495 16496 16506 16505
f 16496 16497 16507 16506
f 16497 16498 16508 16507
f 16498 16499 16509 16508
f 16499 16500 16510 16509
f 16500 16501 16511 16510
f 16501 16502 16512 16511
f 16502 16503 16513 16512
f 16503 16504 16514 16513
f 16504 16495 16505 16514
f 16495 16496 16497 16498 16499 16500 16501 16502 16503 16504
f 16514 16513 16512 16511 16510 16509 16508 16507 16506 16505
g monitor_cuello
f 16515 16516 16526 16525
f 16516 16517 16527 16526
f 16517 16518 16528 16527
f 16518 16519 16529 16528
f 16519 16520 16530 16529
f 16520 16521 16531 16530
f 16521 16522 16532 16531
f 16522 16523 16533 16532
f 16523 16524 16534 16533
f 16524 16515 16525 16534
f 16515 16516 16517 16518 16519 16520 16521 16522 16523 16524
f 16534 16533 16532 16531 16530 16529 16528 16527 16526 16525
g monitor_carcasa
f 16535 16536 16537 16538
f 16539 16542 16541 16540
f 16535 16539 16540 16536
f 16536 16540 16541 16537
f 16537 16541 16542 16538
f 16538 16542 16539 16535
g MONITOR_PANEL
f 16543 16544 16545 16546
f 16547 16550 16549 16548
f 16543 16547 16548 16544
f 16544 16548 16549 16545
f 16545 16549 16550 16546
f 16546 16550 16547 16543
g monitor_base
f 16551 16552 16562 16561
f 16552 16553 16563 16562
f 16553 16554 16564 16563
f 16554 16555 16565 16564
f 16555 16556 16566 16565
f 16556 16557 16567 16566
f 16557 16558 16568 16567
f 16558 16559 16569 16568
f 16559 16560 16570 16569
f 16560 16551 16561 16570
f 16551 16552 16553 16554 16555 16556 16557 16558 16559 16560
f 16570 16569 16568 16567 16566 16565 16564 16563 16562 16561
g monitor_cuello
f 16571 16572 16582 16581
f 16572 16573 16583 16582
f 16573 16574 16584 16583
f 16574 16575 16585 16584
f 16575 16576 16586 16585
f 16576 16577 16587 16586
f 16577 16578 16588 16587
f 16578 16579 16589 16588
f 16579 16580 16590 16589
f 16580 16571 16581 16590
f 16571 16572 16573 16574 16575 16576 16577 16578 16579 16580
f 16590 16589 16588 16587 16586 16585 16584 16583 16582 16581
g monitor_carcasa
f 16591 16592 16593 16594
f 16595 16598 16597 16596
f 16591 16595 16596 16592
f 16592 16596 16597 16593
f 16593 16597 16598 16594
f 16594 16598 16595 16591
g MONITOR_PANEL
f 16599 16600 16601 16602
f 16603 16606 16605 16604
f 16599 16603 16604 16600
f 16600 16604 16605 16601
f 16601 16605 16606 16602
f 16602 16606 16603 16599
g taza
f 16607 16608 16618 16617
f 16608 16609 16619 16618
f 16609 16610 16620 16619
f 16610 16611 16621 16620
f 16611 16612 16622 16621
f 16612 16613 16623 16622
f 16613 16614 16624 16623
f 16614 16615 16625 16624
f 16615 16616 16626 16625
f 16616 16607 16617 16626
f 16607 16608 16609 16610 16611 16612 16613 16614 16615 16616
f 16626 16625 16624 16623 16622 16621 16620 16619 16618 16617
g cuaderno
f 16627 16628 16629 16630
f 16631 16634 16633 16632
f 16627 16631 16632 16628
f 16628 16632 16633 16629
f 16629 16633 16634 16630
f 16630 16634 16631 16627
g taza
f 16635 16636 16646 16645
f 16636 16637 16647 16646
f 16637 16638 16648 16647
f 16638 16639 16649 16648
f 16639 16640 16650 16649
f 16640 16641 16651 16650
f 16641 16642 16652 16651
f 16642 16643 16653 16652
f 16643 16644 16654 16653
f 16644 16635 16645 16654
f 16635 16636 16637 16638 16639 16640 16641 16642 16643 16644
f 16654 16653 16652 16651 16650 16649 16648 16647 16646 16645
g taza
f 16655 16656 16666 16665
f 16656 16657 16667 16666
f 16657 16658 16668 16667
f 16658 16659 16669 16668
f 16659 16660 16670 16669
f 16660 16661 16671 16670
f 16661 16662 16672 16671
f 16662 16663 16673 16672
f 16663 16664 16674 16673
f 16664 16655 16665 16674
f 16655 16656 16657 16658 16659 16660 16661 16662 16663 16664
f 16674 16673 16672 16671 16670 16669 16668 16667 16666 16665
g cuaderno
f 16675 16676 16677 16678
f 16679 16682 16681 16680
f 16675 16679 16680 16676
f 16676 16680 16681 16677
f 16677 16681 16682 16678
f 16678 16682 16679 16675
g cuaderno
f 16683 16684 16685 16686
f 16687 16690 16689 16688
f 16683 16687 16688 16684
f 16684 16688 16689 16685
f 16685 16689 16690 16686
f 16686 16690 16687 16683
g monitor_base
f 16691 16692 16702 16701
f 16692 16693 16703 16702
f 16693 16694 16704 16703
f 16694 16695 16705 16704
f 16695 16696 16706 16705
f 16696 16697 16707 16706
f 16697 16698 16708 16707
f 16698 16699 16709 16708
f 16699 16700 16710 16709
f 16700 16691 16701 16710
f 16691 16692 16693 16694 16695 16696 16697 16698 16699 16700
f 16710 16709 16708 16707 16706 16705 16704 16703 16702 16701
g monitor_cuello
f 16711 16712 16722 16721
f 16712 16713 16723 16722
f 16713 16714 16724 16723
f 16714 16715 16725 16724
f 16715 16716 16726 16725
f 16716 16717 16727 16726
f 16717 16718 16728 16727
f 16718 16719 16729 16728
f 16719 16720 16730 16729
f 16720 16711 16721 16730
f 16711 16712 16713 16714 16715 16716 16717 16718 16719 16720
f 16730 16729 16728 16727 16726 16725 16724 16723 16722 16721
g monitor_carcasa
f 16731 16732 16733 16734
f 16735 16738 16737 16736
f 16731 16735 16736 16732
f 16732 16736 16737 16733
f 16733 16737 16738 16734
f 16734 16738 16735 16731
g MONITOR_PANEL
f 16739 16740 16741 16742
f 16743 16746 16745 16744
f 16739 16743 16744 16740
f 16740 16744 16745 16741
f 16741 16745 16746 16742
f 16742 16746 16743 16739
g taza
f 16747 16748 16758 16757
f 16748 16749 16759 16758
f 16749 16750 16760 16759
f 16750 16751 16761 16760
f 16751 16752 16762 16761
f 16752 16753 16763 16762
f 16753 16754 16764 16763
f 16754 16755 16765 16764
f 16755 16756 16766 16765
f 16756 16747 16757 16766
f 16747 16748 16749 16750 16751 16752 16753 16754 16755 16756
f 16766 16765 16764 16763 16762 16761 16760 16759 16758 16757
